# 3ds Max Wavefront OBJ Exporter v0.97b - (c)2007 guruware
# File Created: 26.01.2021 13:56:44

mtllib crates_barrel.mtl

#
# object wooden_barrel
#

v  142.5143 5.6473 -215.6794
v  140.6686 17.0439 -213.8431
v  131.8218 17.0439 -229.1888
v  134.3393 5.6473 -229.8598
v  156.7071 5.6473 -207.4862
v  156.0278 17.0439 -204.9766
v  173.1148 5.6473 -207.4757
v  173.7839 17.0439 -204.9652
v  187.3409 5.6473 -215.6507
v  189.1791 17.0439 -213.8120
v  195.5736 5.6473 -229.8206
v  198.0883 17.0439 -229.1464
v  195.6069 5.6473 -246.1886
v  198.1244 17.0439 -246.8596
v  187.4319 5.6473 -260.3690
v  189.2776 17.0439 -262.2054
v  173.2391 5.6473 -268.5622
v  173.9184 17.0439 -271.0718
v  156.8314 5.6473 -268.5727
v  156.1623 17.0439 -271.0832
v  142.6053 5.6473 -260.3978
v  140.7671 17.0439 -262.2364
v  134.3726 5.6473 -246.2279
v  131.8579 17.0439 -246.9021
v  131.3427 17.0435 -229.0611
v  140.3179 17.0435 -213.4926
v  139.7527 23.1728 -212.9302
v  130.5718 23.1728 -228.8557
v  155.8994 17.0436 -204.4977
v  155.6913 23.1729 -203.7292
v  189.5288 17.0436 -213.4606
v  198.5669 17.0435 -229.0169
v  199.3371 23.1728 -228.8105
v  190.0918 23.1729 -212.8975
v  198.6035 17.0435 -246.9873
v  199.3744 23.1728 -247.1927
v  189.6283 17.0435 -262.5558
v  190.1935 23.1728 -263.1182
v  174.0468 17.0436 -271.5507
v  174.2549 23.1729 -272.3192
v  156.0347 17.0437 -271.5623
v  155.8297 23.1729 -272.3311
v  140.4174 17.0436 -262.5879
v  139.8544 23.1729 -263.1509
v  131.3793 17.0435 -247.0315
v  130.6091 23.1728 -247.2380
v  145.3801 0.0000 -218.5306
v  138.2482 0.0000 -230.9016
v  138.2482 1.2704 -230.9016
v  145.3801 1.2704 -218.5306
v  138.2773 0.0000 -245.1811
v  138.2773 1.2704 -245.1810
v  145.4595 0.0000 -257.5428
v  145.4595 1.2704 -257.5428
v  157.8703 0.0000 -264.6747
v  157.8703 1.2704 -264.6747
v  172.1843 0.0000 -264.6655
v  172.1843 1.2704 -264.6655
v  184.5661 0.0000 -257.5178
v  184.5661 1.2704 -257.5178
v  191.6980 0.0000 -245.1468
v  191.6980 1.2704 -245.1468
v  191.6689 0.0000 -230.8673
v  191.6689 1.2704 -230.8673
v  184.4867 0.0000 -218.5055
v  184.4867 1.2704 -218.5055
v  172.0759 0.0000 -211.3737
v  172.0759 1.2704 -211.3737
v  157.7619 0.0000 -211.3829
v  157.7618 1.2704 -211.3829
v  173.9116 17.0436 -204.4861
v  174.1165 23.1729 -203.7173
v  134.3393 84.3527 -229.8598
v  131.8218 72.9561 -229.1888
v  140.6686 72.9561 -213.8431
v  142.5143 84.3527 -215.6794
v  156.0278 72.9561 -204.9766
v  156.7071 84.3527 -207.4862
v  173.7839 72.9561 -204.9652
v  173.1148 84.3527 -207.4757
v  189.1791 72.9561 -213.8120
v  187.3409 84.3527 -215.6507
v  198.0883 72.9561 -229.1464
v  195.5736 84.3527 -229.8206
v  198.1244 72.9561 -246.8596
v  195.6069 84.3527 -246.1886
v  189.2776 72.9561 -262.2054
v  187.4319 84.3527 -260.3690
v  173.9184 72.9561 -271.0718
v  173.2391 84.3527 -268.5622
v  156.1623 72.9561 -271.0832
v  156.8314 84.3527 -268.5727
v  140.7671 72.9561 -262.2364
v  142.6053 84.3527 -260.3978
v  131.8579 72.9561 -246.9021
v  134.3726 84.3527 -246.2279
v  140.3179 72.9588 -213.4926
v  131.3427 72.9588 -229.0611
v  130.5718 66.8295 -228.8557
v  139.7527 66.8295 -212.9302
v  155.8994 72.9587 -204.4977
v  155.6913 66.8294 -203.7292
v  198.5669 72.9588 -229.0169
v  189.5288 72.9587 -213.4606
v  190.0918 66.8294 -212.8975
v  199.3371 66.8295 -228.8105
v  198.6035 72.9588 -246.9873
v  199.3744 66.8295 -247.1927
v  189.6283 72.9588 -262.5558
v  190.1935 66.8295 -263.1182
v  174.0468 72.9587 -271.5507
v  174.2549 66.8294 -272.3192
v  156.0347 72.9586 -271.5623
v  155.8297 66.8294 -272.3311
v  140.4174 72.9587 -262.5879
v  139.8544 66.8294 -263.1509
v  131.3793 72.9588 -247.0315
v  130.6091 66.8295 -247.2380
v  143.6134 90.0000 -216.7729
v  145.2367 90.0000 -218.3880
v  138.0527 90.0000 -230.8495
v  135.8385 90.0000 -230.2594
v  138.0820 90.0000 -245.2334
v  135.8702 90.0000 -245.8264
v  145.3167 90.0000 -257.6857
v  143.7000 90.0000 -259.3028
v  157.8183 90.0000 -264.8697
v  157.2299 90.0000 -267.0776
v  172.2371 90.0000 -264.8604
v  172.8345 90.0000 -267.0677
v  184.7095 90.0000 -257.6604
v  186.3328 90.0000 -259.2755
v  191.8935 90.0000 -245.1989
v  194.1077 90.0000 -245.7891
v  191.8642 90.0000 -230.8150
v  194.0760 90.0000 -230.2220
v  184.6295 90.0000 -218.3627
v  186.2462 90.0000 -216.7456
v  172.1278 90.0000 -211.1788
v  172.7163 90.0000 -208.9707
v  157.7091 90.0000 -211.1880
v  157.1116 90.0000 -208.9807
v  145.3801 89.8000 -218.5306
v  145.3801 89.1024 -218.5306
v  138.2482 89.1024 -230.9016
v  138.2482 89.8000 -230.9016
v  138.2773 89.1024 -245.1810
v  138.2773 89.8000 -245.1811
v  145.4595 89.1024 -257.5428
v  145.4595 89.8000 -257.5428
v  157.8703 89.1024 -264.6747
v  157.8703 89.8000 -264.6747
v  172.1843 89.1024 -264.6655
v  172.1843 89.8000 -264.6655
v  184.5661 89.1024 -257.5178
v  184.5661 89.8000 -257.5178
v  191.6980 89.1024 -245.1468
v  191.6980 89.8000 -245.1468
v  191.6689 89.1024 -230.8673
v  191.6689 89.8000 -230.8673
v  184.4867 89.1024 -218.5055
v  184.4867 89.8000 -218.5055
v  172.0759 89.1024 -211.3737
v  172.0759 89.8000 -211.3737
v  157.7618 89.1024 -211.3829
v  157.7619 89.8000 -211.3829
v  173.9116 72.9586 -204.4861
v  174.1165 66.8294 -203.7173
v  162.5936 26.9179 -202.2482
v  164.9074 25.9763 -202.3756
v  167.1749 26.8038 -202.2998
v  161.5888 29.0770 -201.9923
v  168.2323 29.3052 -202.0220
v  162.6462 31.5784 -201.7144
v  167.2274 31.4643 -201.7660
v  164.9136 32.4059 -201.6386
v  161.3441 29.2247 -202.2755
v  162.3903 31.6995 -202.0006
v  162.7454 31.8026 -206.3811
v  161.8619 29.7126 -206.6133
v  164.9114 32.7246 -201.9043
v  164.8745 32.6683 -206.2997
v  167.4305 31.6995 -202.0430
v  167.0018 31.8026 -206.4169
v  168.4719 29.2247 -202.3354
v  167.8813 29.7126 -206.6638
v  167.4257 26.7499 -202.6104
v  166.9978 27.6226 -206.8960
v  164.9046 25.7247 -202.7067
v  164.8688 26.7569 -206.9774
v  162.3856 26.7499 -202.5680
v  162.7414 27.6226 -206.8602
v  174.0950 91.3377 -248.4005
v  174.1015 91.3377 -251.6195
v  155.9636 91.3377 -251.6311
v  155.9571 91.3377 -248.4121
v  174.6075 91.0377 -251.7201
v  174.6006 91.0377 -248.2993
v  174.6006 88.6222 -248.2993
v  174.6075 88.6222 -251.7201
v  155.6608 91.0377 -251.9341
v  174.4056 91.0377 -251.9221
v  174.4056 88.6222 -251.9221
v  155.6608 88.6222 -251.9341
v  155.4511 91.0377 -248.3115
v  155.4580 91.0377 -251.7324
v  155.4580 88.6222 -251.7324
v  155.4511 88.6222 -248.3115
v  174.3978 91.0377 -248.0975
v  155.6530 91.0377 -248.1095
v  155.6530 88.6222 -248.1095
v  174.3978 88.6222 -248.0975
v  174.0457 91.3377 -224.1805
v  174.0522 91.3377 -227.3995
v  155.9143 91.3377 -227.4111
v  155.9078 91.3377 -224.1921
v  174.5582 91.0377 -227.5001
v  174.5513 91.0377 -224.0792
v  174.5513 88.6222 -224.0792
v  174.5582 88.6222 -227.5001
v  155.6115 91.0377 -227.7141
v  174.3563 91.0377 -227.7021
v  174.3563 88.6222 -227.7021
v  155.6115 88.6222 -227.7141
v  155.4018 91.0377 -224.0915
v  155.4087 91.0377 -227.5124
v  155.4087 88.6222 -227.5124
v  155.4018 88.6222 -224.0915
v  174.3486 91.0377 -223.8775
v  155.6037 91.0377 -223.8896
v  155.6037 88.6222 -223.8896
v  174.3486 88.6222 -223.8775
v  143.6134 0.0000 -216.7729
v  135.8385 0.0000 -230.2594
v  135.8702 0.0000 -245.8264
v  143.7000 0.0000 -259.3028
v  157.2299 0.0000 -267.0776
v  172.8345 0.0000 -267.0677
v  186.3328 0.0000 -259.2755
v  194.1077 0.0000 -245.7891
v  194.0760 0.0000 -230.2220
v  186.2462 0.0000 -216.7456
v  172.7163 0.0000 -208.9707
v  157.1116 0.0000 -208.9807
v  174.3034 91.3377 -251.4176
v  174.2977 91.3377 -248.6022
v  155.7552 91.3377 -248.6141
v  155.7609 91.3377 -251.4294
v  174.2542 91.3377 -227.1975
v  174.2484 91.3377 -224.3822
v  155.7059 91.3377 -224.3941
v  155.7116 91.3377 -227.2094
v  133.8694 5.6617 -229.7345
v  135.1281 -0.0160 -230.0700
v  143.0932 -0.0159 -216.2537
v  142.1703 5.6618 -215.3356
v  156.9208 -0.0158 -208.2713
v  156.5811 5.6619 -207.0165
v  172.9055 -0.0157 -208.2610
v  173.2400 5.6620 -207.0057
v  186.7649 -0.0158 -216.2252
v  187.6840 5.6619 -215.3059
v  194.7857 -0.0159 -230.0306
v  196.0431 5.6618 -229.6936
v  194.8181 -0.0160 -245.9784
v  196.0768 5.6617 -246.3139
v  186.8530 -0.0159 -259.7947
v  187.7759 5.6618 -260.7128
v  173.0254 -0.0158 -267.7772
v  173.3651 5.6619 -269.0319
v  157.0407 -0.0157 -267.7875
v  156.7062 5.6620 -269.0427
v  143.1813 -0.0158 -259.8232
v  142.2622 5.6619 -260.7425
v  135.1605 -0.0159 -246.0178
v  133.9032 5.6618 -246.3548
v  142.1703 84.3310 -215.3356
v  143.0932 90.0087 -216.2537
v  135.1281 90.0087 -230.0700
v  133.8694 84.3311 -229.7345
v  156.5811 84.3308 -207.0165
v  156.9208 90.0085 -208.2713
v  173.2400 84.3307 -207.0057
v  172.9055 90.0084 -208.2610
v  187.6840 84.3308 -215.3059
v  186.7649 90.0085 -216.2252
v  196.0431 84.3310 -229.6936
v  194.7857 90.0087 -230.0306
v  196.0768 84.3311 -246.3139
v  194.8181 90.0087 -245.9784
v  187.7759 84.3310 -260.7128
v  186.8530 90.0087 -259.7947
v  173.3651 84.3308 -269.0319
v  173.0254 90.0085 -267.7772
v  156.7062 84.3307 -269.0427
v  157.0407 90.0084 -267.7875
v  142.2622 84.3308 -260.7425
v  143.1813 90.0085 -259.8232
v  133.9032 84.3310 -246.3548
v  135.1605 90.0087 -246.0178
v  140.1034 23.1732 -213.2807
v  139.1448 42.0187 -212.3270
v  129.7433 42.0187 -228.6349
v  131.0509 23.1732 -228.9834
v  155.8198 23.1732 -204.2081
v  155.4670 42.0186 -202.9046
v  198.8585 23.1732 -228.9399
v  200.1646 42.0187 -228.5898
v  190.6968 42.0186 -212.2939
v  189.7420 23.1732 -213.2489
v  198.8954 23.1732 -247.0650
v  200.2029 42.0187 -247.4135
v  189.8428 23.1732 -262.7677
v  190.8014 42.0187 -263.7215
v  174.1264 23.1732 -271.8403
v  174.4792 42.0186 -273.1438
v  155.9574 23.1732 -271.8520
v  155.6099 42.0186 -273.1559
v  140.2042 23.1732 -262.7995
v  139.2494 42.0186 -263.7545
v  131.0878 23.1732 -247.1085
v  129.7816 42.0187 -247.4587
v  173.9888 23.1732 -204.1964
v  174.3363 42.0186 -202.8925
v  131.0509 66.8268 -228.9834
v  129.7433 47.9813 -228.6349
v  139.1448 47.9813 -212.3270
v  140.1034 66.8268 -213.2807
v  155.4670 47.9814 -202.9046
v  155.8198 66.8268 -204.2081
v  189.7420 66.8268 -213.2489
v  190.6968 47.9814 -212.2939
v  200.1646 47.9813 -228.5898
v  198.8585 66.8268 -228.9399
v  200.2029 47.9813 -247.4135
v  198.8954 66.8268 -247.0650
v  190.8014 47.9813 -263.7215
v  189.8428 66.8268 -262.7677
v  174.4792 47.9814 -273.1438
v  174.1264 66.8268 -271.8403
v  155.6099 47.9814 -273.1559
v  155.9574 66.8268 -271.8520
v  139.2494 47.9814 -263.7545
v  140.2042 66.8268 -262.7995
v  129.7816 47.9813 -247.4587
v  131.0878 66.8268 -247.1085
v  174.3363 47.9814 -202.8925
v  173.9888 66.8268 -204.1964
v  200.6381 42.0187 -228.4617
v  200.6381 47.9813 -228.4617
v  191.0428 47.9814 -211.9463
v  191.0428 42.0186 -211.9463
v  200.6769 42.0187 -247.5399
v  200.6769 47.9813 -247.5399
v  191.1484 42.0187 -264.0682
v  191.1484 47.9813 -264.0682
v  174.6063 42.0186 -273.6176
v  174.6063 47.9814 -273.6176
v  155.4836 42.0186 -273.6299
v  155.4836 47.9814 -273.6299
v  129.3081 42.0187 -247.5867
v  129.3081 47.9813 -247.5867
v  138.9034 47.9814 -264.1021
v  138.9034 42.0186 -264.1021
v  129.2693 47.9813 -228.5085
v  129.2693 42.0187 -228.5085
v  138.7979 42.0187 -211.9802
v  138.7979 47.9813 -211.9802
v  155.3399 42.0186 -202.4308
v  155.3399 47.9814 -202.4308
v  174.4626 42.0186 -202.4185
v  174.4626 47.9814 -202.4185
# 372 vertices

vn -0.5002 0.7070 0.5000
vn -0.3898 -0.8345 0.3895
vn -0.5322 -0.8346 0.1419
vn -0.6834 0.7070 0.1821
vn -0.1832 0.7070 0.6830
vn -0.1429 -0.8342 0.5326
vn 0.1821 0.7071 0.6833
vn 0.1421 -0.8341 0.5331
vn 0.4988 0.7070 0.5013
vn 0.3890 -0.8342 0.3908
vn 0.6827 0.7070 0.1847
vn 0.5319 -0.8345 0.1438
vn 0.6834 0.7070 -0.1821
vn 0.5322 -0.8346 -0.1419
vn 0.5002 0.7070 -0.5000
vn 0.3898 -0.8345 -0.3895
vn 0.1832 0.7070 -0.6830
vn 0.1429 -0.8342 -0.5326
vn -0.1821 0.7071 -0.6833
vn -0.1421 -0.8341 -0.5331
vn -0.4988 0.7070 -0.5013
vn -0.3890 -0.8342 -0.3908
vn -0.6827 0.7070 -0.1847
vn -0.5319 -0.8345 -0.1438
vn -0.6894 -0.7006 0.1837
vn -0.5047 -0.7006 0.5044
vn -0.5638 0.6039 0.5634
vn -0.7703 0.6038 0.2053
vn -0.1848 -0.7006 0.6892
vn -0.2065 0.6042 0.7696
vn 0.5033 -0.7006 0.5057
vn 0.6887 -0.7006 0.1863
vn 0.7694 0.6039 0.2081
vn 0.5622 0.6042 0.5648
vn 0.6894 -0.7006 -0.1837
vn 0.7703 0.6038 -0.2053
vn 0.5047 -0.7006 -0.5044
vn 0.5638 0.6039 -0.5634
vn 0.1848 -0.7006 -0.6892
vn 0.2065 0.6042 -0.7696
vn -0.1837 -0.7007 -0.6894
vn -0.2052 0.6043 -0.7699
vn -0.5033 -0.7006 -0.5057
vn -0.5622 0.6042 -0.5648
vn -0.6887 -0.7006 -0.1863
vn -0.7694 0.6039 -0.2081
vn 0.4510 -0.7703 -0.4507
vn 0.6160 -0.7704 -0.1642
vn 0.7318 -0.6531 -0.1950
vn 0.5356 -0.6532 -0.5353
vn 0.6155 -0.7703 0.1665
vn 0.7310 -0.6531 0.1977
vn 0.4499 -0.7702 0.4520
vn 0.5341 -0.6533 0.5366
vn 0.1643 -0.7701 0.6164
vn 0.1950 -0.6534 0.7315
vn -0.1653 -0.7702 0.6161
vn -0.1962 -0.6533 0.7312
vn -0.4510 -0.7704 0.4507
vn -0.5356 -0.6532 0.5353
vn -0.6160 -0.7704 0.1641
vn -0.7317 -0.6531 0.1950
vn -0.6155 -0.7704 -0.1665
vn -0.7309 -0.6532 -0.1977
vn -0.4499 -0.7702 -0.4521
vn -0.5341 -0.6533 -0.5366
vn -0.1643 -0.7701 -0.6164
vn -0.1950 -0.6534 -0.7315
vn 0.1652 -0.7702 -0.6160
vn 0.1962 -0.6533 -0.7313
vn 0.1837 -0.7007 0.6894
vn 0.2052 0.6043 0.7699
vn -0.6773 -0.7132 0.1805
vn -0.5300 0.8361 0.1413
vn -0.3882 0.8360 0.3879
vn -0.4957 -0.7133 0.4955
vn -0.1423 0.8357 0.5304
vn -0.1815 -0.7133 0.6770
vn 0.1415 0.8356 0.5309
vn 0.1805 -0.7133 0.6772
vn 0.3874 0.8357 0.3892
vn 0.4944 -0.7133 0.4968
vn 0.5297 0.8360 0.1433
vn 0.6766 -0.7133 0.1831
vn 0.5300 0.8361 -0.1413
vn 0.6773 -0.7132 -0.1805
vn 0.3882 0.8360 -0.3879
vn 0.4957 -0.7133 -0.4955
vn 0.1423 0.8357 -0.5304
vn 0.1815 -0.7133 -0.6770
vn -0.1415 0.8356 -0.5309
vn -0.1805 -0.7133 -0.6772
vn -0.3874 0.8357 -0.3892
vn -0.4944 -0.7133 -0.4968
vn -0.5297 0.8360 -0.1433
vn -0.6766 -0.7133 -0.1831
vn -0.5037 0.7020 0.5034
vn -0.6881 0.7020 0.1834
vn -0.7714 -0.6022 0.2056
vn -0.5646 -0.6023 0.5642
vn -0.1845 0.7020 0.6878
vn -0.2068 -0.6026 0.7708
vn 0.6874 0.7020 0.1860
vn 0.5023 0.7020 0.5048
vn 0.5630 -0.6026 0.5656
vn 0.7706 -0.6023 0.2084
vn 0.6881 0.7020 -0.1834
vn 0.7714 -0.6022 -0.2056
vn 0.5037 0.7020 -0.5034
vn 0.5646 -0.6023 -0.5642
vn 0.1845 0.7020 -0.6878
vn 0.2068 -0.6026 -0.7708
vn -0.1834 0.7021 -0.6881
vn -0.2055 -0.6027 -0.7710
vn -0.5023 0.7020 -0.5048
vn -0.5630 -0.6026 -0.5656
vn -0.6874 0.7020 -0.1860
vn -0.7706 -0.6023 -0.2084
vn 0.0049 1.0000 -0.0049
vn 0.2288 0.9462 -0.2286
vn 0.3123 0.9463 -0.0832
vn 0.0067 1.0000 -0.0018
vn 0.3122 0.9463 0.0844
vn 0.0066 1.0000 0.0018
vn 0.2285 0.9461 0.2295
vn 0.0048 1.0000 0.0048
vn 0.0835 0.9460 0.3131
vn 0.0017 1.0000 0.0065
vn -0.0840 0.9461 0.3128
vn -0.0017 1.0000 0.0065
vn -0.2288 0.9463 0.2286
vn -0.0049 1.0000 0.0049
vn -0.3123 0.9463 0.0832
vn -0.0067 1.0000 0.0018
vn -0.3122 0.9462 -0.0844
vn -0.0066 1.0000 -0.0018
vn -0.2285 0.9461 -0.2295
vn -0.0048 1.0000 -0.0048
vn -0.0835 0.9460 -0.3132
vn -0.0017 1.0000 -0.0065
vn 0.0840 0.9461 -0.3128
vn 0.0017 1.0000 -0.0065
vn 0.6451 0.4098 -0.6449
vn 0.5356 0.6532 -0.5353
vn 0.7317 0.6531 -0.1950
vn 0.8813 0.4101 -0.2349
vn 0.7310 0.6531 0.1977
vn 0.8805 0.4099 0.2383
vn 0.5341 0.6533 0.5366
vn 0.6435 0.4095 0.6467
vn 0.1950 0.6534 0.7315
vn 0.2350 0.4093 0.8816
vn -0.1962 0.6533 0.7312
vn -0.2363 0.4094 0.8812
vn -0.5356 0.6532 0.5353
vn -0.6451 0.4099 0.6449
vn -0.7317 0.6531 0.1950
vn -0.8813 0.4101 0.2348
vn -0.7309 0.6532 -0.1977
vn -0.8805 0.4099 -0.2383
vn -0.5341 0.6533 -0.5366
vn -0.6435 0.4094 -0.6467
vn -0.1950 0.6534 -0.7315
vn -0.2350 0.4092 -0.8817
vn 0.1962 0.6533 -0.7313
vn 0.2362 0.4094 -0.8812
vn 0.1834 0.7021 0.6881
vn 0.2055 -0.6027 0.7710
vn -0.3118 -0.4362 0.8441
vn -0.0033 -0.5626 0.8267
vn 0.3328 -0.5123 0.7917
vn -0.5193 -0.1588 0.8397
vn 0.5337 -0.0338 0.8450
vn -0.3190 0.3204 0.8919
vn 0.3269 0.2353 0.9153
vn 0.0181 0.3621 0.9320
vn -0.9643 -0.0061 0.2649
vn -0.6948 0.6364 0.3351
vn -0.6989 0.7141 -0.0398
vn -0.9930 0.0139 -0.1170
vn 0.0033 0.9198 0.3924
vn -0.0001 0.9999 -0.0128
vn 0.6782 0.6429 0.3560
vn 0.6981 0.7141 -0.0516
vn 0.9685 -0.0519 0.2435
vn 0.9909 0.0139 -0.1336
vn 0.6988 -0.6942 0.1728
vn 0.6966 -0.6863 -0.2093
vn 0.0015 -0.9842 0.1769
vn -0.0020 -0.9720 -0.2349
vn -0.6731 -0.7077 0.2144
vn -0.7000 -0.6863 -0.1976
vn 0.1118 0.9165 0.3842
vn 0.1123 0.9165 -0.3839
vn -0.1118 0.9165 -0.3842
vn -0.1123 0.9165 0.3839
vn 0.8353 0.4113 -0.3648
vn 0.8342 0.4111 0.3676
vn 0.9230 0.0000 0.3848
vn 0.9243 0.0000 -0.3817
vn -0.3645 0.4110 -0.8356
vn 0.3662 0.4112 -0.8347
vn 0.3830 0.0000 -0.9237
vn -0.3812 0.0000 -0.9245
vn -0.8353 0.4113 0.3649
vn -0.8341 0.4112 -0.3677
vn -0.9230 0.0000 -0.3849
vn -0.9243 0.0000 0.3817
vn 0.3646 0.4110 0.8356
vn -0.3662 0.4112 0.8347
vn -0.3830 0.0000 0.9237
vn 0.3812 0.0000 0.9245
vn 0.1117 0.9165 0.3841
vn -0.1117 0.9165 -0.3841
vn 0.8353 0.4113 -0.3649
vn 0.8341 0.4111 0.3676
vn -0.9230 0.0000 -0.3848
vn 0.3646 0.4110 0.8355
vn 0.0089 -0.9999 -0.0089
vn 0.0123 -0.9999 -0.0033
vn 0.0122 -0.9999 0.0033
vn 0.0088 -0.9999 0.0089
vn 0.0032 -0.9999 0.0120
vn -0.0032 -0.9999 0.0121
vn -0.0089 -0.9999 0.0089
vn -0.0123 -0.9999 0.0033
vn -0.0122 -0.9999 -0.0033
vn -0.0088 -0.9999 -0.0089
vn -0.0032 -0.9999 -0.0120
vn 0.0032 -0.9999 -0.0121
vn 0.3836 0.9167 -0.1118
vn 0.3833 0.9167 0.1133
vn -0.3836 0.9167 0.1118
vn -0.3833 0.9167 -0.1133
vn -0.7891 0.5771 0.2103
vn -0.6495 -0.7404 0.1731
vn -0.4754 -0.7404 0.4752
vn -0.5776 0.5773 0.5772
vn -0.1741 -0.7403 0.6493
vn -0.2116 0.5776 0.7884
vn 0.1731 -0.7403 0.6496
vn 0.2102 0.5778 0.7886
vn 0.4742 -0.7403 0.4765
vn 0.5759 0.5776 0.5785
vn 0.6488 -0.7404 0.1756
vn 0.7882 0.5773 0.2131
vn 0.6495 -0.7404 -0.1731
vn 0.7891 0.5771 -0.2103
vn 0.4754 -0.7404 -0.4752
vn 0.5776 0.5773 -0.5772
vn 0.1741 -0.7403 -0.6493
vn 0.2116 0.5776 -0.7884
vn -0.1731 -0.7403 -0.6496
vn -0.2102 0.5778 -0.7886
vn -0.4742 -0.7403 -0.4765
vn -0.5759 0.5776 -0.5785
vn -0.6488 -0.7404 -0.1756
vn -0.7882 0.5773 -0.2131
vn -0.5750 -0.5825 0.5746
vn -0.4776 0.7376 0.4774
vn -0.6525 0.7376 0.1739
vn -0.7856 -0.5823 0.2094
vn -0.2106 -0.5828 0.7848
vn -0.1749 0.7375 0.6523
vn 0.2092 -0.5830 0.7851
vn 0.1739 0.7375 0.6526
vn 0.5733 -0.5828 0.5759
vn 0.4763 0.7375 0.4787
vn 0.7847 -0.5825 0.2122
vn 0.6518 0.7376 0.1764
vn 0.7856 -0.5823 -0.2094
vn 0.6525 0.7376 -0.1739
vn 0.5750 -0.5825 -0.5746
vn 0.4776 0.7376 -0.4774
vn 0.2106 -0.5828 -0.7848
vn 0.1749 0.7375 -0.6523
vn -0.2092 -0.5830 -0.7851
vn -0.1739 0.7375 -0.6526
vn -0.5733 -0.5828 -0.5759
vn -0.4763 0.7375 -0.4787
vn -0.7847 -0.5825 -0.2122
vn -0.6518 0.7376 -0.1764
vn -0.4701 0.7472 0.4699
vn -0.4318 -0.7920 0.4316
vn -0.5898 -0.7921 0.1572
vn -0.6422 0.7472 0.1712
vn -0.1722 0.7471 0.6420
vn -0.1583 -0.7918 0.5899
vn 0.6416 0.7472 0.1736
vn 0.5893 -0.7920 0.1594
vn 0.4309 -0.7918 0.4329
vn 0.4689 0.7471 0.4712
vn 0.6422 0.7472 -0.1712
vn 0.5898 -0.7921 -0.1572
vn 0.4701 0.7472 -0.4699
vn 0.4318 -0.7920 -0.4316
vn 0.1722 0.7471 -0.6420
vn 0.1583 -0.7918 -0.5899
vn -0.1712 0.7470 -0.6424
vn -0.1573 -0.7917 -0.5903
vn -0.4689 0.7471 -0.4712
vn -0.4309 -0.7918 -0.4329
vn -0.6416 0.7472 -0.1736
vn -0.5893 -0.7920 -0.1594
vn 0.1712 0.7470 0.6424
vn 0.1573 -0.7917 0.5903
vn -0.6442 -0.7454 0.1717
vn -0.5898 0.7921 0.1572
vn -0.4318 0.7920 0.4316
vn -0.4715 -0.7453 0.4713
vn -0.1583 0.7918 0.5899
vn -0.1727 -0.7453 0.6440
vn 0.4703 -0.7453 0.4726
vn 0.4309 0.7918 0.4329
vn 0.5893 0.7920 0.1594
vn 0.6436 -0.7453 0.1741
vn 0.5898 0.7921 -0.1572
vn 0.6442 -0.7454 -0.1717
vn 0.4318 0.7920 -0.4316
vn 0.4715 -0.7453 -0.4713
vn 0.1583 0.7918 -0.5899
vn 0.1727 -0.7453 -0.6440
vn -0.1573 0.7917 -0.5903
vn -0.1717 -0.7452 -0.6443
vn -0.4309 0.7918 -0.4329
vn -0.4703 -0.7453 -0.4726
vn -0.5893 0.7920 -0.1594
vn -0.6436 -0.7453 -0.1741
vn 0.1573 0.7917 0.5903
vn 0.1717 -0.7452 0.6443
vn 0.7309 -0.6532 0.1977
vn 0.7309 0.6532 0.1977
vn 0.7317 -0.6531 -0.1950
vn -0.7310 -0.6531 -0.1978
vn -0.7310 0.6531 -0.1978
vn -0.5340 0.6533 -0.5366
vn -0.5340 -0.6533 -0.5366
vn -0.7318 0.6531 0.1950
vn -0.7318 -0.6531 0.1950
vn -0.1961 -0.6533 0.7312
vn -0.1961 0.6533 0.7312
# 341 vertex normals

vt 0.3849 0.6632 0.0000
vt 0.3849 0.6281 0.0000
vt 0.4376 0.6281 0.0000
vt 0.4376 0.6632 0.0000
vt 0.3321 0.6632 0.0000
vt 0.3321 0.6281 0.0000
vt 0.2791 0.6632 0.0000
vt 0.2791 0.6281 0.0000
vt 0.2263 0.6632 0.0000
vt 0.2263 0.6281 0.0000
vt 0.1737 0.6632 0.0000
vt 0.1737 0.6281 0.0000
vt 0.1216 0.6632 0.0000
vt 0.1216 0.6281 0.0000
vt 0.0702 0.6632 0.0000
vt 0.0702 0.6281 0.0000
vt 0.0197 0.6632 0.0000
vt 0.0197 0.6281 0.0000
vt 0.5939 0.6632 0.0000
vt 0.5939 0.6281 0.0000
vt 0.6445 0.6281 0.0000
vt 0.6445 0.6632 0.0000
vt 0.5423 0.6632 0.0000
vt 0.5423 0.6281 0.0000
vt 0.4902 0.6632 0.0000
vt 0.4902 0.6281 0.0000
vt 0.4376 0.6267 0.0000
vt 0.3849 0.6267 0.0000
vt 0.3849 0.6080 0.0000
vt 0.4376 0.6080 0.0000
vt 0.3321 0.6267 0.0000
vt 0.3321 0.6080 0.0000
vt 0.2263 0.6267 0.0000
vt 0.1737 0.6267 0.0000
vt 0.1737 0.6080 0.0000
vt 0.2263 0.6080 0.0000
vt 0.1216 0.6267 0.0000
vt 0.1216 0.6080 0.0000
vt 0.0702 0.6267 0.0000
vt 0.0702 0.6080 0.0000
vt 0.0197 0.6267 0.0000
vt 0.0197 0.6080 0.0000
vt 0.6445 0.6267 0.0000
vt 0.5939 0.6267 0.0000
vt 0.5939 0.6080 0.0000
vt 0.6445 0.6080 0.0000
vt 0.5423 0.6267 0.0000
vt 0.5423 0.6080 0.0000
vt 0.4902 0.6267 0.0000
vt 0.4902 0.6080 0.0000
vt 0.3849 0.6915 0.0000
vt 0.4376 0.6915 0.0000
vt 0.4376 0.6953 0.0000
vt 0.3849 0.6953 0.0000
vt 0.4902 0.6915 0.0000
vt 0.4902 0.6953 0.0000
vt 0.5423 0.6915 0.0000
vt 0.5423 0.6953 0.0000
vt 0.5939 0.6915 0.0000
vt 0.5939 0.6953 0.0000
vt 0.6445 0.6915 0.0000
vt 0.6445 0.6953 0.0000
vt 0.0197 0.6915 0.0000
vt 0.0702 0.6915 0.0000
vt 0.0702 0.6953 0.0000
vt 0.0197 0.6953 0.0000
vt 0.1216 0.6915 0.0000
vt 0.1216 0.6953 0.0000
vt 0.1737 0.6915 0.0000
vt 0.1737 0.6953 0.0000
vt 0.2263 0.6915 0.0000
vt 0.2263 0.6953 0.0000
vt 0.2791 0.6915 0.0000
vt 0.2791 0.6953 0.0000
vt 0.3321 0.6915 0.0000
vt 0.3321 0.6953 0.0000
vt 0.8560 0.4170 0.0000
vt 0.8566 0.5824 0.0000
vt 0.8182 0.5604 0.0000
vt 0.8178 0.4393 0.0000
vt 0.7951 0.5223 0.0000
vt 0.7949 0.4776 0.0000
vt 0.9002 0.4169 0.0000
vt 0.9008 0.5824 0.0000
vt 0.9386 0.4390 0.0000
vt 0.9390 0.5601 0.0000
vt 0.9616 0.4770 0.0000
vt 0.9618 0.5218 0.0000
vt 0.2791 0.6267 0.0000
vt 0.2791 0.6080 0.0000
vt 0.4376 0.4147 0.0000
vt 0.4376 0.4498 0.0000
vt 0.3849 0.4498 0.0000
vt 0.3849 0.4147 0.0000
vt 0.3321 0.4498 0.0000
vt 0.3321 0.4147 0.0000
vt 0.2791 0.4498 0.0000
vt 0.2791 0.4147 0.0000
vt 0.2263 0.4498 0.0000
vt 0.2263 0.4147 0.0000
vt 0.1737 0.4498 0.0000
vt 0.1737 0.4147 0.0000
vt 0.1216 0.4498 0.0000
vt 0.1216 0.4147 0.0000
vt 0.0702 0.4498 0.0000
vt 0.0702 0.4147 0.0000
vt 0.0197 0.4498 0.0000
vt 0.0197 0.4147 0.0000
vt 0.6445 0.4147 0.0000
vt 0.6445 0.4498 0.0000
vt 0.5939 0.4498 0.0000
vt 0.5939 0.4147 0.0000
vt 0.5423 0.4498 0.0000
vt 0.5423 0.4147 0.0000
vt 0.4902 0.4498 0.0000
vt 0.4902 0.4147 0.0000
vt 0.3849 0.4513 0.0000
vt 0.4376 0.4513 0.0000
vt 0.4376 0.4699 0.0000
vt 0.3849 0.4699 0.0000
vt 0.3321 0.4513 0.0000
vt 0.3321 0.4699 0.0000
vt 0.1737 0.4513 0.0000
vt 0.2263 0.4513 0.0000
vt 0.2263 0.4699 0.0000
vt 0.1737 0.4699 0.0000
vt 0.1216 0.4513 0.0000
vt 0.1216 0.4699 0.0000
vt 0.0702 0.4513 0.0000
vt 0.0702 0.4699 0.0000
vt 0.0197 0.4513 0.0000
vt 0.0197 0.4699 0.0000
vt 0.5939 0.4513 0.0000
vt 0.6445 0.4513 0.0000
vt 0.6445 0.4699 0.0000
vt 0.5939 0.4699 0.0000
vt 0.5423 0.4513 0.0000
vt 0.5423 0.4699 0.0000
vt 0.4902 0.4513 0.0000
vt 0.4902 0.4699 0.0000
vt 0.3849 0.3937 0.0000
vt 0.3849 0.3870 0.0000
vt 0.4376 0.3870 0.0000
vt 0.4376 0.3937 0.0000
vt 0.4902 0.3870 0.0000
vt 0.4902 0.3937 0.0000
vt 0.5423 0.3870 0.0000
vt 0.5423 0.3937 0.0000
vt 0.5939 0.3870 0.0000
vt 0.5939 0.3937 0.0000
vt 0.6445 0.3870 0.0000
vt 0.6445 0.3937 0.0000
vt 0.0197 0.3937 0.0000
vt 0.0197 0.3870 0.0000
vt 0.0702 0.3870 0.0000
vt 0.0702 0.3937 0.0000
vt 0.1216 0.3870 0.0000
vt 0.1216 0.3937 0.0000
vt 0.1737 0.3870 0.0000
vt 0.1737 0.3937 0.0000
vt 0.2263 0.3870 0.0000
vt 0.2263 0.3937 0.0000
vt 0.2791 0.3870 0.0000
vt 0.2791 0.3937 0.0000
vt 0.3321 0.3870 0.0000
vt 0.3321 0.3937 0.0000
vt 0.3849 0.3861 0.0000
vt 0.3849 0.3840 0.0000
vt 0.4376 0.3840 0.0000
vt 0.4376 0.3861 0.0000
vt 0.4902 0.3840 0.0000
vt 0.4902 0.3861 0.0000
vt 0.5423 0.3840 0.0000
vt 0.5423 0.3861 0.0000
vt 0.5939 0.3840 0.0000
vt 0.5939 0.3861 0.0000
vt 0.6445 0.3840 0.0000
vt 0.6445 0.3861 0.0000
vt 0.0197 0.3861 0.0000
vt 0.0197 0.3840 0.0000
vt 0.0702 0.3840 0.0000
vt 0.0702 0.3861 0.0000
vt 0.1216 0.3840 0.0000
vt 0.1216 0.3861 0.0000
vt 0.1737 0.3840 0.0000
vt 0.1737 0.3861 0.0000
vt 0.2263 0.3840 0.0000
vt 0.2263 0.3861 0.0000
vt 0.2791 0.3840 0.0000
vt 0.2791 0.3861 0.0000
vt 0.3321 0.3840 0.0000
vt 0.3321 0.3861 0.0000
vt 0.7760 0.5439 0.0000
vt 0.8147 0.5659 0.0000
vt 0.8153 0.6880 0.0000
vt 0.7769 0.7106 0.0000
vt 0.8382 0.6040 0.0000
vt 0.8385 0.6493 0.0000
vt 0.7323 0.7108 0.0000
vt 0.7315 0.5441 0.0000
vt 0.6936 0.6888 0.0000
vt 0.6929 0.5667 0.0000
vt 0.6701 0.6506 0.0000
vt 0.6698 0.6054 0.0000
vt 0.2791 0.4513 0.0000
vt 0.2791 0.4699 0.0000
vt 0.9229 0.7477 0.0000
vt 0.9317 0.7477 0.0000
vt 0.9381 0.7535 0.0000
vt 0.9166 0.7535 0.0000
vt 0.9382 0.7632 0.0000
vt 0.9167 0.7632 0.0000
vt 0.9320 0.7691 0.0000
vt 0.9230 0.7691 0.0000
vt 0.9863 0.7272 0.0000
vt 0.9782 0.7325 0.0000
vt 0.9703 0.7190 0.0000
vt 0.9771 0.7145 0.0000
vt 0.9696 0.7370 0.0000
vt 0.9630 0.7228 0.0000
vt 0.9606 0.7407 0.0000
vt 0.9554 0.7259 0.0000
vt 0.9514 0.7435 0.0000
vt 0.9476 0.7282 0.0000
vt 0.9419 0.7453 0.0000
vt 0.9396 0.7298 0.0000
vt 0.9322 0.7463 0.0000
vt 0.9314 0.7306 0.0000
vt 0.9224 0.7463 0.0000
vt 0.9232 0.7306 0.0000
vt 0.9938 0.7212 0.0000
vt 0.9834 0.7094 0.0000
vt 0.9484 0.6867 0.0000
vt 0.9340 0.6867 0.0000
vt 0.9340 0.6050 0.0000
vt 0.9484 0.6050 0.0000
vt 0.9335 0.6895 0.0000
vt 0.9489 0.6895 0.0000
vt 0.9489 0.7004 0.0000
vt 0.9335 0.7004 0.0000
vt 0.9320 0.6037 0.0000
vt 0.9320 0.6880 0.0000
vt 0.9212 0.6881 0.0000
vt 0.9212 0.6036 0.0000
vt 0.9489 0.6021 0.0000
vt 0.9335 0.6021 0.0000
vt 0.9335 0.5913 0.0000
vt 0.9489 0.5913 0.0000
vt 0.9504 0.6880 0.0000
vt 0.9504 0.6036 0.0000
vt 0.9612 0.6036 0.0000
vt 0.9612 0.6880 0.0000
vt 0.8979 0.6871 0.0000
vt 0.8835 0.6871 0.0000
vt 0.8835 0.6054 0.0000
vt 0.8980 0.6054 0.0000
vt 0.8830 0.6899 0.0000
vt 0.8984 0.6899 0.0000
vt 0.8984 0.7008 0.0000
vt 0.8830 0.7008 0.0000
vt 0.8816 0.6040 0.0000
vt 0.8815 0.6884 0.0000
vt 0.8707 0.6885 0.0000
vt 0.8707 0.6040 0.0000
vt 0.8984 0.6025 0.0000
vt 0.8830 0.6025 0.0000
vt 0.8830 0.5917 0.0000
vt 0.8984 0.5916 0.0000
vt 0.8999 0.6884 0.0000
vt 0.8999 0.6040 0.0000
vt 0.9108 0.6040 0.0000
vt 0.9107 0.6884 0.0000
vt 0.3849 0.6843 0.0000
vt 0.4376 0.6843 0.0000
vt 0.4902 0.6843 0.0000
vt 0.5423 0.6843 0.0000
vt 0.5939 0.6843 0.0000
vt 0.6445 0.6843 0.0000
vt 0.0197 0.6843 0.0000
vt 0.0702 0.6843 0.0000
vt 0.1216 0.6843 0.0000
vt 0.1737 0.6843 0.0000
vt 0.2263 0.6843 0.0000
vt 0.2791 0.6843 0.0000
vt 0.3321 0.6843 0.0000
vt 0.9152 0.7635 0.0000
vt 0.9151 0.7533 0.0000
vt 0.9225 0.7705 0.0000
vt 0.9325 0.7705 0.0000
vt 0.9397 0.7634 0.0000
vt 0.9396 0.7533 0.0000
vt 0.9348 0.6876 0.0000
vt 0.9476 0.6876 0.0000
vt 0.9476 0.6041 0.0000
vt 0.9348 0.6041 0.0000
vt 0.8843 0.6880 0.0000
vt 0.8971 0.6880 0.0000
vt 0.8971 0.6044 0.0000
vt 0.8844 0.6045 0.0000
vt 0.9502 0.6893 0.0000
vt 0.9612 0.6893 0.0000
vt 0.9323 0.6893 0.0000
vt 0.9212 0.6894 0.0000
vt 0.9322 0.6024 0.0000
vt 0.9212 0.6023 0.0000
vt 0.9501 0.6024 0.0000
vt 0.9612 0.6023 0.0000
vt 0.8997 0.6897 0.0000
vt 0.9107 0.6897 0.0000
vt 0.8818 0.6897 0.0000
vt 0.8707 0.6898 0.0000
vt 0.8817 0.6028 0.0000
vt 0.8707 0.6027 0.0000
vt 0.8996 0.6028 0.0000
vt 0.9107 0.6027 0.0000
vt 0.4376 0.6647 0.0000
vt 0.4376 0.6821 0.0000
vt 0.3849 0.6821 0.0000
vt 0.3849 0.6647 0.0000
vt 0.3321 0.6821 0.0000
vt 0.3321 0.6647 0.0000
vt 0.2791 0.6821 0.0000
vt 0.2791 0.6647 0.0000
vt 0.2263 0.6821 0.0000
vt 0.2263 0.6647 0.0000
vt 0.1737 0.6821 0.0000
vt 0.1737 0.6647 0.0000
vt 0.1216 0.6821 0.0000
vt 0.1216 0.6647 0.0000
vt 0.0702 0.6821 0.0000
vt 0.0702 0.6647 0.0000
vt 0.0197 0.6821 0.0000
vt 0.0197 0.6647 0.0000
vt 0.6445 0.6647 0.0000
vt 0.6445 0.6821 0.0000
vt 0.5939 0.6821 0.0000
vt 0.5939 0.6647 0.0000
vt 0.5423 0.6821 0.0000
vt 0.5423 0.6647 0.0000
vt 0.4902 0.6821 0.0000
vt 0.4902 0.6647 0.0000
vt 0.3849 0.4133 0.0000
vt 0.3849 0.3958 0.0000
vt 0.4376 0.3958 0.0000
vt 0.4376 0.4133 0.0000
vt 0.3321 0.4133 0.0000
vt 0.3321 0.3958 0.0000
vt 0.2791 0.4133 0.0000
vt 0.2791 0.3958 0.0000
vt 0.2263 0.4133 0.0000
vt 0.2263 0.3958 0.0000
vt 0.1737 0.4133 0.0000
vt 0.1737 0.3958 0.0000
vt 0.1216 0.4133 0.0000
vt 0.1216 0.3958 0.0000
vt 0.0702 0.4133 0.0000
vt 0.0702 0.3958 0.0000
vt 0.0197 0.4133 0.0000
vt 0.0197 0.3958 0.0000
vt 0.5939 0.4133 0.0000
vt 0.5939 0.3958 0.0000
vt 0.6445 0.3958 0.0000
vt 0.6445 0.4133 0.0000
vt 0.5423 0.4133 0.0000
vt 0.5423 0.3958 0.0000
vt 0.4902 0.4133 0.0000
vt 0.4902 0.3958 0.0000
vt 0.3849 0.6066 0.0000
vt 0.3849 0.5495 0.0000
vt 0.4376 0.5495 0.0000
vt 0.4376 0.6066 0.0000
vt 0.3321 0.6066 0.0000
vt 0.3321 0.5495 0.0000
vt 0.1737 0.6066 0.0000
vt 0.1737 0.5495 0.0000
vt 0.2263 0.5495 0.0000
vt 0.2263 0.6066 0.0000
vt 0.1216 0.6066 0.0000
vt 0.1216 0.5495 0.0000
vt 0.0702 0.6066 0.0000
vt 0.0702 0.5495 0.0000
vt 0.0197 0.6066 0.0000
vt 0.0197 0.5495 0.0000
vt 0.5939 0.6066 0.0000
vt 0.5939 0.5495 0.0000
vt 0.6445 0.5495 0.0000
vt 0.6445 0.6066 0.0000
vt 0.5423 0.6066 0.0000
vt 0.5423 0.5495 0.0000
vt 0.4902 0.6066 0.0000
vt 0.4902 0.5495 0.0000
vt 0.2791 0.6066 0.0000
vt 0.2791 0.5495 0.0000
vt 0.4376 0.4714 0.0000
vt 0.4376 0.5286 0.0000
vt 0.3849 0.5286 0.0000
vt 0.3849 0.4714 0.0000
vt 0.3321 0.5286 0.0000
vt 0.3321 0.4714 0.0000
vt 0.2263 0.4714 0.0000
vt 0.2263 0.5286 0.0000
vt 0.1737 0.5286 0.0000
vt 0.1737 0.4714 0.0000
vt 0.1216 0.5286 0.0000
vt 0.1216 0.4714 0.0000
vt 0.0702 0.5286 0.0000
vt 0.0702 0.4714 0.0000
vt 0.0197 0.5286 0.0000
vt 0.0197 0.4714 0.0000
vt 0.6445 0.4714 0.0000
vt 0.6445 0.5286 0.0000
vt 0.5939 0.5286 0.0000
vt 0.5939 0.4714 0.0000
vt 0.5423 0.5286 0.0000
vt 0.5423 0.4714 0.0000
vt 0.4902 0.5286 0.0000
vt 0.4902 0.4714 0.0000
vt 0.2791 0.5286 0.0000
vt 0.2791 0.4714 0.0000
vt 0.1737 0.5480 0.0000
vt 0.1737 0.5299 0.0000
vt 0.2263 0.5299 0.0000
vt 0.2263 0.5480 0.0000
vt 0.1216 0.5480 0.0000
vt 0.1216 0.5299 0.0000
vt 0.0702 0.5480 0.0000
vt 0.0702 0.5299 0.0000
vt 0.0197 0.5480 0.0000
vt 0.0197 0.5299 0.0000
vt 0.5939 0.5480 0.0000
vt 0.5939 0.5299 0.0000
vt 0.6445 0.5299 0.0000
vt 0.6445 0.5480 0.0000
vt 0.4902 0.5480 0.0000
vt 0.4902 0.5299 0.0000
vt 0.5423 0.5299 0.0000
vt 0.5423 0.5480 0.0000
vt 0.4376 0.5299 0.0000
vt 0.4376 0.5480 0.0000
vt 0.3849 0.5480 0.0000
vt 0.3849 0.5299 0.0000
vt 0.3321 0.5480 0.0000
vt 0.3321 0.5299 0.0000
vt 0.2791 0.5480 0.0000
vt 0.2791 0.5299 0.0000
# 445 texture coords

o wooden_barrel
g wooden_barrel
usemtl wooden_crate_barrel
s 1
f 1/1/1 2/2/2 3/3/3 4/4/4 
f 5/5/5 6/6/6 2/2/2 1/1/1 
f 7/7/7 8/8/8 6/6/6 5/5/5 
f 9/9/9 10/10/10 8/8/8 7/7/7 
f 11/11/11 12/12/12 10/10/10 9/9/9 
f 13/13/13 14/14/14 12/12/12 11/11/11 
f 15/15/15 16/16/16 14/14/14 13/13/13 
f 17/17/17 18/18/18 16/16/16 15/15/15 
f 19/19/19 20/20/20 18/21/18 17/22/17 
f 21/23/21 22/24/22 20/20/20 19/19/19 
f 23/25/23 24/26/24 22/24/22 21/23/21 
f 4/4/4 3/3/3 24/26/24 23/25/23 
f 25/27/25 26/28/26 27/29/27 28/30/28 
f 26/28/26 29/31/29 30/32/30 27/29/27 
f 31/33/31 32/34/32 33/35/33 34/36/34 
f 32/34/32 35/37/35 36/38/36 33/35/33 
f 35/37/35 37/39/37 38/40/38 36/38/36 
f 37/39/37 39/41/39 40/42/40 38/40/38 
f 39/43/39 41/44/41 42/45/42 40/46/40 
f 41/44/41 43/47/43 44/48/44 42/45/42 
f 43/47/43 45/49/45 46/50/46 44/48/44 
f 45/49/45 25/27/25 28/30/28 46/50/46 
f 47/51/47 48/52/48 49/53/49 50/54/50 
f 48/52/48 51/55/51 52/56/52 49/53/49 
f 51/55/51 53/57/53 54/58/54 52/56/52 
f 53/57/53 55/59/55 56/60/56 54/58/54 
f 55/59/55 57/61/57 58/62/58 56/60/56 
f 57/63/57 59/64/59 60/65/60 58/66/58 
f 59/64/59 61/67/61 62/68/62 60/65/60 
f 61/67/61 63/69/63 64/70/64 62/68/62 
f 63/69/63 65/71/65 66/72/66 64/70/64 
f 65/71/65 67/73/67 68/74/68 66/72/66 
f 67/73/67 69/75/69 70/76/70 68/74/68 
f 69/75/69 47/51/47 50/54/50 70/76/70 
s 2
f 49/77/49 64/78/64 66/79/66 50/80/50 
f 66/79/66 68/81/68 70/82/70 50/80/50 
f 49/77/49 52/83/52 62/84/62 64/78/64 
f 52/83/52 54/85/54 60/86/60 62/84/62 
f 54/85/54 56/87/56 58/88/58 60/86/60 
s 1
f 29/31/29 71/89/71 72/90/72 30/32/30 
f 71/89/71 31/33/31 34/36/34 72/90/72 
f 73/91/73 74/92/74 75/93/75 76/94/76 
f 76/94/76 75/93/75 77/95/77 78/96/78 
f 78/96/78 77/95/77 79/97/79 80/98/80 
f 80/98/80 79/97/79 81/99/81 82/100/82 
f 82/100/82 81/99/81 83/101/83 84/102/84 
f 84/102/84 83/101/83 85/103/85 86/104/86 
f 86/104/86 85/103/85 87/105/87 88/106/88 
f 88/106/88 87/105/87 89/107/89 90/108/90 
f 90/109/90 89/110/89 91/111/91 92/112/92 
f 92/112/92 91/111/91 93/113/93 94/114/94 
f 94/114/94 93/113/93 95/115/95 96/116/96 
f 96/116/96 95/115/95 74/92/74 73/91/73 
f 97/117/97 98/118/98 99/119/99 100/120/100 
f 101/121/101 97/117/97 100/120/100 102/122/102 
f 103/123/103 104/124/104 105/125/105 106/126/106 
f 107/127/107 103/123/103 106/126/106 108/128/108 
f 109/129/109 107/127/107 108/128/108 110/130/110 
f 111/131/111 109/129/109 110/130/110 112/132/112 
f 113/133/113 111/134/111 112/135/112 114/136/114 
f 115/137/115 113/133/113 114/136/114 116/138/116 
f 117/139/117 115/137/115 116/138/116 118/140/118 
f 98/118/98 117/139/117 118/140/118 99/119/99 
f 119/141/119 120/142/120 121/143/121 122/144/122 
f 122/144/122 121/143/121 123/145/123 124/146/124 
f 124/146/124 123/145/123 125/147/125 126/148/126 
f 126/148/126 125/147/125 127/149/127 128/150/128 
f 128/150/128 127/149/127 129/151/129 130/152/130 
f 130/153/130 129/154/129 131/155/131 132/156/132 
f 132/156/132 131/155/131 133/157/133 134/158/134 
f 134/158/134 133/157/133 135/159/135 136/160/136 
f 136/160/136 135/159/135 137/161/137 138/162/138 
f 138/162/138 137/161/137 139/163/139 140/164/140 
f 140/164/140 139/163/139 141/165/141 142/166/142 
f 142/166/142 141/165/141 120/142/120 119/141/119 
s 2
f 143/167/143 144/168/144 145/169/145 146/170/146 
f 146/170/146 145/169/145 147/171/147 148/172/148 
f 148/172/148 147/171/147 149/173/149 150/174/150 
f 150/174/150 149/173/149 151/175/151 152/176/152 
f 152/176/152 151/175/151 153/177/153 154/178/154 
f 154/179/154 153/180/153 155/181/155 156/182/156 
f 156/182/156 155/181/155 157/183/157 158/184/158 
f 158/184/158 157/183/157 159/185/159 160/186/160 
f 160/186/160 159/185/159 161/187/161 162/188/162 
f 162/188/162 161/187/161 163/189/163 164/190/164 
f 164/190/164 163/189/163 165/191/165 166/192/166 
f 166/192/166 165/191/165 144/168/144 143/167/143 
s 1
f 145/193/145 144/194/144 161/195/161 159/196/159 
f 161/195/161 144/194/144 165/197/165 163/198/163 
f 145/193/145 159/196/159 157/199/157 147/200/147 
f 147/200/147 157/199/157 155/201/155 149/202/149 
f 149/202/149 155/201/155 153/203/153 151/204/151 
f 167/205/167 101/121/101 102/122/102 168/206/168 
f 104/124/104 167/205/167 168/206/168 105/125/105 
f 169/207/169 170/208/170 171/209/171 172/210/172 
f 171/209/171 173/211/173 174/212/174 172/210/172 
f 173/211/173 175/213/175 176/214/176 174/212/174 
s 2
f 177/215/177 178/216/178 179/217/179 180/218/180 
f 178/216/178 181/219/181 182/220/182 179/217/179 
f 181/219/181 183/221/183 184/222/184 182/220/182 
f 183/221/183 185/223/185 186/224/186 184/222/184 
f 185/223/185 187/225/187 188/226/188 186/224/186 
f 187/225/187 189/227/189 190/228/190 188/226/188 
f 189/227/189 191/229/191 192/230/192 190/228/190 
f 191/231/191 177/215/177 180/218/180 192/232/192 
s 1
f 193/233/193 194/234/194 195/235/195 196/236/196 
s 2
f 197/237/197 198/238/198 199/239/199 200/240/200 
s 4
f 201/241/201 202/242/202 203/243/203 204/244/204 
s 2
f 205/245/205 206/246/206 207/247/207 208/248/208 
s 4
f 209/249/209 210/250/210 211/251/211 212/252/212 
s 1
f 213/253/213 214/254/194 215/255/214 216/256/196 
s 2
f 217/257/215 218/258/216 219/259/199 220/260/200 
s 4
f 221/261/201 222/262/202 223/263/203 224/264/204 
s 2
f 225/265/205 226/266/206 227/267/217 228/268/208 
s 4
f 229/269/218 230/270/210 231/271/211 232/272/212 
s 2
f 47/51/47 233/273/219 234/274/220 48/52/48 
f 48/52/48 234/274/220 235/275/221 51/55/51 
f 51/55/51 235/275/221 236/276/222 53/57/53 
f 53/57/53 236/276/222 237/277/223 55/59/55 
f 55/59/55 237/277/223 238/278/224 57/61/57 
f 57/63/57 238/279/224 239/280/225 59/64/59 
f 59/64/59 239/280/225 240/281/226 61/67/61 
f 61/67/61 240/281/226 241/282/227 63/69/63 
f 63/69/63 241/282/227 242/283/228 65/71/65 
f 65/71/65 242/283/228 243/284/229 67/73/67 
f 67/73/67 243/284/229 244/285/230 69/75/69 
f 69/75/69 244/285/230 233/273/219 47/51/47 
f 146/170/146 121/143/121 120/142/120 143/167/143 
f 148/172/148 123/145/123 121/143/121 146/170/146 
f 150/174/150 125/147/125 123/145/123 148/172/148 
f 152/176/152 127/149/127 125/147/125 150/174/150 
f 154/178/154 129/151/129 127/149/127 152/176/152 
f 156/182/156 131/155/131 129/154/129 154/179/154 
f 158/184/158 133/157/133 131/155/131 156/182/156 
f 160/186/160 135/159/135 133/157/133 158/184/158 
f 162/188/162 137/161/137 135/159/135 160/186/160 
f 164/190/164 139/163/139 137/161/137 162/188/162 
f 166/192/166 141/165/141 139/163/139 164/190/164 
f 143/167/143 120/142/120 141/165/141 166/192/166 
f 174/212/174 178/286/178 177/287/177 172/210/172 
f 176/214/176 181/288/181 178/286/178 174/212/174 
f 175/213/175 183/289/183 181/288/181 176/214/176 
f 173/211/173 185/290/185 183/289/183 175/213/175 
f 171/209/171 187/291/187 185/290/185 173/211/173 
f 170/208/170 189/227/189 187/291/187 171/209/171 
f 169/207/169 191/229/191 189/227/189 170/208/170 
f 172/210/172 177/287/177 191/229/191 169/207/169 
s 1
f 198/238/198 197/237/197 245/292/231 246/293/232 
f 202/242/202 201/241/201 195/235/195 194/234/194 
f 206/246/206 205/245/205 247/294/233 248/295/234 
f 210/250/210 209/249/209 193/233/193 196/236/196 
f 218/258/216 217/257/215 249/296/231 250/297/232 
f 222/262/202 221/261/201 215/255/214 214/254/194 
f 226/266/206 225/265/205 251/298/233 252/299/234 
f 230/270/210 229/269/218 213/253/213 216/256/196 
s 4
f 198/300/198 209/249/209 212/252/212 199/301/199 
f 202/242/202 197/302/197 200/303/200 203/243/203 
f 206/304/206 201/241/201 204/244/204 207/305/207 
f 210/250/210 205/306/205 208/307/208 211/251/211 
f 218/308/216 229/269/218 232/272/212 219/309/199 
f 222/262/202 217/310/215 220/311/200 223/263/203 
f 226/312/206 221/261/201 224/264/204 227/313/217 
f 230/270/210 225/314/205 228/315/208 231/271/211 
s 1
f 209/249/209 198/300/198 246/293/232 193/233/193 
f 197/302/197 202/242/202 194/234/194 245/292/231 
f 201/241/201 206/304/206 248/295/234 195/235/195 
f 205/306/205 210/250/210 196/236/196 247/294/233 
f 229/269/218 218/308/216 250/297/232 213/253/213 
f 217/310/215 222/262/202 214/254/194 249/296/231 
f 221/261/201 226/312/206 252/299/234 215/255/214 
f 225/314/205 230/270/210 216/256/196 251/298/233 
f 215/255/214 252/299/234 251/298/233 216/256/196 
f 213/253/213 250/297/232 249/296/231 214/254/194 
f 193/233/193 246/293/232 245/292/231 194/234/194 
f 195/235/195 248/295/234 247/294/233 196/236/196 
f 253/316/235 254/317/236 255/318/237 256/319/238 
f 256/319/238 255/318/237 257/320/239 258/321/240 
f 258/321/240 257/320/239 259/322/241 260/323/242 
f 260/323/242 259/322/241 261/324/243 262/325/244 
f 262/325/244 261/324/243 263/326/245 264/327/246 
f 264/327/246 263/326/245 265/328/247 266/329/248 
f 266/329/248 265/328/247 267/330/249 268/331/250 
f 268/331/250 267/330/249 269/332/251 270/333/252 
f 270/334/252 269/335/251 271/336/253 272/337/254 
f 272/337/254 271/336/253 273/338/255 274/339/256 
f 274/339/256 273/338/255 275/340/257 276/341/258 
f 276/341/258 275/340/257 254/317/236 253/316/235 
s 2
f 277/342/259 278/343/260 279/344/261 280/345/262 
f 281/346/263 282/347/264 278/343/260 277/342/259 
f 283/348/265 284/349/266 282/347/264 281/346/263 
f 285/350/267 286/351/268 284/349/266 283/348/265 
f 287/352/269 288/353/270 286/351/268 285/350/267 
f 289/354/271 290/355/272 288/353/270 287/352/269 
f 291/356/273 292/357/274 290/355/272 289/354/271 
f 293/358/275 294/359/276 292/357/274 291/356/273 
f 295/360/277 296/361/278 294/362/276 293/363/275 
f 297/364/279 298/365/280 296/361/278 295/360/277 
f 299/366/281 300/367/282 298/365/280 297/364/279 
f 280/345/262 279/344/261 300/367/282 299/366/281 
s 1
f 301/368/283 302/369/284 303/370/285 304/371/286 
f 305/372/287 306/373/288 302/369/284 301/368/283 
f 307/374/289 308/375/290 309/376/291 310/377/292 
f 311/378/293 312/379/294 308/375/290 307/374/289 
f 313/380/295 314/381/296 312/379/294 311/378/293 
f 315/382/297 316/383/298 314/381/296 313/380/295 
f 317/384/299 318/385/300 316/386/298 315/387/297 
f 319/388/301 320/389/302 318/385/300 317/384/299 
f 321/390/303 322/391/304 320/389/302 319/388/301 
f 304/371/286 303/370/285 322/391/304 321/390/303 
f 323/392/305 324/393/306 306/373/288 305/372/287 
f 310/377/292 309/376/291 324/393/306 323/392/305 
f 325/394/307 326/395/308 327/396/309 328/397/310 
f 328/397/310 327/396/309 329/398/311 330/399/312 
f 331/400/313 332/401/314 333/402/315 334/403/316 
f 334/403/316 333/402/315 335/404/317 336/405/318 
f 336/405/318 335/404/317 337/406/319 338/407/320 
f 338/407/320 337/406/319 339/408/321 340/409/322 
f 340/410/322 339/411/321 341/412/323 342/413/324 
f 342/413/324 341/412/323 343/414/325 344/415/326 
f 344/415/326 343/414/325 345/416/327 346/417/328 
f 346/417/328 345/416/327 326/395/308 325/394/307 
f 330/399/312 329/398/311 347/418/329 348/419/330 
f 348/419/330 347/418/329 332/401/314 331/400/313 
f 349/420/331 350/421/332 351/422/149 352/423/54 
f 353/424/333 354/425/145 350/421/332 349/420/331 
f 355/426/50 356/427/144 354/425/145 353/424/333 
f 357/428/70 358/429/165 356/427/144 355/426/50 
f 359/430/68 360/431/163 358/432/165 357/433/70 
f 361/434/334 362/435/335 363/436/336 364/437/337 
f 365/438/338 366/439/339 367/440/60 368/441/155 
f 368/441/155 367/440/60 369/442/340 370/443/341 
f 360/431/163 359/430/68 364/437/337 363/436/336 
f 362/435/335 361/434/334 366/439/339 365/438/338 
f 370/443/341 369/442/340 371/444/56 372/445/151 
f 372/445/151 371/444/56 352/423/54 351/422/149 
s 2
f 3/3/3 2/2/2 26/28/26 25/27/25 
f 2/2/2 6/6/6 29/31/29 26/28/26 
f 6/6/6 8/8/8 71/89/71 29/31/29 
f 8/8/8 10/10/10 31/33/31 71/89/71 
f 10/10/10 12/12/12 32/34/32 31/33/31 
f 12/12/12 14/14/14 35/37/35 32/34/32 
f 14/14/14 16/16/16 37/39/37 35/37/35 
f 16/16/16 18/18/18 39/41/39 37/39/37 
f 18/21/18 20/20/20 41/44/41 39/43/39 
f 20/20/20 22/24/22 43/47/43 41/44/41 
f 22/24/22 24/26/24 45/49/45 43/47/43 
f 24/26/24 3/3/3 25/27/25 45/49/45 
f 301/368/283 304/371/286 28/30/28 27/29/27 
f 304/371/286 321/390/303 46/50/46 28/30/28 
f 321/390/303 319/388/301 44/48/44 46/50/46 
f 319/388/301 317/384/299 42/45/42 44/48/44 
f 317/384/299 315/387/297 40/46/40 42/45/42 
f 315/382/297 313/380/295 38/40/38 40/42/40 
f 313/380/295 311/378/293 36/38/36 38/40/38 
f 311/378/293 307/374/289 33/35/33 36/38/36 
f 307/374/289 310/377/292 34/36/34 33/35/33 
f 310/377/292 323/392/305 72/90/72 34/36/34 
f 323/392/305 305/372/287 30/32/30 72/90/72 
f 305/372/287 301/368/283 27/29/27 30/32/30 
f 75/93/75 74/92/74 98/118/98 97/117/97 
f 74/92/74 95/115/95 117/139/117 98/118/98 
f 95/115/95 93/113/93 115/137/115 117/139/117 
f 93/113/93 91/111/91 113/133/113 115/137/115 
f 91/111/91 89/110/89 111/134/111 113/133/113 
f 89/107/89 87/105/87 109/129/109 111/131/111 
f 87/105/87 85/103/85 107/127/107 109/129/109 
f 85/103/85 83/101/83 103/123/103 107/127/107 
f 83/101/83 81/99/81 104/124/104 103/123/103 
f 81/99/81 79/97/79 167/205/167 104/124/104 
f 79/97/79 77/95/77 101/121/101 167/205/167 
f 77/95/77 75/93/75 97/117/97 101/121/101 
f 325/394/307 328/397/310 100/120/100 99/119/99 
f 328/397/310 330/399/312 102/122/102 100/120/100 
f 330/399/312 348/419/330 168/206/168 102/122/102 
f 348/419/330 331/400/313 105/125/105 168/206/168 
f 331/400/313 334/403/316 106/126/106 105/125/105 
f 334/403/316 336/405/318 108/128/108 106/126/106 
f 336/405/318 338/407/320 110/130/110 108/128/108 
f 338/407/320 340/409/322 112/132/112 110/130/110 
f 340/410/322 342/413/324 114/136/114 112/135/112 
f 342/413/324 344/415/326 116/138/116 114/136/114 
f 344/415/326 346/417/328 118/140/118 116/138/116 
f 346/417/328 325/394/307 99/119/99 118/140/118 
f 234/274/220 233/273/219 255/318/237 254/317/236 
f 233/273/219 244/285/230 257/320/239 255/318/237 
f 244/285/230 243/284/229 259/322/241 257/320/239 
f 243/284/229 242/283/228 261/324/243 259/322/241 
f 242/283/228 241/282/227 263/326/245 261/324/243 
f 241/282/227 240/281/226 265/328/247 263/326/245 
f 240/281/226 239/280/225 267/330/249 265/328/247 
f 239/280/225 238/279/224 269/332/251 267/330/249 
f 238/278/224 237/277/223 271/336/253 269/335/251 
f 237/277/223 236/276/222 273/338/255 271/336/253 
f 236/276/222 235/275/221 275/340/257 273/338/255 
f 235/275/221 234/274/220 254/317/236 275/340/257 
f 1/1/1 4/4/4 253/316/235 256/319/238 
f 4/4/4 23/25/23 276/341/258 253/316/235 
f 23/25/23 21/23/21 274/339/256 276/341/258 
f 21/23/21 19/19/19 272/337/254 274/339/256 
f 19/19/19 17/22/17 270/334/252 272/337/254 
f 17/17/17 15/15/15 268/331/250 270/333/252 
f 15/15/15 13/13/13 266/329/248 268/331/250 
f 13/13/13 11/11/11 264/327/246 266/329/248 
f 11/11/11 9/9/9 262/325/244 264/327/246 
f 9/9/9 7/7/7 260/323/242 262/325/244 
f 7/7/7 5/5/5 258/321/240 260/323/242 
f 5/5/5 1/1/1 256/319/238 258/321/240 
s 1
f 119/141/119 122/144/122 279/344/261 278/343/260 
f 122/144/122 124/146/124 300/367/282 279/344/261 
f 124/146/124 126/148/126 298/365/280 300/367/282 
f 126/148/126 128/150/128 296/361/278 298/365/280 
f 128/150/128 130/152/130 294/362/276 296/361/278 
f 130/153/130 132/156/132 292/357/274 294/359/276 
f 132/156/132 134/158/134 290/355/272 292/357/274 
f 134/158/134 136/160/136 288/353/270 290/355/272 
f 136/160/136 138/162/138 286/351/268 288/353/270 
f 138/162/138 140/164/140 284/349/266 286/351/268 
f 140/164/140 142/166/142 282/347/264 284/349/266 
f 142/166/142 119/141/119 278/343/260 282/347/264 
s 4
f 73/91/73 76/94/76 277/342/259 280/345/262 
f 76/94/76 78/96/78 281/346/263 277/342/259 
f 78/96/78 80/98/80 283/348/265 281/346/263 
f 80/98/80 82/100/82 285/350/267 283/348/265 
f 82/100/82 84/102/84 287/352/269 285/350/267 
f 84/102/84 86/104/86 289/354/271 287/352/269 
f 86/104/86 88/106/88 291/356/273 289/354/271 
f 88/106/88 90/108/90 293/358/275 291/356/273 
f 90/109/90 92/112/92 295/360/277 293/363/275 
f 92/112/92 94/114/94 297/364/279 295/360/277 
f 94/114/94 96/116/96 299/366/281 297/364/279 
f 96/116/96 73/91/73 280/345/262 299/366/281 
s 2
f 309/376/291 308/375/290 349/420/331 352/423/54 
f 308/375/290 312/379/294 353/424/333 349/420/331 
f 312/379/294 314/381/296 355/426/50 353/424/333 
f 314/381/296 316/383/298 357/428/70 355/426/50 
f 316/386/298 318/385/300 359/430/68 357/433/70 
f 318/385/300 320/389/302 364/437/337 359/430/68 
f 320/389/302 322/391/304 361/434/334 364/437/337 
f 322/391/304 303/370/285 366/439/339 361/434/334 
f 303/370/285 302/369/284 367/440/60 366/439/339 
f 302/369/284 306/373/288 369/442/340 367/440/60 
f 306/373/288 324/393/306 371/444/56 369/442/340 
f 324/393/306 309/376/291 352/423/54 371/444/56 
f 327/396/309 326/395/308 365/438/338 368/441/155 
f 326/395/308 345/416/327 362/435/335 365/438/338 
f 345/416/327 343/414/325 363/436/336 362/435/335 
f 343/414/325 341/412/323 360/431/163 363/436/336 
f 341/412/323 339/411/321 358/432/165 360/431/163 
f 339/408/321 337/406/319 356/427/144 358/429/165 
f 337/406/319 335/404/317 354/425/145 356/427/144 
f 335/404/317 333/402/315 350/421/332 354/425/145 
f 333/402/315 332/401/314 351/422/149 350/421/332 
f 332/401/314 347/418/329 372/445/151 351/422/149 
f 347/418/329 329/398/311 370/443/341 372/445/151 
f 329/398/311 327/396/309 368/441/155 370/443/341 
# 355 polygons

#
# object wooden_keg
#

v  80.6702 0.0000 -259.4505
v  80.6702 0.0000 -256.8661
v  81.3433 1.6821 -256.8661
v  81.3433 1.6821 -259.4505
v  95.0000 7.7643 -259.4505
v  89.3586 7.8535 -259.4505
v  89.3586 7.8496 -256.8661
v  95.0000 7.7604 -256.8661
v  84.0111 0.0000 -256.6661
v  84.0111 0.0000 -259.6505
v  90.2435 0.0000 -259.6505
v  90.2435 0.0000 -256.6661
v  84.0111 10.0482 -259.4505
v  84.0111 10.0448 -256.8661
v  84.0111 1.6821 -259.6505
v  89.5955 1.8821 -259.6505
v  79.8114 4.1074 -256.8661
v  79.8113 4.1088 -259.4505
v  84.0111 9.8446 -256.6661
v  84.0111 6.1060 -256.6661
v  89.3586 5.5481 -256.6661
v  89.3586 7.6493 -256.6661
v  89.3586 3.5503 -259.6505
v  95.0000 3.4916 -259.6505
v  95.0000 1.8821 -259.6505
v  95.0000 1.8821 -256.6661
v  95.0000 3.4893 -256.6661
v  89.3586 3.5481 -256.6661
v  89.5955 1.8821 -256.6661
v  95.0000 1.6821 -256.8661
v  89.8404 1.6821 -256.8661
v  89.8404 1.6821 -259.4505
v  95.0000 1.6821 -259.4505
v  90.4435 0.0000 -256.8661
v  90.4435 0.0000 -259.4505
v  84.0111 1.6821 -256.6661
v  84.0111 9.8485 -259.6505
v  84.0111 6.1080 -259.6505
v  82.6772 6.1079 -259.6505
v  82.6772 9.8503 -259.6505
v  82.6772 0.0000 -256.6661
v  82.6772 0.0000 -259.6505
v  82.6772 10.0501 -259.4505
v  82.6772 10.0469 -256.8661
v  82.6772 9.8467 -256.6661
v  82.6772 6.1061 -256.6661
v  89.3586 7.6538 -259.6505
v  89.3586 5.5503 -259.6505
v  79.8115 6.1060 -256.8661
v  80.5752 8.3556 -256.8661
v  80.5752 8.3585 -259.4505
v  79.8114 6.1075 -259.4505
v  84.0111 4.1053 -256.6661
v  95.0000 7.5646 -259.6505
v  95.0000 5.4916 -259.6505
v  95.0000 5.4893 -256.6661
v  95.0000 7.5601 -256.6661
v  80.0115 4.1071 -256.6661
v  81.5433 1.6821 -256.6661
v  82.6772 1.6821 -256.6661
v  82.6772 4.1054 -256.6661
v  84.0111 4.1073 -259.6505
v  80.0114 6.1076 -259.6505
v  80.7460 8.2394 -259.6505
v  80.8702 0.0000 -256.6661
v  80.8702 0.0000 -259.6505
v  81.5433 1.6821 -259.6505
v  82.6772 1.6821 -259.6505
v  80.7459 8.2360 -256.6661
v  80.0115 6.1059 -256.6661
v  80.0113 4.1088 -259.6505
v  82.6772 4.1072 -259.6505
v  84.5008 8.4063 -256.9803
v  82.1875 8.4062 -256.9803
v  82.1875 8.4062 -223.0197
v  84.5007 8.4063 -223.0197
v  109.3298 0.0000 -259.4505
v  108.6567 1.6821 -259.4505
v  108.6567 1.6821 -256.8661
v  109.3298 0.0000 -256.8661
v  100.6414 7.8496 -256.8661
v  100.6414 7.8535 -259.4505
v  105.9889 0.0000 -256.6661
v  99.7566 0.0000 -256.6661
v  99.7566 0.0000 -259.6505
v  105.9889 0.0000 -259.6505
v  105.9889 10.0482 -259.4505
v  105.9889 10.0448 -256.8661
v  100.4045 1.8821 -259.6505
v  105.9889 1.6821 -259.6505
v  110.1887 4.1088 -259.4505
v  110.1886 4.1074 -256.8661
v  105.9889 9.8446 -256.6661
v  100.6414 7.6493 -256.6661
v  100.6414 5.5481 -256.6661
v  105.9889 6.1060 -256.6661
v  100.6414 3.5503 -259.6505
v  100.4045 1.8821 -256.6661
v  100.6414 3.5481 -256.6661
v  100.1596 1.6821 -259.4505
v  100.1596 1.6821 -256.8661
v  99.5565 0.0000 -256.8661
v  99.5565 0.0000 -259.4505
v  105.9889 1.6821 -256.6661
v  105.9889 9.8485 -259.6505
v  107.3228 9.8503 -259.6505
v  107.3228 6.1079 -259.6505
v  105.9889 6.1080 -259.6505
v  107.3228 0.0000 -259.6505
v  107.3228 0.0000 -256.6661
v  107.3228 10.0469 -256.8661
v  107.3228 10.0501 -259.4505
v  107.3228 6.1061 -256.6661
v  107.3228 9.8467 -256.6661
v  100.6414 5.5503 -259.6505
v  100.6414 7.6538 -259.6505
v  110.1885 6.1060 -256.8661
v  110.1886 6.1075 -259.4505
v  109.4248 8.3585 -259.4505
v  109.4248 8.3556 -256.8661
v  105.9889 4.1053 -256.6661
v  109.9885 4.1071 -256.6661
v  107.3228 4.1054 -256.6661
v  107.3228 1.6821 -256.6661
v  108.4567 1.6821 -256.6661
v  105.9889 4.1073 -259.6505
v  109.2540 8.2394 -259.6505
v  109.9886 6.1076 -259.6505
v  109.1298 0.0000 -259.6505
v  109.1298 0.0000 -256.6661
v  107.3228 1.6821 -259.6505
v  108.4567 1.6821 -259.6505
v  109.9885 6.1059 -256.6661
v  109.2541 8.2360 -256.6661
v  107.3228 4.1072 -259.6505
v  109.9887 4.1088 -259.6505
v  105.4993 5.3380 -256.9803
v  107.8125 5.3380 -256.9803
v  107.8125 5.3380 -223.0197
v  105.4992 5.3380 -223.0197
v  107.9125 5.4380 -256.9803
v  107.9125 8.3062 -256.9803
v  107.9125 8.3062 -223.0197
v  107.9125 5.4380 -223.0197
v  105.3992 5.4380 -223.0197
v  105.3992 8.3063 -223.0197
v  105.3992 8.3063 -256.9803
v  105.3993 5.4380 -256.9803
v  105.4992 8.4063 -223.0197
v  107.8125 8.4062 -223.0197
v  107.8125 8.4062 -256.9803
v  105.4993 8.4063 -256.9803
v  80.6702 0.0000 -220.5495
v  81.3433 1.6821 -220.5495
v  81.3433 1.6821 -223.1339
v  80.6702 0.0000 -223.1339
v  95.0000 7.7643 -220.5495
v  95.0000 7.7604 -223.1339
v  89.3586 7.8496 -223.1339
v  89.3586 7.8535 -220.5495
v  84.0111 0.0000 -223.3339
v  90.2434 0.0000 -223.3339
v  90.2434 0.0000 -220.3495
v  84.0111 0.0000 -220.3495
v  84.0111 10.0482 -220.5495
v  84.0111 10.0448 -223.1339
v  89.5955 1.8821 -220.3495
v  84.0111 1.6821 -220.3495
v  79.8113 4.1088 -220.5495
v  79.8114 4.1074 -223.1339
v  84.0111 9.8446 -223.3339
v  89.3586 7.6494 -223.3339
v  89.3586 5.5481 -223.3339
v  84.0111 6.1060 -223.3339
v  95.0000 1.8821 -220.3495
v  95.0000 3.4916 -220.3495
v  89.3586 3.5503 -220.3495
v  95.0000 1.8821 -223.3339
v  89.5955 1.8821 -223.3339
v  89.3586 3.5481 -223.3339
v  95.0000 3.4893 -223.3339
v  95.0000 1.6821 -223.1339
v  95.0000 1.6821 -220.5495
v  89.8404 1.6821 -220.5495
v  89.8404 1.6821 -223.1339
v  90.4435 0.0000 -223.1339
v  90.4435 0.0000 -220.5495
v  84.0111 1.6821 -223.3339
v  84.0111 9.8485 -220.3495
v  82.6772 9.8503 -220.3495
v  82.6772 6.1079 -220.3495
v  84.0111 6.1080 -220.3495
v  82.6772 0.0000 -220.3495
v  82.6772 0.0000 -223.3339
v  82.6772 10.0469 -223.1339
v  82.6772 10.0501 -220.5495
v  82.6772 6.1061 -223.3339
v  82.6772 9.8467 -223.3339
v  89.3586 5.5503 -220.3495
v  89.3586 7.6538 -220.3495
v  79.8115 6.1060 -223.1339
v  79.8114 6.1075 -220.5495
v  80.5752 8.3585 -220.5495
v  80.5752 8.3556 -223.1339
v  84.0111 4.1053 -223.3339
v  95.0000 5.4916 -220.3495
v  95.0000 7.5646 -220.3495
v  95.0000 5.4893 -223.3339
v  95.0000 7.5601 -223.3339
v  80.0115 4.1071 -223.3339
v  82.6772 4.1054 -223.3339
v  82.6772 1.6821 -223.3339
v  81.5433 1.6821 -223.3339
v  84.0111 4.1073 -220.3495
v  80.7460 8.2394 -220.3495
v  80.0114 6.1076 -220.3495
v  80.8702 0.0000 -220.3495
v  80.8702 0.0000 -223.3339
v  82.6772 1.6821 -220.3495
v  81.5433 1.6821 -220.3495
v  80.0115 6.1059 -223.3339
v  80.7459 8.2360 -223.3339
v  82.6772 4.1072 -220.3495
v  80.0113 4.1088 -220.3495
v  84.5007 5.3380 -223.0197
v  82.1875 5.3380 -223.0197
v  82.1875 5.3380 -256.9803
v  84.5008 5.3380 -256.9803
v  109.3298 0.0000 -220.5495
v  109.3298 0.0000 -223.1339
v  108.6567 1.6821 -223.1339
v  108.6567 1.6821 -220.5495
v  100.6414 7.8535 -220.5495
v  100.6414 7.8496 -223.1339
v  105.9889 0.0000 -223.3339
v  105.9889 0.0000 -220.3495
v  99.7565 0.0000 -220.3495
v  99.7565 0.0000 -223.3339
v  105.9889 10.0482 -220.5495
v  105.9889 10.0448 -223.1339
v  105.9889 1.6821 -220.3495
v  100.4045 1.8821 -220.3495
v  110.1886 4.1074 -223.1339
v  110.1887 4.1088 -220.5495
v  105.9889 9.8446 -223.3339
v  105.9889 6.1060 -223.3339
v  100.6414 5.5481 -223.3339
v  100.6414 7.6494 -223.3339
v  100.6414 3.5503 -220.3495
v  100.6414 3.5481 -223.3339
v  100.4045 1.8821 -223.3339
v  100.1596 1.6821 -223.1339
v  100.1596 1.6821 -220.5495
v  99.5565 0.0000 -223.1339
v  99.5565 0.0000 -220.5495
v  105.9889 1.6821 -223.3339
v  105.9889 9.8485 -220.3495
v  105.9889 6.1080 -220.3495
v  107.3228 6.1079 -220.3495
v  107.3228 9.8503 -220.3495
v  107.3228 0.0000 -223.3339
v  107.3228 0.0000 -220.3495
v  107.3228 10.0501 -220.5495
v  107.3228 10.0469 -223.1339
v  107.3228 9.8467 -223.3339
v  107.3228 6.1061 -223.3339
v  100.6414 7.6538 -220.3495
v  100.6414 5.5503 -220.3495
v  110.1885 6.1060 -223.1339
v  109.4248 8.3556 -223.1339
v  109.4248 8.3585 -220.5495
v  110.1886 6.1075 -220.5495
v  105.9889 4.1053 -223.3339
v  109.9885 4.1071 -223.3339
v  108.4567 1.6821 -223.3339
v  107.3228 1.6821 -223.3339
v  107.3228 4.1054 -223.3339
v  105.9889 4.1073 -220.3495
v  109.9886 6.1076 -220.3495
v  109.2540 8.2394 -220.3495
v  109.1298 0.0000 -223.3339
v  109.1298 0.0000 -220.3495
v  108.4567 1.6821 -220.3495
v  107.3228 1.6821 -220.3495
v  109.2541 8.2360 -223.3339
v  109.9885 6.1059 -223.3339
v  109.9887 4.1088 -220.3495
v  107.3228 4.1072 -220.3495
v  108.9338 42.7652 -266.2477
v  110.2825 44.1178 -258.1583
v  115.8985 34.4231 -258.1583
v  114.0542 33.9261 -266.2477
v  100.0799 47.8599 -266.2477
v  100.5715 49.7056 -258.1583
v  89.8648 47.8450 -266.2477
v  89.3677 49.6893 -258.1583
v  81.0257 42.7247 -266.2477
v  79.6731 44.0733 -258.1583
v  75.9310 33.8707 -266.2477
v  74.0853 34.3624 -258.1583
v  75.9458 23.6557 -266.2477
v  74.1015 23.1586 -258.1583
v  81.0662 14.8166 -266.2477
v  79.7175 13.4640 -258.1583
v  89.9201 9.7219 -266.2477
v  89.4285 7.8762 -258.1583
v  100.1352 9.7367 -266.2477
v  100.6323 7.8924 -258.1583
v  108.9743 14.8571 -266.2477
v  110.3269 13.5084 -258.1583
v  114.0690 23.7110 -266.2477
v  115.9147 23.2193 -258.1583
v  116.1965 34.5035 -255.3740
v  110.5004 44.3364 -255.3740
v  111.2725 45.1107 -241.4909
v  117.2523 34.7880 -241.4909
v  100.6510 50.0039 -255.3740
v  100.9325 51.0605 -241.4909
v  79.4545 44.2913 -255.3740
v  73.7870 34.4419 -255.3740
v  72.7304 34.7234 -241.4909
v  78.6802 45.0634 -241.4909
v  73.8035 23.0783 -255.3740
v  72.7477 22.7937 -241.4909
v  79.4995 13.2453 -255.3740
v  78.7275 12.4710 -241.4909
v  89.3490 7.5778 -255.3740
v  89.0675 6.5212 -241.4909
v  100.7126 7.5943 -255.3740
v  100.9971 6.5386 -241.4909
v  110.5455 13.2904 -255.3740
v  111.3198 12.5184 -241.4909
v  116.2130 23.1398 -255.3740
v  117.2696 22.8584 -241.4909
v  108.3797 42.2095 -268.7240
v  113.2965 33.7219 -268.7240
v  112.0404 33.3834 -268.7240
v  107.4612 41.2883 -268.7240
v  113.3107 23.9130 -268.7240
v  112.0536 24.2479 -268.7240
v  108.4186 15.4111 -268.7240
v  107.4974 16.3297 -268.7240
v  99.9310 10.4944 -268.7240
v  99.5925 11.7505 -268.7240
v  90.1221 10.4801 -268.7240
v  90.4570 11.7372 -268.7240
v  81.6203 15.3722 -268.7240
v  82.5388 16.2935 -268.7240
v  76.7035 23.8599 -268.7240
v  77.9596 24.1984 -268.7240
v  76.6893 33.6687 -268.7240
v  77.9464 33.3339 -268.7240
v  81.5814 42.1706 -268.7240
v  82.5026 41.2520 -268.7240
v  90.0690 47.0874 -268.7240
v  90.4075 45.8313 -268.7240
v  99.8779 47.1016 -268.7240
v  99.5430 45.8445 -268.7240
v  111.8473 33.3313 -268.5294
v  107.3200 41.1466 -268.5294
v  111.8604 24.2994 -268.5294
v  107.3558 16.4709 -268.5294
v  99.5404 11.9436 -268.5294
v  90.5085 11.9305 -268.5294
v  82.6800 16.4351 -268.5294
v  78.1527 24.2504 -268.5294
v  78.1396 33.2824 -268.5294
v  82.6442 41.1108 -268.5294
v  90.4596 45.6381 -268.5294
v  99.4915 45.6513 -268.5294
v  89.2874 49.9874 -255.3740
v  89.0029 51.0432 -241.4909
v  114.0542 33.9261 -213.7523
v  115.8984 34.4231 -221.8417
v  110.2825 44.1178 -221.8417
v  108.9338 42.7652 -213.7523
v  100.5715 49.7056 -221.8417
v  100.0798 47.8599 -213.7523
v  89.3677 49.6893 -221.8417
v  89.8648 47.8450 -213.7523
v  79.6731 44.0733 -221.8417
v  81.0257 42.7247 -213.7523
v  74.0853 34.3624 -221.8417
v  75.9310 33.8707 -213.7523
v  74.1015 23.1586 -221.8417
v  75.9458 23.6557 -213.7523
v  79.7175 13.4640 -221.8417
v  81.0662 14.8166 -213.7523
v  89.4284 7.8762 -221.8417
v  89.9201 9.7219 -213.7523
v  100.6322 7.8924 -221.8417
v  100.1352 9.7367 -213.7523
v  110.3269 13.5084 -221.8417
v  108.9743 14.8571 -213.7523
v  115.9147 23.2193 -221.8417
v  114.0690 23.7110 -213.7523
v  110.5004 44.3364 -224.6260
v  116.1965 34.5035 -224.6260
v  117.2523 34.7880 -238.5091
v  111.2725 45.1107 -238.5091
v  100.6510 50.0039 -224.6260
v  100.9325 51.0605 -238.5092
v  73.7869 34.4419 -224.6260
v  79.4545 44.2913 -224.6260
v  78.6802 45.0634 -238.5092
v  72.7303 34.7234 -238.5092
v  73.8035 23.0783 -224.6260
v  72.7477 22.7937 -238.5092
v  79.4995 13.2453 -224.6260
v  78.7275 12.4710 -238.5092
v  89.3490 7.5778 -224.6260
v  89.0675 6.5212 -238.5092
v  100.7126 7.5943 -224.6260
v  100.9971 6.5386 -238.5092
v  110.5455 13.2904 -224.6260
v  111.3198 12.5184 -238.5092
v  116.2130 23.1398 -224.6260
v  117.2696 22.8584 -238.5091
v  108.3797 42.2095 -211.2760
v  107.4612 41.2883 -211.2760
v  112.0404 33.3834 -211.2760
v  113.2965 33.7219 -211.2760
v  112.0536 24.2479 -211.2760
v  113.3107 23.9130 -211.2760
v  107.4974 16.3297 -211.2760
v  108.4186 15.4111 -211.2760
v  99.5925 11.7505 -211.2760
v  99.9310 10.4944 -211.2760
v  90.4570 11.7372 -211.2760
v  90.1221 10.4801 -211.2760
v  82.5388 16.2935 -211.2760
v  81.6203 15.3722 -211.2760
v  77.9596 24.1984 -211.2760
v  76.7035 23.8598 -211.2760
v  77.9464 33.3339 -211.2760
v  76.6892 33.6687 -211.2760
v  82.5026 41.2520 -211.2760
v  81.5814 42.1706 -211.2760
v  90.4075 45.8313 -211.2760
v  90.0690 47.0874 -211.2760
v  99.5430 45.8445 -211.2760
v  99.8779 47.1016 -211.2760
v  107.3199 41.1466 -211.4707
v  111.8473 33.3313 -211.4707
v  111.8604 24.2994 -211.4707
v  107.3558 16.4709 -211.4707
v  99.5404 11.9436 -211.4707
v  90.5085 11.9305 -211.4707
v  82.6800 16.4351 -211.4707
v  78.1527 24.2504 -211.4707
v  78.1396 33.2824 -211.4707
v  82.6442 41.1108 -211.4707
v  90.4596 45.6381 -211.4707
v  99.4915 45.6513 -211.4707
v  89.2874 49.9874 -224.6260
v  89.0029 51.0432 -238.5092
v  96.6069 52.5805 -231.7806
v  95.0000 52.6791 -232.4389
v  93.3931 52.5805 -231.7806
v  97.2725 52.3424 -230.1914
v  92.7275 52.3424 -230.1914
v  96.6069 52.1044 -228.6022
v  93.3931 52.1044 -228.6022
v  95.0000 52.0058 -227.9440
v  96.3426 49.2271 -229.3004
v  96.8988 49.4260 -230.6283
v  95.0000 49.1448 -228.7504
v  93.6573 49.2271 -229.3004
v  93.1012 49.4260 -230.6283
v  93.6573 49.6249 -231.9561
v  95.0000 49.7073 -232.5061
v  96.3426 49.6249 -231.9561
v  95.5763 16.5501 -202.8553
v  94.1850 16.5501 -203.4316
v  94.4237 16.5501 -204.0079
v  95.8150 16.5501 -203.4316
v  95.5763 16.5501 -204.0079
v  95.5763 17.8924 -204.0063
v  95.8150 18.1790 -203.4316
v  95.0000 16.5501 -204.2466
v  95.0000 17.7737 -204.2444
v  94.4237 17.8924 -204.0063
v  94.1850 18.1790 -203.4316
v  94.4237 16.5501 -202.8553
v  94.4237 18.4655 -202.8569
v  95.0000 16.5501 -202.6166
v  95.0000 18.5843 -202.6188
v  95.5763 18.4655 -202.8569
v  95.6042 18.6674 -204.5710
v  95.8544 19.1970 -204.1266
v  95.0000 18.4480 -204.7551
v  94.3958 18.6674 -204.5710
v  94.1456 19.1970 -204.1266
v  94.3958 19.7266 -203.6823
v  95.0000 19.9459 -203.4982
v  95.6042 19.7266 -203.6823
v  95.6729 19.0888 -205.5069
v  95.8748 19.1931 -206.2926
v  96.2371 20.0667 -206.2924
v  95.9516 19.8078 -205.2939
v  95.0000 18.7910 -205.5952
v  95.0000 18.8313 -206.2926
v  94.3271 19.0888 -205.5069
v  94.1252 19.1931 -206.2926
v  94.0484 19.8078 -205.2939
v  93.7629 20.0667 -206.2924
v  94.3271 20.5268 -205.0809
v  94.1252 20.9403 -206.2923
v  95.0000 20.8246 -204.9927
v  95.0000 21.3021 -206.2922
v  95.6729 20.5268 -205.0809
v  95.8748 20.9403 -206.2923
v  96.3031 18.7651 -207.1305
v  96.8428 20.0667 -207.1302
v  95.0000 18.2260 -207.1306
v  93.6969 18.7651 -207.1305
v  93.1572 20.0667 -207.1302
v  93.6969 21.3682 -207.1299
v  95.0000 21.9074 -207.1298
v  96.3031 21.3682 -207.1299
v  95.8748 19.1925 -209.6434
v  95.8748 19.1919 -211.8674
v  96.2371 20.0667 -211.8674
v  96.2371 20.0667 -209.6434
v  95.0000 18.8304 -209.6435
v  95.0000 18.8296 -211.8674
v  94.1252 19.1925 -209.6434
v  94.1252 19.1919 -211.8674
v  93.7629 20.0667 -209.6434
v  93.7629 20.0667 -211.8674
v  94.1252 20.9409 -209.6434
v  94.1252 20.9415 -211.8674
v  95.0000 21.3030 -209.6433
v  95.0000 21.3038 -211.8674
v  95.8748 20.9409 -209.6434
v  95.8748 20.9415 -211.8674
v  96.4291 18.6390 -207.9682
v  97.0211 20.0667 -207.9679
v  95.0000 18.0476 -207.9683
v  93.5708 18.6390 -207.9682
v  92.9789 20.0667 -207.9679
v  93.5708 21.4944 -207.9677
v  95.0000 22.0858 -207.9676
v  96.4291 21.4944 -207.9677
v  96.3031 18.7647 -208.8059
v  96.8428 20.0667 -208.8057
v  95.0000 18.2255 -208.8059
v  93.6969 18.7648 -208.8059
v  93.1572 20.0667 -208.8057
v  93.6969 21.3686 -208.8055
v  95.0000 21.9079 -208.8054
v  96.3031 21.3686 -208.8055
v  95.3193 24.4203 -207.6484
v  94.5485 24.4203 -207.9676
v  94.6807 24.4203 -207.6484
v  95.0000 24.4203 -207.5161
v  95.4515 24.4203 -207.9676
v  95.3193 24.4203 -208.2869
v  95.0000 24.4203 -208.4191
v  94.6807 24.4203 -208.2869
v  95.3193 21.2744 -208.2867
v  95.3193 23.2121 -208.2868
v  95.4515 23.2120 -207.9676
v  95.4515 21.2741 -207.9676
v  95.0000 21.2746 -208.4188
v  95.0000 23.2121 -208.4191
v  94.6807 21.2744 -208.2867
v  94.6807 23.2121 -208.2868
v  94.5485 21.2741 -207.9676
v  94.5485 23.2120 -207.9676
v  94.6807 21.2738 -207.6486
v  94.6807 23.2119 -207.6484
v  95.0000 21.2737 -207.5164
v  95.0000 23.2119 -207.5162
v  95.3193 21.2738 -207.6486
v  95.3193 23.2119 -207.6484
v  95.3193 24.1548 -208.2869
v  95.4515 24.1548 -207.9676
v  95.0000 24.1548 -208.4191
v  94.6807 24.1548 -208.2869
v  94.5485 24.1548 -207.9676
v  94.6807 24.1547 -207.6484
v  95.0000 24.1547 -207.5162
v  95.3193 24.1547 -207.6484
v  96.6055 23.3716 -209.1056
v  96.7155 23.6834 -209.1512
v  97.0500 23.6834 -208.3438
v  96.9399 23.3716 -208.2982
v  93.8621 23.3717 -209.5732
v  93.8166 23.6834 -209.6832
v  94.6217 23.6837 -210.0166
v  94.6686 23.3723 -209.9072
v  93.3944 23.3715 -206.8297
v  93.2844 23.6833 -206.7841
v  92.9500 23.6833 -207.5915
v  93.0600 23.3716 -207.6370
v  96.1379 23.3716 -206.3621
v  96.1834 23.6833 -206.2520
v  95.3760 23.6837 -205.9178
v  95.3306 23.3723 -206.0277
v  96.5588 24.1548 -207.9676
v  96.1022 24.1548 -209.0699
v  96.1022 24.1547 -206.8654
v  95.0000 24.1547 -206.4088
v  93.8977 24.1547 -206.8654
v  93.4412 24.1548 -207.9676
v  93.8977 24.1548 -209.0699
v  94.9955 24.1548 -209.5245
v  96.1022 23.2121 -209.0698
v  96.5587 23.2120 -207.9676
v  95.0000 23.2128 -209.5263
v  93.8978 23.2121 -209.0698
v  93.4412 23.2120 -207.9676
v  93.8978 23.2119 -206.8654
v  95.0000 23.2129 -206.4090
v  96.1022 23.2119 -206.8654
v  96.1740 23.6833 -206.6910
v  96.7330 23.6834 -208.0398
v  93.2669 23.6834 -207.8955
v  93.8259 23.6835 -209.2443
v  96.2764 23.6834 -209.1422
v  94.9260 23.6838 -209.6995
v  93.7235 23.6833 -206.7930
v  95.0718 23.6838 -206.2346
v  96.9400 23.9952 -208.2983
v  96.6056 23.9952 -209.1056
v  94.6657 23.9952 -209.9061
v  93.8620 23.9952 -209.5732
v  93.0600 23.9952 -207.6370
v  93.3944 23.9951 -206.8296
v  95.3306 23.9951 -206.0276
v  96.1380 23.9951 -206.3621
v  82.0875 8.3062 -256.9803
v  82.0875 5.4380 -256.9803
v  82.0875 5.4380 -223.0197
v  82.0875 8.3062 -223.0197
v  84.6008 8.3063 -256.9803
v  84.6008 8.3063 -223.0197
v  84.6007 5.4380 -223.0197
v  84.6008 5.4380 -256.9803
v  116.4844 34.5811 -255.4071
v  116.1863 34.5007 -258.1913
v  110.4930 44.3289 -258.1913
v  110.7110 44.5475 -255.4071
v  100.6483 49.9937 -258.1913
v  100.7278 50.2920 -255.4071
v  79.2433 44.5018 -255.4071
v  79.4619 44.2839 -258.1913
v  73.7971 34.4392 -258.1913
v  73.4988 34.5186 -255.4071
v  73.8136 23.0810 -258.1913
v  73.5156 23.0007 -255.4071
v  79.5070 13.2528 -258.1913
v  79.2890 13.0342 -255.4071
v  89.3517 7.5880 -258.1913
v  89.2722 7.2897 -255.4071
v  100.7098 7.6045 -258.1913
v  100.7902 7.3064 -255.4071
v  110.5380 13.2979 -258.1913
v  110.7567 13.0799 -255.4071
v  116.2028 23.1426 -258.1913
v  116.5012 23.0631 -255.4071
v  89.2901 49.9772 -258.1913
v  89.2098 50.2753 -255.4071
v  110.7110 44.5475 -224.5929
v  110.4930 44.3289 -221.8087
v  116.1863 34.5007 -221.8087
v  116.4844 34.5811 -224.5929
v  100.7278 50.2920 -224.5929
v  100.6483 49.9937 -221.8087
v  73.4988 34.5186 -224.5929
v  73.7971 34.4392 -221.8087
v  79.4619 44.2839 -221.8087
v  79.2433 44.5018 -224.5929
v  73.5155 23.0007 -224.5929
v  73.8136 23.0810 -221.8087
v  79.2890 13.0342 -224.5929
v  79.5070 13.2528 -221.8087
v  89.2722 7.2897 -224.5929
v  89.3517 7.5880 -221.8087
v  100.7902 7.3064 -224.5929
v  100.7098 7.6045 -221.8087
v  110.7567 13.0799 -224.5929
v  110.5380 13.2979 -221.8087
v  116.5011 23.0631 -224.5929
v  116.2028 23.1426 -221.8087
v  89.2098 50.2753 -224.5929
v  89.2901 49.9772 -221.8087
v  114.3361 34.0021 -266.3167
v  113.8159 33.8619 -268.5983
v  108.7596 42.5904 -268.5983
v  109.1399 42.9719 -266.3167
v  100.0163 47.6214 -268.5983
v  100.1550 48.1420 -266.3167
v  89.9290 47.6068 -268.5983
v  89.7888 48.1270 -266.3167
v  81.2004 42.5504 -268.5983
v  80.8189 42.9308 -266.3167
v  76.1694 33.8072 -268.5983
v  75.6489 33.9459 -266.3167
v  76.1841 23.7199 -268.5983
v  75.6639 23.5797 -266.3167
v  81.2404 14.9913 -268.5983
v  80.8600 14.6098 -266.3167
v  89.9837 9.9603 -268.5983
v  89.8450 9.4397 -266.3167
v  100.0710 9.9750 -268.5983
v  100.2112 9.4548 -266.3167
v  108.7996 15.0313 -268.5983
v  109.1811 14.6509 -266.3167
v  113.8305 23.7745 -268.5983
v  114.3511 23.6358 -266.3167
v  109.1399 42.9719 -213.6834
v  108.7595 42.5904 -211.4017
v  113.8159 33.8619 -211.4017
v  114.3361 34.0021 -213.6834
v  100.1550 48.1420 -213.6834
v  100.0163 47.6214 -211.4017
v  89.7888 48.1269 -213.6834
v  89.9290 47.6068 -211.4017
v  80.8189 42.9308 -213.6834
v  81.2004 42.5504 -211.4017
v  75.6489 33.9459 -213.6834
v  76.1694 33.8072 -211.4017
v  75.6639 23.5797 -213.6834
v  76.1841 23.7199 -211.4017
v  80.8600 14.6098 -213.6834
v  81.2404 14.9913 -211.4017
v  89.8450 9.4397 -213.6834
v  89.9837 9.9603 -211.4017
v  100.2112 9.4548 -213.6834
v  100.0710 9.9750 -211.4017
v  109.1811 14.6509 -213.6834
v  108.7996 15.0313 -211.4017
v  114.3511 23.6358 -213.6834
v  113.8305 23.7745 -211.4017
v  72.4405 34.8006 -241.4909
v  72.4405 34.8006 -238.5092
v  78.4677 45.2752 -238.5092
v  78.4677 45.2752 -241.4909
v  72.4580 22.7157 -241.4909
v  72.4580 22.7157 -238.5092
v  78.5157 12.2586 -241.4909
v  78.5157 12.2586 -238.5092
v  88.9903 6.2313 -241.4909
v  88.9903 6.2313 -238.5092
v  101.0752 6.2489 -241.4909
v  101.0752 6.2489 -238.5092
v  117.5595 22.7812 -241.4909
v  117.5595 22.7811 -238.5091
v  111.5323 12.3065 -238.5092
v  111.5323 12.3065 -241.4909
v  117.5420 34.8661 -238.5091
v  117.5420 34.8661 -241.4909
v  111.4843 45.3231 -241.4909
v  111.4843 45.3231 -238.5091
v  101.0097 51.3504 -241.4909
v  101.0097 51.3504 -238.5092
v  88.9248 51.3328 -241.4909
v  88.9248 51.3328 -238.5092
# 760 vertices

vn -0.8143 -0.4919 -0.3082
vn -0.8143 -0.4919 0.3082
vn -0.8995 -0.0940 0.4266
vn -0.8995 -0.0938 -0.4266
vn 0.0000 0.9238 -0.3830
vn 0.1927 0.8993 -0.3925
vn 0.1925 0.8985 0.3945
vn -0.0000 0.9229 0.3851
vn -0.0000 -0.7071 0.7071
vn 0.0000 -0.7071 -0.7071
vn 0.3669 -0.5716 -0.7340
vn 0.3669 -0.5716 0.7340
vn 0.1755 0.9153 -0.3626
vn 0.1755 0.9146 0.3644
vn 0.0000 -0.0000 -1.0000
vn 0.0904 -0.0669 -0.9937
vn -0.9014 -0.2495 0.3539
vn -0.9014 -0.2493 -0.3541
vn 0.0910 0.4171 0.9043
vn -0.0000 0.0000 1.0000
vn -0.0000 -0.0000 1.0000
vn 0.0645 0.3399 0.9382
vn 0.0000 0.0000 -1.0000
vn 0.0000 -0.3827 -0.9239
vn -0.0000 -0.3827 0.9239
vn 0.0904 -0.0669 0.9937
vn -0.0000 -0.9239 0.3826
vn 0.6536 -0.4133 0.6341
vn 0.6536 -0.4133 -0.6341
vn 0.0000 -0.9239 -0.3827
vn 0.8061 -0.5057 0.3074
vn 0.8061 -0.5057 -0.3074
vn 0.0911 0.4177 -0.9040
vn -0.1902 0.4327 -0.8813
vn 0.0000 -0.7071 0.7071
vn -0.2968 0.8897 -0.3469
vn -0.2966 0.8892 0.3484
vn -0.1900 0.4321 0.8816
vn 0.0646 0.3406 -0.9380
vn -0.9185 0.1476 0.3669
vn -0.7616 0.5325 0.3693
vn -0.7619 0.5327 -0.3685
vn -0.9186 0.1476 -0.3667
vn 0.0000 0.0000 1.0000
vn 0.0000 0.3797 -0.9251
vn -0.0000 0.3790 0.9254
vn -0.4279 -0.1440 0.8923
vn -0.2766 -0.0213 0.9607
vn -0.4133 0.0751 -0.9075
vn -0.3511 0.2417 -0.9046
vn -0.3775 -0.5607 0.7370
vn -0.3775 -0.5607 -0.7370
vn -0.2767 -0.0213 -0.9607
vn -0.3509 0.2415 0.9047
vn -0.4133 0.0751 0.9075
vn -0.4279 -0.1438 -0.8923
vn 0.3827 0.9239 0.0000
vn -0.3826 0.9239 -0.0000
vn -0.3827 0.9239 -0.0000
vn 0.8143 -0.4919 -0.3082
vn 0.8995 -0.0938 -0.4266
vn 0.8995 -0.0940 0.4266
vn 0.8143 -0.4919 0.3082
vn -0.1925 0.8985 0.3945
vn -0.1927 0.8993 -0.3925
vn -0.3669 -0.5716 0.7340
vn -0.3669 -0.5716 -0.7340
vn -0.1755 0.9153 -0.3626
vn -0.1755 0.9146 0.3644
vn -0.0904 -0.0669 -0.9937
vn 0.9014 -0.2493 -0.3541
vn 0.9014 -0.2495 0.3539
vn -0.0910 0.4171 0.9043
vn -0.0645 0.3399 0.9382
vn -0.0904 -0.0669 0.9937
vn -0.6536 -0.4133 -0.6341
vn -0.6536 -0.4133 0.6341
vn -0.8061 -0.5057 0.3074
vn -0.8061 -0.5057 -0.3074
vn -0.0911 0.4177 -0.9040
vn 0.1902 0.4327 -0.8813
vn 0.2966 0.8892 0.3484
vn 0.2968 0.8897 -0.3469
vn 0.1900 0.4321 0.8816
vn -0.0646 0.3406 -0.9380
vn 0.9185 0.1476 0.3669
vn 0.9186 0.1476 -0.3667
vn 0.7619 0.5327 -0.3685
vn 0.7616 0.5325 0.3693
vn 0.4279 -0.1440 0.8923
vn 0.0000 -0.0000 1.0000
vn 0.2766 -0.0213 0.9607
vn 0.3511 0.2417 -0.9046
vn 0.4133 0.0751 -0.9075
vn 0.3775 -0.5607 -0.7370
vn 0.3775 -0.5607 0.7370
vn 0.2767 -0.0213 -0.9607
vn 0.4133 0.0751 0.9075
vn 0.3509 0.2415 0.9047
vn 0.4279 -0.1438 -0.8923
vn -0.3826 -0.9239 -0.0000
vn 0.3827 -0.9239 0.0000
vn 0.3826 -0.9239 0.0000
vn -0.3827 -0.9239 -0.0000
vn 0.9239 -0.3826 0.0000
vn 0.9239 0.3826 0.0000
vn 0.9239 0.3827 0.0000
vn 0.9239 -0.3827 0.0000
vn -0.9239 -0.3826 -0.0000
vn -0.9239 0.3827 -0.0000
vn -0.9239 -0.3827 -0.0000
vn 0.3826 0.9239 0.0000
vn -0.8995 -0.0938 0.4266
vn -0.8995 -0.0940 -0.4266
vn -0.0000 0.9238 0.3830
vn -0.0000 0.9229 -0.3851
vn 0.1925 0.8985 -0.3945
vn 0.1927 0.8993 0.3925
vn 0.1755 0.9153 0.3626
vn 0.1755 0.9146 -0.3644
vn -0.9014 -0.2493 0.3541
vn -0.9014 -0.2495 -0.3539
vn 0.0910 0.4171 -0.9043
vn 0.0645 0.3399 -0.9382
vn 0.0000 -0.3827 0.9239
vn -0.0000 -0.9239 -0.3827
vn 0.0000 -0.9239 0.3827
vn 0.0911 0.4177 0.9040
vn -0.1902 0.4327 0.8813
vn -0.2966 0.8892 -0.3484
vn -0.2969 0.8897 0.3469
vn -0.1900 0.4321 -0.8816
vn 0.0646 0.3406 0.9380
vn -0.9185 0.1476 -0.3669
vn -0.9186 0.1476 0.3667
vn -0.7619 0.5327 0.3685
vn -0.7616 0.5325 -0.3693
vn 0.0000 0.3797 0.9251
vn 0.0000 0.3790 -0.9254
vn -0.4279 -0.1440 -0.8923
vn -0.2766 -0.0213 -0.9607
vn -0.3511 0.2417 0.9046
vn -0.2767 -0.0213 0.9607
vn -0.3509 0.2415 -0.9047
vn -0.4279 -0.1438 0.8923
vn 0.8995 -0.0940 -0.4266
vn 0.8995 -0.0938 0.4266
vn -0.1927 0.8993 0.3925
vn -0.1925 0.8985 -0.3945
vn -0.1755 0.9153 0.3626
vn -0.1755 0.9146 -0.3644
vn 0.9014 -0.2495 -0.3539
vn 0.9014 -0.2493 0.3541
vn -0.0910 0.4171 -0.9043
vn -0.0645 0.3399 -0.9382
vn -0.0911 0.4177 0.9040
vn 0.1902 0.4327 0.8813
vn 0.2968 0.8897 0.3469
vn 0.2966 0.8892 -0.3484
vn 0.1900 0.4321 -0.8816
vn -0.0646 0.3406 0.9380
vn 0.9185 0.1476 -0.3669
vn 0.7616 0.5325 -0.3693
vn 0.7619 0.5327 0.3685
vn 0.9186 0.1476 0.3667
vn 0.4279 -0.1440 -0.8923
vn 0.2766 -0.0213 -0.9607
vn 0.3511 0.2417 0.9046
vn 0.2767 -0.0213 0.9607
vn 0.3509 0.2415 -0.9047
vn 0.4279 -0.1438 0.8923
vn 0.5725 0.5741 0.5853
vn 0.3482 0.3492 -0.8700
vn 0.4761 0.1283 -0.8700
vn 0.7829 0.2110 0.5853
vn 0.2087 0.7835 0.5853
vn 0.1269 0.4765 -0.8700
vn -0.2110 0.7829 0.5853
vn -0.1283 0.4761 -0.8700
vn -0.5741 0.5725 0.5853
vn -0.3492 0.3482 -0.8700
vn -0.7835 0.2087 0.5853
vn -0.4765 0.1269 -0.8700
vn -0.7829 -0.2110 0.5853
vn -0.4761 -0.1283 -0.8700
vn -0.5725 -0.5741 0.5853
vn -0.3482 -0.3492 -0.8700
vn -0.2087 -0.7835 0.5853
vn -0.1269 -0.4765 -0.8700
vn 0.2110 -0.7829 0.5853
vn 0.1283 -0.4761 -0.8700
vn 0.5741 -0.5725 0.5853
vn 0.3492 -0.3482 -0.8700
vn 0.7835 -0.2087 0.5853
vn 0.4765 -0.1269 -0.8700
vn 0.6898 0.1859 0.6997
vn 0.5045 0.5059 0.6997
vn 0.4293 0.4305 -0.7940
vn 0.5870 0.1582 -0.7940
vn 0.1839 0.6904 0.6997
vn 0.1565 0.5875 -0.7940
vn -0.5059 0.5045 0.6997
vn -0.6904 0.1839 0.6997
vn -0.5875 0.1565 -0.7940
vn -0.4305 0.4293 -0.7940
vn -0.6898 -0.1859 0.6997
vn -0.5870 -0.1582 -0.7940
vn -0.5045 -0.5059 0.6997
vn -0.4293 -0.4305 -0.7940
vn -0.1839 -0.6904 0.6997
vn -0.1565 -0.5875 -0.7940
vn 0.1859 -0.6898 0.6997
vn 0.1582 -0.5870 -0.7940
vn 0.5059 -0.5045 0.6997
vn 0.4305 -0.4293 -0.7940
vn 0.6904 -0.1839 0.6997
vn 0.5875 -0.1565 -0.7940
vn 0.0941 0.0944 -0.9911
vn 0.1287 0.0347 -0.9911
vn -0.3091 -0.0833 -0.9474
vn -0.2261 -0.2267 -0.9474
vn 0.1288 -0.0343 -0.9911
vn -0.3094 0.0824 -0.9474
vn 0.0944 -0.0941 -0.9911
vn -0.2267 0.2261 -0.9474
vn 0.0347 -0.1287 -0.9911
vn -0.0833 0.3092 -0.9474
vn -0.0343 -0.1288 -0.9911
vn 0.0824 0.3094 -0.9474
vn -0.0941 -0.0944 -0.9911
vn 0.2261 0.2267 -0.9474
vn -0.1287 -0.0347 -0.9911
vn 0.3092 0.0833 -0.9474
vn -0.1288 0.0343 -0.9911
vn 0.3094 -0.0824 -0.9474
vn -0.0944 0.0941 -0.9911
vn 0.2267 -0.2261 -0.9474
vn -0.0347 0.1287 -0.9911
vn 0.0833 -0.3091 -0.9474
vn 0.0343 0.1288 -0.9911
vn -0.0824 -0.3094 -0.9474
vn -0.4128 -0.1113 -0.9040
vn -0.3019 -0.3028 -0.9040
vn -0.4132 0.1101 -0.9040
vn -0.3028 0.3019 -0.9040
vn -0.1113 0.4129 -0.9040
vn 0.1101 0.4132 -0.9040
vn 0.3019 0.3028 -0.9040
vn 0.4129 0.1113 -0.9040
vn 0.4132 -0.1101 -0.9040
vn 0.3028 -0.3019 -0.9040
vn 0.1113 -0.4129 -0.9040
vn -0.1101 -0.4132 -0.9040
vn -0.1859 0.6898 0.6997
vn -0.1582 0.5870 -0.7940
vn 0.7829 0.2110 -0.5853
vn 0.4761 0.1283 0.8700
vn 0.3482 0.3492 0.8700
vn 0.5725 0.5741 -0.5853
vn 0.1269 0.4765 0.8700
vn 0.2087 0.7835 -0.5853
vn -0.1283 0.4761 0.8700
vn -0.2110 0.7829 -0.5853
vn -0.3492 0.3482 0.8700
vn -0.5741 0.5725 -0.5853
vn -0.4765 0.1269 0.8700
vn -0.7835 0.2087 -0.5853
vn -0.4761 -0.1283 0.8700
vn -0.7829 -0.2110 -0.5853
vn -0.3482 -0.3492 0.8700
vn -0.5725 -0.5741 -0.5853
vn -0.1269 -0.4765 0.8700
vn -0.2087 -0.7835 -0.5853
vn 0.1283 -0.4761 0.8700
vn 0.2110 -0.7829 -0.5853
vn 0.3492 -0.3482 0.8700
vn 0.5741 -0.5725 -0.5853
vn 0.4765 -0.1269 0.8700
vn 0.7835 -0.2087 -0.5853
vn 0.5045 0.5059 -0.6997
vn 0.6898 0.1859 -0.6997
vn 0.5870 0.1582 0.7940
vn 0.4293 0.4305 0.7940
vn 0.1839 0.6904 -0.6997
vn 0.1565 0.5875 0.7940
vn -0.6904 0.1839 -0.6997
vn -0.5059 0.5045 -0.6997
vn -0.4305 0.4293 0.7940
vn -0.5875 0.1565 0.7940
vn -0.6898 -0.1859 -0.6997
vn -0.5870 -0.1582 0.7940
vn -0.5045 -0.5059 -0.6997
vn -0.4293 -0.4305 0.7940
vn -0.1839 -0.6904 -0.6997
vn -0.1565 -0.5875 0.7940
vn 0.1859 -0.6898 -0.6997
vn 0.1582 -0.5870 0.7940
vn 0.5059 -0.5045 -0.6997
vn 0.4305 -0.4293 0.7940
vn 0.6904 -0.1839 -0.6997
vn 0.5875 -0.1565 0.7940
vn 0.0941 0.0944 0.9911
vn -0.2261 -0.2267 0.9473
vn -0.3092 -0.0833 0.9474
vn 0.1287 0.0347 0.9911
vn -0.3094 0.0824 0.9473
vn 0.1288 -0.0343 0.9911
vn -0.2267 0.2261 0.9473
vn 0.0944 -0.0941 0.9911
vn -0.0833 0.3092 0.9473
vn 0.0347 -0.1287 0.9911
vn 0.0824 0.3094 0.9473
vn -0.0343 -0.1288 0.9911
vn 0.2261 0.2267 0.9473
vn -0.0941 -0.0944 0.9911
vn 0.3092 0.0833 0.9473
vn -0.1287 -0.0347 0.9911
vn 0.3094 -0.0824 0.9473
vn -0.1288 0.0343 0.9911
vn 0.2267 -0.2261 0.9474
vn -0.0944 0.0941 0.9911
vn 0.0833 -0.3092 0.9473
vn -0.0347 0.1287 0.9911
vn -0.0824 -0.3094 0.9473
vn 0.0343 0.1288 0.9911
vn -0.3019 -0.3028 0.9040
vn -0.4128 -0.1113 0.9040
vn -0.4132 0.1101 0.9039
vn -0.3028 0.3019 0.9040
vn -0.1113 0.4129 0.9040
vn 0.1101 0.4132 0.9040
vn 0.3019 0.3028 0.9040
vn 0.4129 0.1113 0.9040
vn 0.4132 -0.1101 0.9040
vn 0.3028 -0.3019 0.9040
vn 0.1113 -0.4129 0.9040
vn -0.1101 -0.4132 0.9040
vn -0.1859 0.6898 -0.6997
vn -0.1582 0.5870 0.7940
vn 0.5748 0.6611 -0.4822
vn 0.0000 0.6964 -0.7177
vn -0.5748 0.6612 -0.4821
vn 0.8129 0.5760 0.0863
vn -0.8129 0.5760 0.0863
vn 0.5748 0.4908 0.6547
vn -0.5748 0.4908 0.6547
vn 0.0000 0.4556 0.8902
vn 0.7015 -0.2282 0.6751
vn 0.9921 -0.1243 -0.0186
vn -0.0000 -0.2713 0.9625
vn -0.7015 -0.2282 0.6751
vn -0.9921 -0.1243 -0.0186
vn -0.7015 -0.0204 -0.7124
vn 0.0000 0.0226 -0.9997
vn 0.7015 -0.0204 -0.7124
vn 0.5490 -0.6300 0.5492
vn -0.7764 -0.6302 -0.0000
vn -0.5490 -0.6300 -0.5493
vn 0.7764 -0.6303 -0.0000
vn 0.5490 -0.6300 -0.5493
vn 0.7694 -0.2051 -0.6050
vn 0.9971 -0.0058 0.0764
vn 0.0000 -0.6296 -0.7769
vn -0.0000 -0.3047 -0.9524
vn -0.7694 -0.2051 -0.6050
vn -0.9971 -0.0058 0.0764
vn -0.5490 -0.6300 0.5492
vn -0.6951 0.1959 0.6917
vn 0.0000 -0.6298 0.7767
vn -0.0000 0.2947 0.9556
vn 0.6951 0.1959 0.6917
vn 0.7691 -0.5207 -0.3707
vn 0.9970 0.0037 0.0779
vn 0.0000 -0.7951 -0.6065
vn -0.7691 -0.5207 -0.3707
vn -0.9970 0.0037 0.0779
vn -0.7101 0.4978 0.4981
vn 0.0000 0.7244 0.6894
vn 0.7101 0.4978 0.4981
vn 0.7340 -0.6760 -0.0651
vn 0.6742 -0.6333 0.3800
vn 0.8877 0.0233 0.4598
vn 0.9835 -0.0278 0.1788
vn 0.0000 -0.9760 -0.2178
vn -0.0000 -0.9524 0.3049
vn -0.7340 -0.6760 -0.0652
vn -0.6742 -0.6333 0.3800
vn -0.9835 -0.0278 0.1788
vn -0.8877 0.0233 0.4598
vn -0.7063 0.6127 0.3546
vn -0.6116 0.6271 0.4824
vn -0.0000 0.9055 0.4244
vn 0.0000 0.8750 0.4841
vn 0.7063 0.6127 0.3546
vn 0.6116 0.6271 0.4824
vn 0.6514 -0.6520 0.3881
vn 0.9216 -0.0001 0.3882
vn -0.0000 -0.9216 0.3880
vn -0.6514 -0.6520 0.3881
vn -0.9216 -0.0001 0.3882
vn -0.6515 0.6519 0.3882
vn 0.0000 0.9216 0.3881
vn 0.6515 0.6519 0.3882
vn 0.6668 -0.6671 -0.3322
vn 0.7070 -0.7072 0.0002
vn 1.0000 -0.0000 0.0000
vn 0.9431 0.0000 -0.3325
vn 0.0000 -0.9433 -0.3320
vn 0.0000 -1.0000 0.0004
vn -0.6668 -0.6671 -0.3322
vn -0.7071 -0.7072 0.0002
vn -0.9431 0.0000 -0.3325
vn -1.0000 0.0000 -0.0000
vn -0.6668 0.6671 -0.3321
vn -0.7071 0.7071 0.0002
vn -0.0000 0.9433 -0.3319
vn -0.0000 1.0000 0.0004
vn 0.6668 0.6671 -0.3321
vn 0.7070 0.7072 0.0002
vn 0.7069 -0.7073 0.0001
vn 1.0000 0.0000 0.0000
vn -0.0000 -1.0000 0.0003
vn -0.7069 -0.7073 0.0001
vn -1.0000 0.0000 0.0000
vn -0.7069 0.7073 0.0002
vn 0.0000 1.0000 0.0003
vn 0.7069 0.7073 0.0002
vn 0.6515 -0.6519 -0.3880
vn 0.9216 0.0000 -0.3882
vn -0.0000 -0.9218 -0.3878
vn -0.6515 -0.6519 -0.3880
vn -0.9216 0.0000 -0.3882
vn -0.6515 0.6520 -0.3879
vn 0.0000 0.9218 -0.3876
vn 0.6515 0.6520 -0.3879
vn 0.5490 0.6303 0.5490
vn -0.7764 0.6303 0.0000
vn -0.5490 0.6302 0.5490
vn -0.0000 0.6302 0.7764
vn 0.7764 0.6302 0.0000
vn 0.5490 0.6302 -0.5490
vn 0.0000 0.6302 -0.7764
vn -0.5490 0.6302 -0.5490
vn 0.7070 -0.0001 -0.7072
vn 0.4201 -0.8042 -0.4205
vn 0.5944 -0.8042 -0.0003
vn 1.0000 0.0000 0.0002
vn -0.0000 -0.0001 -1.0000
vn -0.0000 -0.8040 -0.5946
vn -0.7071 -0.0001 -0.7072
vn -0.4201 -0.8042 -0.4204
vn -1.0000 -0.0000 0.0002
vn -0.5944 -0.8042 -0.0003
vn -0.7068 -0.0001 0.7074
vn -0.4204 -0.8042 0.4202
vn -0.0000 -0.0001 1.0000
vn -0.0000 -0.8038 0.5949
vn 0.7068 -0.0001 0.7074
vn 0.4204 -0.8042 0.4202
vn 0.4204 0.8042 -0.4203
vn 0.5944 0.8042 0.0001
vn -0.0000 0.8041 -0.5945
vn -0.4203 0.8042 -0.4202
vn -0.5944 0.8042 0.0001
vn -0.4202 0.8042 0.4204
vn 0.0000 0.8041 0.5945
vn 0.4202 0.8041 0.4204
vn 0.4195 -0.6013 -0.6801
vn 0.5984 -0.0001 -0.8012
vn 0.9896 -0.0001 0.1435
vn 0.7775 -0.6013 0.1842
vn -0.6800 -0.6013 -0.4196
vn -0.8012 -0.0001 -0.5984
vn 0.1436 0.0019 -0.9896
vn 0.1855 -0.5998 -0.7783
vn -0.4196 -0.6012 0.6801
vn -0.5985 -0.0001 0.8011
vn -0.9896 -0.0000 -0.1435
vn -0.7775 -0.6012 -0.1843
vn 0.6800 -0.6013 0.4196
vn 0.8013 -0.0001 0.5983
vn -0.1435 -0.0001 0.9896
vn -0.1844 -0.6013 0.7775
vn 0.5164 0.8245 0.2314
vn 0.2008 0.8242 -0.5295
vn 0.5289 0.8244 0.2016
vn -0.2312 0.8247 0.5162
vn -0.2015 0.8246 0.5286
vn -0.5164 0.8245 -0.2313
vn -0.5289 0.8244 -0.2016
vn 0.2296 0.8260 -0.5148
vn 0.2012 -0.8246 -0.5287
vn 0.5164 -0.8245 0.2313
vn 0.2320 -0.8234 -0.5179
vn -0.5286 -0.8245 -0.2018
vn -0.5163 -0.8246 -0.2314
vn -0.2012 -0.8246 0.5287
vn -0.2313 -0.8245 0.5165
vn 0.5286 -0.8245 0.2018
vn 0.9898 -0.0001 0.1421
vn 0.8005 -0.0000 0.5993
vn -0.8006 -0.0001 -0.5992
vn -0.9898 -0.0001 -0.1422
vn 0.1422 -0.0001 -0.9898
vn 0.5986 0.0044 -0.8010
vn -0.1427 -0.0001 0.9898
vn -0.5989 -0.0001 0.8008
vn 0.7776 0.6011 0.1842
vn 0.4196 0.6012 -0.6801
vn 0.1830 0.6027 -0.7767
vn -0.6802 0.6010 -0.4196
vn -0.7776 0.6012 -0.1842
vn -0.4196 0.6011 0.6801
vn -0.1841 0.6012 0.7776
vn 0.6803 0.6010 0.4195
vn -0.9239 0.3826 -0.0000
vn 0.7910 0.2132 0.5734
vn 0.6632 0.1787 -0.7267
vn 0.4850 0.4864 -0.7267
vn 0.5785 0.5801 0.5734
vn 0.1768 0.6638 -0.7267
vn 0.2109 0.7916 0.5734
vn -0.5801 0.5785 0.5734
vn -0.4864 0.4850 -0.7267
vn -0.6638 0.1768 -0.7267
vn -0.7916 0.2109 0.5734
vn -0.6632 -0.1787 -0.7268
vn -0.7910 -0.2132 0.5734
vn -0.4850 -0.4864 -0.7267
vn -0.5785 -0.5801 0.5734
vn -0.1768 -0.6638 -0.7267
vn -0.2109 -0.7916 0.5734
vn 0.1787 -0.6632 -0.7267
vn 0.2132 -0.7910 0.5734
vn 0.4864 -0.4850 -0.7268
vn 0.5801 -0.5785 0.5734
vn 0.6638 -0.1768 -0.7268
vn 0.7916 -0.2109 0.5734
vn -0.1787 0.6632 -0.7268
vn -0.2132 0.7910 0.5734
vn 0.5785 0.5801 -0.5734
vn 0.4850 0.4864 0.7268
vn 0.6632 0.1787 0.7267
vn 0.7910 0.2132 -0.5734
vn 0.2109 0.7916 -0.5734
vn 0.1768 0.6638 0.7267
vn -0.7916 0.2109 -0.5734
vn -0.6638 0.1768 0.7267
vn -0.4864 0.4850 0.7267
vn -0.5801 0.5785 -0.5734
vn -0.7910 -0.2132 -0.5734
vn -0.6632 -0.1787 0.7267
vn -0.5785 -0.5801 -0.5734
vn -0.4850 -0.4864 0.7267
vn -0.2109 -0.7916 -0.5734
vn -0.1768 -0.6638 0.7267
vn 0.2132 -0.7910 -0.5734
vn 0.1787 -0.6632 0.7267
vn 0.5801 -0.5785 -0.5734
vn 0.4864 -0.4850 0.7268
vn 0.7916 -0.2109 -0.5734
vn 0.6638 -0.1768 0.7268
vn -0.2132 0.7910 -0.5734
vn -0.1787 0.6632 0.7267
vn 0.8473 0.2284 0.4794
vn 0.7195 0.1939 -0.6669
vn 0.5261 0.5277 -0.6669
vn 0.6196 0.6214 0.4794
vn 0.1918 0.7200 -0.6669
vn 0.2259 0.8480 0.4794
vn -0.1939 0.7195 -0.6669
vn -0.2284 0.8473 0.4794
vn -0.5277 0.5261 -0.6669
vn -0.6214 0.6196 0.4794
vn -0.7200 0.1918 -0.6669
vn -0.8480 0.2259 0.4794
vn -0.7195 -0.1939 -0.6669
vn -0.8473 -0.2284 0.4794
vn -0.5261 -0.5277 -0.6669
vn -0.6196 -0.6214 0.4794
vn -0.1918 -0.7200 -0.6669
vn -0.2259 -0.8480 0.4794
vn 0.1939 -0.7195 -0.6669
vn 0.2284 -0.8473 0.4794
vn 0.5277 -0.5261 -0.6669
vn 0.6214 -0.6196 0.4794
vn 0.7200 -0.1918 -0.6669
vn 0.8480 -0.2259 0.4794
vn 0.6196 0.6214 -0.4794
vn 0.5261 0.5277 0.6669
vn 0.7195 0.1939 0.6669
vn 0.8473 0.2284 -0.4794
vn 0.2259 0.8480 -0.4794
vn 0.1918 0.7200 0.6669
vn -0.2284 0.8473 -0.4794
vn -0.1939 0.7195 0.6669
vn -0.6214 0.6196 -0.4794
vn -0.5277 0.5261 0.6669
vn -0.8480 0.2259 -0.4794
vn -0.7200 0.1918 0.6669
vn -0.8473 -0.2284 -0.4794
vn -0.7195 -0.1939 0.6669
vn -0.6196 -0.6214 -0.4794
vn -0.5261 -0.5277 0.6669
vn -0.2259 -0.8480 -0.4794
vn -0.1918 -0.7200 0.6669
vn 0.2284 -0.8473 -0.4794
vn 0.1939 -0.7195 0.6669
vn 0.6214 -0.6196 -0.4794
vn 0.5277 -0.5261 0.6669
vn 0.8480 -0.2259 -0.4794
vn 0.7200 -0.1918 0.6669
vn -0.7316 0.1949 -0.6533
vn -0.7317 0.1949 0.6532
vn -0.5362 0.5346 0.6532
vn -0.5362 0.5346 -0.6532
vn -0.7311 -0.1970 -0.6532
vn -0.7310 -0.1970 0.6533
vn -0.5346 -0.5362 -0.6532
vn -0.5346 -0.5362 0.6532
vn -0.1949 -0.7317 -0.6532
vn -0.1949 -0.7316 0.6533
vn 0.1970 -0.7310 -0.6533
vn 0.1970 -0.7311 0.6532
vn 0.7317 -0.1949 -0.6532
vn 0.7316 -0.1949 0.6532
vn 0.5361 -0.5346 0.6533
vn 0.5362 -0.5346 -0.6532
vn 0.7311 0.1970 0.6532
vn 0.7310 0.1970 -0.6533
vn 0.5346 0.5362 -0.6532
vn 0.5346 0.5362 0.6532
vn 0.1949 0.7316 -0.6533
vn 0.1949 0.7316 0.6533
vn -0.1970 0.7311 -0.6532
vn -0.1970 0.7311 0.6532
# 636 vertex normals

vt 0.2299 0.8646 0.0000
vt 0.2300 0.8751 0.0000
vt 0.2223 0.8754 0.0000
vt 0.2225 0.8641 0.0000
vt 0.2255 0.8591 0.0000
vt 0.2019 0.8593 0.0000
vt 0.2017 0.8484 0.0000
vt 0.2255 0.8483 0.0000
vt 0.2438 0.8761 0.0000
vt 0.2438 0.8636 0.0000
vt 0.2699 0.8636 0.0000
vt 0.2699 0.8761 0.0000
vt 0.1776 0.8597 0.0000
vt 0.1774 0.8489 0.0000
vt 0.2711 0.9088 0.0000
vt 0.2709 0.9158 0.0000
vt 0.2474 0.9161 0.0000
vt 0.2452 0.9080 0.0000
vt 0.2104 0.8750 0.0000
vt 0.2105 0.8642 0.0000
vt 0.1787 0.9903 0.0000
vt 0.1786 0.9746 0.0000
vt 0.2011 0.9722 0.0000
vt 0.2011 0.9810 0.0000
vt 0.2483 0.9232 0.0000
vt 0.2245 0.9231 0.0000
vt 0.2245 0.9163 0.0000
vt 0.2248 0.9568 0.0000
vt 0.2248 0.9635 0.0000
vt 0.2011 0.9638 0.0000
vt 0.2021 0.9568 0.0000
vt 0.2243 0.9027 0.0000
vt 0.2023 0.9030 0.0000
vt 0.2027 0.8918 0.0000
vt 0.2243 0.8918 0.0000
vt 0.1946 0.9018 0.0000
vt 0.1953 0.8912 0.0000
vt 0.1786 0.9560 0.0000
vt 0.1786 0.9489 0.0000
vt 0.2048 0.9489 0.0000
vt 0.2704 0.9501 0.0000
vt 0.2706 0.9344 0.0000
vt 0.2762 0.9345 0.0000
vt 0.2760 0.9502 0.0000
vt 0.2382 0.8761 0.0000
vt 0.2382 0.8636 0.0000
vt 0.1720 0.8599 0.0000
vt 0.1718 0.8489 0.0000
vt 0.1730 0.9903 0.0000
vt 0.1730 0.9746 0.0000
vt 0.2481 0.9405 0.0000
vt 0.2482 0.9316 0.0000
vt 0.2021 0.8750 0.0000
vt 0.1922 0.8749 0.0000
vt 0.1922 0.8642 0.0000
vt 0.2021 0.8641 0.0000
vt 0.1786 0.9662 0.0000
vt 0.2245 0.9401 0.0000
vt 0.2245 0.9314 0.0000
vt 0.2248 0.9719 0.0000
vt 0.2248 0.9806 0.0000
vt 0.1618 0.9662 0.0000
vt 0.1683 0.9560 0.0000
vt 0.1730 0.9560 0.0000
vt 0.1730 0.9662 0.0000
vt 0.2708 0.9260 0.0000
vt 0.2874 0.9347 0.0000
vt 0.2842 0.9436 0.0000
vt 0.2306 0.8761 0.0000
vt 0.2306 0.8636 0.0000
vt 0.1809 0.8641 0.0000
vt 0.1809 0.8750 0.0000
vt 0.2767 0.9089 0.0000
vt 0.2842 0.9090 0.0000
vt 0.2813 0.9160 0.0000
vt 0.2765 0.9159 0.0000
vt 0.1649 0.9835 0.0000
vt 0.1618 0.9746 0.0000
vt 0.1654 0.9489 0.0000
vt 0.1730 0.9489 0.0000
vt 0.2876 0.9263 0.0000
vt 0.2764 0.9261 0.0000
vt 0.8724 0.8178 0.0000
vt 0.8841 0.8178 0.0000
vt 0.8841 0.9901 0.0000
vt 0.8724 0.9901 0.0000
vt 0.2213 0.8786 0.0000
vt 0.2288 0.8782 0.0000
vt 0.2290 0.8895 0.0000
vt 0.2213 0.8891 0.0000
vt 0.2493 0.8484 0.0000
vt 0.2492 0.8593 0.0000
vt 0.2075 0.8901 0.0000
vt 0.1814 0.8901 0.0000
vt 0.1814 0.8776 0.0000
vt 0.2075 0.8776 0.0000
vt 0.2734 0.8597 0.0000
vt 0.2737 0.8489 0.0000
vt 0.1779 0.9090 0.0000
vt 0.2038 0.9081 0.0000
vt 0.2016 0.9162 0.0000
vt 0.1780 0.9160 0.0000
vt 0.2408 0.8784 0.0000
vt 0.2409 0.8891 0.0000
vt 0.2710 0.9901 0.0000
vt 0.2485 0.9810 0.0000
vt 0.2485 0.9721 0.0000
vt 0.2710 0.9744 0.0000
vt 0.2007 0.9233 0.0000
vt 0.2475 0.9567 0.0000
vt 0.2485 0.9637 0.0000
vt 0.2459 0.8918 0.0000
vt 0.2463 0.9030 0.0000
vt 0.2540 0.9018 0.0000
vt 0.2533 0.8912 0.0000
vt 0.2710 0.9558 0.0000
vt 0.2447 0.9488 0.0000
vt 0.2709 0.9488 0.0000
vt 0.1787 0.9503 0.0000
vt 0.1731 0.9504 0.0000
vt 0.1728 0.9347 0.0000
vt 0.1784 0.9345 0.0000
vt 0.2131 0.8776 0.0000
vt 0.2131 0.8901 0.0000
vt 0.2792 0.8489 0.0000
vt 0.2790 0.8599 0.0000
vt 0.2766 0.9744 0.0000
vt 0.2766 0.9901 0.0000
vt 0.2008 0.9317 0.0000
vt 0.2009 0.9406 0.0000
vt 0.2492 0.8892 0.0000
vt 0.2492 0.8783 0.0000
vt 0.2591 0.8784 0.0000
vt 0.2591 0.8891 0.0000
vt 0.2710 0.9660 0.0000
vt 0.2878 0.9660 0.0000
vt 0.2766 0.9660 0.0000
vt 0.2766 0.9558 0.0000
vt 0.2813 0.9558 0.0000
vt 0.1783 0.9262 0.0000
vt 0.1649 0.9438 0.0000
vt 0.1616 0.9349 0.0000
vt 0.2206 0.8776 0.0000
vt 0.2206 0.8902 0.0000
vt 0.2704 0.8783 0.0000
vt 0.2704 0.8892 0.0000
vt 0.1723 0.9091 0.0000
vt 0.1724 0.9161 0.0000
vt 0.1677 0.9162 0.0000
vt 0.1647 0.9092 0.0000
vt 0.2878 0.9744 0.0000
vt 0.2847 0.9833 0.0000
vt 0.2765 0.9488 0.0000
vt 0.2841 0.9487 0.0000
vt 0.1726 0.9263 0.0000
vt 0.1614 0.9265 0.0000
vt 0.9725 0.9893 0.0000
vt 0.9608 0.9893 0.0000
vt 0.9607 0.8171 0.0000
vt 0.9725 0.8171 0.0000
vt 0.9601 0.9893 0.0000
vt 0.9455 0.9893 0.0000
vt 0.9455 0.8171 0.0000
vt 0.9600 0.8171 0.0000
vt 0.9178 0.8171 0.0000
vt 0.9323 0.8171 0.0000
vt 0.9324 0.9893 0.0000
vt 0.9178 0.9893 0.0000
vt 0.9330 0.8171 0.0000
vt 0.9448 0.8171 0.0000
vt 0.9448 0.9893 0.0000
vt 0.9331 0.9893 0.0000
vt 0.0830 0.7413 0.0000
vt 0.0904 0.7409 0.0000
vt 0.0905 0.7522 0.0000
vt 0.0829 0.7518 0.0000
vt 0.0846 0.7112 0.0000
vt 0.0846 0.7220 0.0000
vt 0.0608 0.7219 0.0000
vt 0.0609 0.7110 0.0000
vt 0.0690 0.7527 0.0000
vt 0.0429 0.7524 0.0000
vt 0.0430 0.7399 0.0000
vt 0.0691 0.7402 0.0000
vt 0.0367 0.7106 0.0000
vt 0.0364 0.7214 0.0000
vt 0.0391 0.8116 0.0000
vt 0.0653 0.8116 0.0000
vt 0.0626 0.8195 0.0000
vt 0.0391 0.8187 0.0000
vt 0.1025 0.7412 0.0000
vt 0.1024 0.7519 0.0000
vt 0.1314 0.8129 0.0000
vt 0.1091 0.8033 0.0000
vt 0.1091 0.7945 0.0000
vt 0.1315 0.7972 0.0000
vt 0.0853 0.8194 0.0000
vt 0.0853 0.8262 0.0000
vt 0.0616 0.8265 0.0000
vt 0.0854 0.7793 0.0000
vt 0.1082 0.7790 0.0000
vt 0.1092 0.7861 0.0000
vt 0.0854 0.7860 0.0000
vt 0.0854 0.7549 0.0000
vt 0.0854 0.7659 0.0000
vt 0.0634 0.7663 0.0000
vt 0.0636 0.7552 0.0000
vt 0.0561 0.7546 0.0000
vt 0.0557 0.7653 0.0000
vt 0.1318 0.7786 0.0000
vt 0.1060 0.7709 0.0000
vt 0.1319 0.7716 0.0000
vt 0.0391 0.8530 0.0000
vt 0.0335 0.8530 0.0000
vt 0.0335 0.8373 0.0000
vt 0.0391 0.8373 0.0000
vt 0.0747 0.7402 0.0000
vt 0.0746 0.7527 0.0000
vt 0.0309 0.7214 0.0000
vt 0.0311 0.7104 0.0000
vt 0.1371 0.7972 0.0000
vt 0.1370 0.8129 0.0000
vt 0.0616 0.8349 0.0000
vt 0.0616 0.8437 0.0000
vt 0.1108 0.7520 0.0000
vt 0.1108 0.7412 0.0000
vt 0.1207 0.7413 0.0000
vt 0.1206 0.7520 0.0000
vt 0.1316 0.7888 0.0000
vt 0.0853 0.8346 0.0000
vt 0.0853 0.8433 0.0000
vt 0.0854 0.7944 0.0000
vt 0.0854 0.8030 0.0000
vt 0.1484 0.7890 0.0000
vt 0.1373 0.7889 0.0000
vt 0.1374 0.7787 0.0000
vt 0.1422 0.7788 0.0000
vt 0.0391 0.8288 0.0000
vt 0.0254 0.8462 0.0000
vt 0.0223 0.8373 0.0000
vt 0.0823 0.7403 0.0000
vt 0.0822 0.7528 0.0000
vt 0.1320 0.7413 0.0000
vt 0.1319 0.7522 0.0000
vt 0.0335 0.8116 0.0000
vt 0.0335 0.8187 0.0000
vt 0.0287 0.8187 0.0000
vt 0.0259 0.8116 0.0000
vt 0.1483 0.7974 0.0000
vt 0.1451 0.8063 0.0000
vt 0.1375 0.7716 0.0000
vt 0.1451 0.7717 0.0000
vt 0.0335 0.8288 0.0000
vt 0.0223 0.8289 0.0000
vt 0.9118 0.9901 0.0000
vt 0.9001 0.9901 0.0000
vt 0.9001 0.8178 0.0000
vt 0.9118 0.8178 0.0000
vt 0.0911 0.7273 0.0000
vt 0.0910 0.7378 0.0000
vt 0.0834 0.7380 0.0000
vt 0.0836 0.7268 0.0000
vt 0.1082 0.7110 0.0000
vt 0.1084 0.7219 0.0000
vt 0.1049 0.7389 0.0000
vt 0.1049 0.7264 0.0000
vt 0.1310 0.7265 0.0000
vt 0.1310 0.7390 0.0000
vt 0.1325 0.7106 0.0000
vt 0.1327 0.7214 0.0000
vt 0.1314 0.8114 0.0000
vt 0.1314 0.8185 0.0000
vt 0.1080 0.8194 0.0000
vt 0.1052 0.8115 0.0000
vt 0.0715 0.7376 0.0000
vt 0.0716 0.7269 0.0000
vt 0.0395 0.8130 0.0000
vt 0.0393 0.7973 0.0000
vt 0.0617 0.7946 0.0000
vt 0.0618 0.8034 0.0000
vt 0.1090 0.8264 0.0000
vt 0.0616 0.7862 0.0000
vt 0.0625 0.7791 0.0000
vt 0.1071 0.7552 0.0000
vt 0.1074 0.7663 0.0000
vt 0.1146 0.7546 0.0000
vt 0.1150 0.7653 0.0000
vt 0.0390 0.7788 0.0000
vt 0.0388 0.7717 0.0000
vt 0.0648 0.7710 0.0000
vt 0.1315 0.8528 0.0000
vt 0.1315 0.8371 0.0000
vt 0.1371 0.8371 0.0000
vt 0.1371 0.8528 0.0000
vt 0.0993 0.7388 0.0000
vt 0.0993 0.7263 0.0000
vt 0.1381 0.7104 0.0000
vt 0.1383 0.7214 0.0000
vt 0.0339 0.8131 0.0000
vt 0.0337 0.7974 0.0000
vt 0.1090 0.8436 0.0000
vt 0.1090 0.8348 0.0000
vt 0.0632 0.7376 0.0000
vt 0.0533 0.7376 0.0000
vt 0.0533 0.7268 0.0000
vt 0.0632 0.7268 0.0000
vt 0.0392 0.7890 0.0000
vt 0.0224 0.7892 0.0000
vt 0.0286 0.7790 0.0000
vt 0.0334 0.7789 0.0000
vt 0.0335 0.7891 0.0000
vt 0.1315 0.8287 0.0000
vt 0.1483 0.8370 0.0000
vt 0.1452 0.8460 0.0000
vt 0.0917 0.7388 0.0000
vt 0.0918 0.7263 0.0000
vt 0.0420 0.7267 0.0000
vt 0.0420 0.7376 0.0000
vt 0.1370 0.8114 0.0000
vt 0.1446 0.8114 0.0000
vt 0.1418 0.8185 0.0000
vt 0.1371 0.8185 0.0000
vt 0.0257 0.8065 0.0000
vt 0.0225 0.7976 0.0000
vt 0.0257 0.7720 0.0000
vt 0.0332 0.7718 0.0000
vt 0.1483 0.8287 0.0000
vt 0.1371 0.8287 0.0000
vt 0.6685 0.9700 0.0000
vt 0.6685 0.9353 0.0000
vt 0.7147 0.9353 0.0000
vt 0.7147 0.9700 0.0000
vt 0.6221 0.9700 0.0000
vt 0.6221 0.9353 0.0000
vt 0.5757 0.9700 0.0000
vt 0.5757 0.9353 0.0000
vt 0.5292 0.9700 0.0000
vt 0.5292 0.9353 0.0000
vt 0.4828 0.9700 0.0000
vt 0.4828 0.9353 0.0000
vt 0.4366 0.9700 0.0000
vt 0.4366 0.9353 0.0000
vt 0.3907 0.9700 0.0000
vt 0.3907 0.9353 0.0000
vt 0.3454 0.9700 0.0000
vt 0.3454 0.9353 0.0000
vt 0.3010 0.9700 0.0000
vt 0.3010 0.9353 0.0000
vt 0.8059 0.9700 0.0000
vt 0.8059 0.9353 0.0000
vt 0.8504 0.9353 0.0000
vt 0.8504 0.9700 0.0000
vt 0.7606 0.9700 0.0000
vt 0.7606 0.9353 0.0000
vt 0.7147 0.9211 0.0000
vt 0.6685 0.9211 0.0000
vt 0.6685 0.8627 0.0000
vt 0.7147 0.8627 0.0000
vt 0.6221 0.9211 0.0000
vt 0.6221 0.8627 0.0000
vt 0.5292 0.9211 0.0000
vt 0.4828 0.9211 0.0000
vt 0.4828 0.8627 0.0000
vt 0.5292 0.8627 0.0000
vt 0.4366 0.9211 0.0000
vt 0.4366 0.8627 0.0000
vt 0.3907 0.9211 0.0000
vt 0.3907 0.8627 0.0000
vt 0.3454 0.9211 0.0000
vt 0.3454 0.8627 0.0000
vt 0.3010 0.9211 0.0000
vt 0.3010 0.8627 0.0000
vt 0.8504 0.9211 0.0000
vt 0.8059 0.9211 0.0000
vt 0.8059 0.8627 0.0000
vt 0.8504 0.8627 0.0000
vt 0.7606 0.9211 0.0000
vt 0.7606 0.8627 0.0000
vt 0.6685 0.9832 0.0000
vt 0.7147 0.9832 0.0000
vt 0.7147 0.9885 0.0000
vt 0.6685 0.9885 0.0000
vt 0.7606 0.9832 0.0000
vt 0.7606 0.9885 0.0000
vt 0.8059 0.9832 0.0000
vt 0.8059 0.9885 0.0000
vt 0.8504 0.9832 0.0000
vt 0.8504 0.9885 0.0000
vt 0.3010 0.9832 0.0000
vt 0.3454 0.9832 0.0000
vt 0.3454 0.9885 0.0000
vt 0.3010 0.9885 0.0000
vt 0.3907 0.9832 0.0000
vt 0.3907 0.9885 0.0000
vt 0.4366 0.9832 0.0000
vt 0.4366 0.9885 0.0000
vt 0.4828 0.9832 0.0000
vt 0.4828 0.9885 0.0000
vt 0.5292 0.9832 0.0000
vt 0.5292 0.9885 0.0000
vt 0.5757 0.9832 0.0000
vt 0.5757 0.9885 0.0000
vt 0.6221 0.9832 0.0000
vt 0.6221 0.9885 0.0000
vt 0.7147 0.9896 0.0000
vt 0.6685 0.9896 0.0000
vt 0.7606 0.9896 0.0000
vt 0.8059 0.9896 0.0000
vt 0.8504 0.9896 0.0000
vt 0.3454 0.9896 0.0000
vt 0.3010 0.9896 0.0000
vt 0.3907 0.9896 0.0000
vt 0.4366 0.9896 0.0000
vt 0.4828 0.9896 0.0000
vt 0.5292 0.9896 0.0000
vt 0.5757 0.9896 0.0000
vt 0.6221 0.9896 0.0000
vt 0.2034 0.7026 0.0000
vt 0.2034 0.8443 0.0000
vt 0.1705 0.8253 0.0000
vt 0.1705 0.7216 0.0000
vt 0.1515 0.7924 0.0000
vt 0.1515 0.7545 0.0000
vt 0.2413 0.7026 0.0000
vt 0.2413 0.8443 0.0000
vt 0.2742 0.7216 0.0000
vt 0.2742 0.8253 0.0000
vt 0.2931 0.7545 0.0000
vt 0.2931 0.7924 0.0000
vt 0.5757 0.9211 0.0000
vt 0.5757 0.8627 0.0000
vt 0.7147 0.7405 0.0000
vt 0.7147 0.7751 0.0000
vt 0.6685 0.7751 0.0000
vt 0.6685 0.7405 0.0000
vt 0.6221 0.7751 0.0000
vt 0.6221 0.7405 0.0000
vt 0.5757 0.7751 0.0000
vt 0.5757 0.7405 0.0000
vt 0.5292 0.7751 0.0000
vt 0.5292 0.7405 0.0000
vt 0.4828 0.7751 0.0000
vt 0.4828 0.7405 0.0000
vt 0.4366 0.7751 0.0000
vt 0.4366 0.7405 0.0000
vt 0.3907 0.7751 0.0000
vt 0.3907 0.7405 0.0000
vt 0.3454 0.7751 0.0000
vt 0.3454 0.7405 0.0000
vt 0.3010 0.7751 0.0000
vt 0.3010 0.7405 0.0000
vt 0.8504 0.7405 0.0000
vt 0.8504 0.7751 0.0000
vt 0.8059 0.7751 0.0000
vt 0.8059 0.7405 0.0000
vt 0.7606 0.7751 0.0000
vt 0.7606 0.7405 0.0000
vt 0.6685 0.7893 0.0000
vt 0.7147 0.7893 0.0000
vt 0.7147 0.8477 0.0000
vt 0.6685 0.8477 0.0000
vt 0.6221 0.7893 0.0000
vt 0.6221 0.8477 0.0000
vt 0.4828 0.7893 0.0000
vt 0.5292 0.7893 0.0000
vt 0.5292 0.8477 0.0000
vt 0.4828 0.8477 0.0000
vt 0.4366 0.7893 0.0000
vt 0.4366 0.8477 0.0000
vt 0.3907 0.7893 0.0000
vt 0.3907 0.8477 0.0000
vt 0.3454 0.7893 0.0000
vt 0.3454 0.8477 0.0000
vt 0.3010 0.7893 0.0000
vt 0.3010 0.8477 0.0000
vt 0.8059 0.7893 0.0000
vt 0.8504 0.7893 0.0000
vt 0.8504 0.8477 0.0000
vt 0.8059 0.8477 0.0000
vt 0.7606 0.7893 0.0000
vt 0.7606 0.8477 0.0000
vt 0.6685 0.7272 0.0000
vt 0.6685 0.7220 0.0000
vt 0.7147 0.7220 0.0000
vt 0.7147 0.7272 0.0000
vt 0.7606 0.7220 0.0000
vt 0.7606 0.7272 0.0000
vt 0.8059 0.7220 0.0000
vt 0.8059 0.7272 0.0000
vt 0.8504 0.7220 0.0000
vt 0.8504 0.7272 0.0000
vt 0.3010 0.7272 0.0000
vt 0.3010 0.7220 0.0000
vt 0.3454 0.7220 0.0000
vt 0.3454 0.7272 0.0000
vt 0.3907 0.7220 0.0000
vt 0.3907 0.7272 0.0000
vt 0.4366 0.7220 0.0000
vt 0.4366 0.7272 0.0000
vt 0.4828 0.7220 0.0000
vt 0.4828 0.7272 0.0000
vt 0.5292 0.7220 0.0000
vt 0.5292 0.7272 0.0000
vt 0.5757 0.7220 0.0000
vt 0.5757 0.7272 0.0000
vt 0.6221 0.7220 0.0000
vt 0.6221 0.7272 0.0000
vt 0.6685 0.7208 0.0000
vt 0.7147 0.7208 0.0000
vt 0.7606 0.7208 0.0000
vt 0.8059 0.7208 0.0000
vt 0.8504 0.7208 0.0000
vt 0.3010 0.7208 0.0000
vt 0.3454 0.7208 0.0000
vt 0.3907 0.7208 0.0000
vt 0.4366 0.7208 0.0000
vt 0.4828 0.7208 0.0000
vt 0.5292 0.7208 0.0000
vt 0.5757 0.7208 0.0000
vt 0.6221 0.7208 0.0000
vt 0.0668 0.9920 0.0000
vt 0.0340 0.9730 0.0000
vt 0.0340 0.8693 0.0000
vt 0.0668 0.8504 0.0000
vt 0.0150 0.9402 0.0000
vt 0.0150 0.9022 0.0000
vt 0.1048 0.8504 0.0000
vt 0.1048 0.9920 0.0000
vt 0.1377 0.8693 0.0000
vt 0.1377 0.9730 0.0000
vt 0.1566 0.9022 0.0000
vt 0.1566 0.9402 0.0000
vt 0.5757 0.7893 0.0000
vt 0.5757 0.8477 0.0000
vt 0.8748 0.7591 0.0000
vt 0.8685 0.7656 0.0000
vt 0.8595 0.7658 0.0000
vt 0.8746 0.7500 0.0000
vt 0.8529 0.7595 0.0000
vt 0.8681 0.7437 0.0000
vt 0.8528 0.7504 0.0000
vt 0.8590 0.7439 0.0000
vt 0.8771 0.7427 0.0000
vt 0.8671 0.7283 0.0000
vt 0.8746 0.7274 0.0000
vt 0.8595 0.7284 0.0000
vt 0.9254 0.7193 0.0000
vt 0.9184 0.7250 0.0000
vt 0.9091 0.7127 0.0000
vt 0.9149 0.7078 0.0000
vt 0.9109 0.7301 0.0000
vt 0.9028 0.7169 0.0000
vt 0.9029 0.7345 0.0000
vt 0.8962 0.7205 0.0000
vt 0.8946 0.7380 0.0000
vt 0.8892 0.7235 0.0000
vt 0.8860 0.7408 0.0000
vt 0.8820 0.7258 0.0000
vt 0.9033 0.7429 0.0000
vt 0.9113 0.7442 0.0000
vt 0.9108 0.7475 0.0000
vt 0.9027 0.7463 0.0000
vt 0.9012 0.7481 0.0000
vt 0.9047 0.7490 0.0000
vt 0.9039 0.7565 0.0000
vt 0.9003 0.7566 0.0000
vt 0.9081 0.7495 0.0000
vt 0.9073 0.7564 0.0000
vt 0.8787 0.7497 0.0000
vt 0.8821 0.7491 0.0000
vt 0.8830 0.7567 0.0000
vt 0.8796 0.7566 0.0000
vt 0.8856 0.7482 0.0000
vt 0.8867 0.7567 0.0000
vt 0.8893 0.7473 0.0000
vt 0.8902 0.7568 0.0000
vt 0.8934 0.7468 0.0000
vt 0.8935 0.7569 0.0000
vt 0.8974 0.7472 0.0000
vt 0.8967 0.7568 0.0000
vt 0.9060 0.7410 0.0000
vt 0.9093 0.7415 0.0000
vt 0.9050 0.7627 0.0000
vt 0.9010 0.7634 0.0000
vt 0.9085 0.7618 0.0000
vt 0.8820 0.7629 0.0000
vt 0.8785 0.7620 0.0000
vt 0.8860 0.7635 0.0000
vt 0.8900 0.7639 0.0000
vt 0.8935 0.7640 0.0000
vt 0.8970 0.7639 0.0000
vt 0.9070 0.7691 0.0000
vt 0.9090 0.7740 0.0000
vt 0.9041 0.7761 0.0000
vt 0.9026 0.7705 0.0000
vt 0.9108 0.7674 0.0000
vt 0.9135 0.7715 0.0000
vt 0.8801 0.7692 0.0000
vt 0.8781 0.7742 0.0000
vt 0.8734 0.7716 0.0000
vt 0.8762 0.7676 0.0000
vt 0.8846 0.7706 0.0000
vt 0.8831 0.7763 0.0000
vt 0.8892 0.7715 0.0000
vt 0.8883 0.7776 0.0000
vt 0.8936 0.7718 0.0000
vt 0.8937 0.7781 0.0000
vt 0.8979 0.7714 0.0000
vt 0.8990 0.7776 0.0000
vt 0.9121 0.7795 0.0000
vt 0.9058 0.7813 0.0000
vt 0.9186 0.7768 0.0000
vt 0.8750 0.7799 0.0000
vt 0.8681 0.7777 0.0000
vt 0.8814 0.7815 0.0000
vt 0.8875 0.7826 0.0000
vt 0.8936 0.7830 0.0000
vt 0.8997 0.7825 0.0000
vt 0.9120 0.7954 0.0000
vt 0.9104 0.8077 0.0000
vt 0.9050 0.8077 0.0000
vt 0.9061 0.7957 0.0000
vt 0.9174 0.7959 0.0000
vt 0.9155 0.8082 0.0000
vt 0.8752 0.7955 0.0000
vt 0.8768 0.8079 0.0000
vt 0.8716 0.8084 0.0000
vt 0.8699 0.7960 0.0000
vt 0.8810 0.7958 0.0000
vt 0.8821 0.8078 0.0000
vt 0.8871 0.7962 0.0000
vt 0.8877 0.8079 0.0000
vt 0.8934 0.7963 0.0000
vt 0.8935 0.8079 0.0000
vt 0.8998 0.7961 0.0000
vt 0.8994 0.8078 0.0000
vt 0.9134 0.7843 0.0000
vt 0.9066 0.7857 0.0000
vt 0.9209 0.7828 0.0000
vt 0.8738 0.7847 0.0000
vt 0.8662 0.7838 0.0000
vt 0.8807 0.7859 0.0000
vt 0.8872 0.7868 0.0000
vt 0.8937 0.7871 0.0000
vt 0.9001 0.7867 0.0000
vt 0.9134 0.7893 0.0000
vt 0.9068 0.7902 0.0000
vt 0.9207 0.7892 0.0000
vt 0.8738 0.7896 0.0000
vt 0.8667 0.7899 0.0000
vt 0.8805 0.7903 0.0000
vt 0.8871 0.7910 0.0000
vt 0.8937 0.7913 0.0000
vt 0.9002 0.7910 0.0000
vt 0.9512 0.7937 0.0000
vt 0.9476 0.7953 0.0000
vt 0.9482 0.7938 0.0000
vt 0.9497 0.7931 0.0000
vt 0.9519 0.7952 0.0000
vt 0.9513 0.7967 0.0000
vt 0.9498 0.7973 0.0000
vt 0.9483 0.7968 0.0000
vt 0.9365 0.8001 0.0000
vt 0.9365 0.8102 0.0000
vt 0.9347 0.8102 0.0000
vt 0.9347 0.8001 0.0000
vt 0.9383 0.8001 0.0000
vt 0.9383 0.8102 0.0000
vt 0.9257 0.8001 0.0000
vt 0.9257 0.8102 0.0000
vt 0.9239 0.8102 0.0000
vt 0.9239 0.8001 0.0000
vt 0.9275 0.8001 0.0000
vt 0.9275 0.8102 0.0000
vt 0.9293 0.8001 0.0000
vt 0.9293 0.8102 0.0000
vt 0.9311 0.8001 0.0000
vt 0.9311 0.8102 0.0000
vt 0.9329 0.8001 0.0000
vt 0.9329 0.8102 0.0000
vt 0.9520 0.7977 0.0000
vt 0.9531 0.7954 0.0000
vt 0.9496 0.7986 0.0000
vt 0.9473 0.7975 0.0000
vt 0.9464 0.7951 0.0000
vt 0.9475 0.7927 0.0000
vt 0.9499 0.7919 0.0000
vt 0.9522 0.7929 0.0000
vt 0.9691 0.7784 0.0000
vt 0.9675 0.7777 0.0000
vt 0.9692 0.7735 0.0000
vt 0.9708 0.7742 0.0000
vt 0.9499 0.7825 0.0000
vt 0.9506 0.7809 0.0000
vt 0.9548 0.7827 0.0000
vt 0.9541 0.7843 0.0000
vt 0.9458 0.7634 0.0000
vt 0.9474 0.7641 0.0000
vt 0.9456 0.7682 0.0000
vt 0.9440 0.7676 0.0000
vt 0.9649 0.7592 0.0000
vt 0.9642 0.7608 0.0000
vt 0.9600 0.7591 0.0000
vt 0.9607 0.7574 0.0000
vt 0.9591 0.7726 0.0000
vt 0.9598 0.7709 0.0000
vt 0.9656 0.7710 0.0000
vt 0.9631 0.7768 0.0000
vt 0.9591 0.7692 0.0000
vt 0.9633 0.7652 0.0000
vt 0.9575 0.7685 0.0000
vt 0.9575 0.7627 0.0000
vt 0.9558 0.7692 0.0000
vt 0.9517 0.7650 0.0000
vt 0.9550 0.7708 0.0000
vt 0.9492 0.7708 0.0000
vt 0.9557 0.7725 0.0000
vt 0.9515 0.7766 0.0000
vt 0.9574 0.7733 0.0000
vt 0.9573 0.7791 0.0000
vt 0.9330 0.7876 0.0000
vt 0.9337 0.7892 0.0000
vt 0.9298 0.7935 0.0000
vt 0.9272 0.7878 0.0000
vt 0.9354 0.7898 0.0000
vt 0.9356 0.7956 0.0000
vt 0.9370 0.7891 0.0000
vt 0.9413 0.7930 0.0000
vt 0.9377 0.7874 0.0000
vt 0.9434 0.7872 0.0000
vt 0.9369 0.7858 0.0000
vt 0.9408 0.7815 0.0000
vt 0.9352 0.7851 0.0000
vt 0.9350 0.7794 0.0000
vt 0.9336 0.7859 0.0000
vt 0.9293 0.7820 0.0000
vt 0.9655 0.7636 0.0000
vt 0.9683 0.7706 0.0000
vt 0.9467 0.7784 0.0000
vt 0.9444 0.7727 0.0000
vt 0.9465 0.7711 0.0000
vt 0.9493 0.7782 0.0000
vt 0.9647 0.7790 0.0000
vt 0.9576 0.7817 0.0000
vt 0.9501 0.7628 0.0000
vt 0.9572 0.7600 0.0000
vt 0.9693 0.7728 0.0000
vt 0.9676 0.7728 0.0000
vt 0.9271 0.7938 0.0000
vt 0.9252 0.7897 0.0000
vt 0.9650 0.7816 0.0000
vt 0.9669 0.7782 0.0000
vt 0.9669 0.7799 0.0000
vt 0.9659 0.7770 0.0000
vt 0.9501 0.7804 0.0000
vt 0.9484 0.7804 0.0000
vt 0.9554 0.7811 0.0000
vt 0.9513 0.7793 0.0000
vt 0.9555 0.7827 0.0000
vt 0.9416 0.7957 0.0000
vt 0.9375 0.7976 0.0000
vt 0.9499 0.7601 0.0000
vt 0.9479 0.7635 0.0000
vt 0.9479 0.7619 0.0000
vt 0.9472 0.7689 0.0000
vt 0.9490 0.7648 0.0000
vt 0.9456 0.7690 0.0000
vt 0.9435 0.7812 0.0000
vt 0.9455 0.7853 0.0000
vt 0.9681 0.7633 0.0000
vt 0.9648 0.7614 0.0000
vt 0.9664 0.7613 0.0000
vt 0.9594 0.7607 0.0000
vt 0.9635 0.7624 0.0000
vt 0.9593 0.7590 0.0000
vt 0.9290 0.7793 0.0000
vt 0.9331 0.7773 0.0000
vt 0.9704 0.7690 0.0000
vt 0.9593 0.7839 0.0000
vt 0.9556 0.7579 0.0000
vt 0.9705 0.7716 0.0000
vt 0.9566 0.7839 0.0000
vt 0.9443 0.7701 0.0000
vt 0.9582 0.7578 0.0000
vt 0.2255 0.8603 0.0000
vt 0.2020 0.8605 0.0000
vt 0.2019 0.8472 0.0000
vt 0.2255 0.8471 0.0000
vt 0.1779 0.8608 0.0000
vt 0.1947 0.9029 0.0000
vt 0.2017 0.9044 0.0000
vt 0.2461 0.9150 0.0000
vt 0.2440 0.9079 0.0000
vt 0.2245 0.9152 0.0000
vt 0.2243 0.9039 0.0000
vt 0.1922 0.8761 0.0000
vt 0.1814 0.8761 0.0000
vt 0.2224 0.8766 0.0000
vt 0.2107 0.8761 0.0000
vt 0.1922 0.8630 0.0000
vt 0.2019 0.8630 0.0000
vt 0.2227 0.8630 0.0000
vt 0.1721 0.8611 0.0000
vt 0.1776 0.8477 0.0000
vt 0.2019 0.8762 0.0000
vt 0.2107 0.8631 0.0000
vt 0.1718 0.8477 0.0000
vt 0.1815 0.8630 0.0000
vt 0.2288 0.8906 0.0000
vt 0.2286 0.8770 0.0000
vt 0.2490 0.8605 0.0000
vt 0.2492 0.8472 0.0000
vt 0.2734 0.8477 0.0000
vt 0.2732 0.8608 0.0000
vt 0.2050 0.9081 0.0000
vt 0.2028 0.9151 0.0000
vt 0.2406 0.8903 0.0000
vt 0.2406 0.8772 0.0000
vt 0.2468 0.9043 0.0000
vt 0.2540 0.9030 0.0000
vt 0.2790 0.8611 0.0000
vt 0.2792 0.8477 0.0000
vt 0.2591 0.8903 0.0000
vt 0.2493 0.8904 0.0000
vt 0.2494 0.8771 0.0000
vt 0.2591 0.8772 0.0000
vt 0.2698 0.8773 0.0000
vt 0.2698 0.8903 0.0000
vt 0.0903 0.7534 0.0000
vt 0.0903 0.7398 0.0000
vt 0.0611 0.7098 0.0000
vt 0.0846 0.7100 0.0000
vt 0.0846 0.7232 0.0000
vt 0.0609 0.7231 0.0000
vt 0.0367 0.7226 0.0000
vt 0.0369 0.7095 0.0000
vt 0.0559 0.7664 0.0000
vt 0.0628 0.7677 0.0000
vt 0.1022 0.7531 0.0000
vt 0.1022 0.7400 0.0000
vt 0.0854 0.7671 0.0000
vt 0.0854 0.7781 0.0000
vt 0.1070 0.7779 0.0000
vt 0.1048 0.7709 0.0000
vt 0.0311 0.7092 0.0000
vt 0.0309 0.7226 0.0000
vt 0.1207 0.7532 0.0000
vt 0.1109 0.7532 0.0000
vt 0.1110 0.7400 0.0000
vt 0.1207 0.7401 0.0000
vt 0.1315 0.7402 0.0000
vt 0.1314 0.7532 0.0000
vt 0.0838 0.7256 0.0000
vt 0.0835 0.7392 0.0000
vt 0.1082 0.7231 0.0000
vt 0.1081 0.7098 0.0000
vt 0.1322 0.7095 0.0000
vt 0.1324 0.7226 0.0000
vt 0.1079 0.7676 0.0000
vt 0.1150 0.7665 0.0000
vt 0.0718 0.7257 0.0000
vt 0.0718 0.7388 0.0000
vt 0.0638 0.7780 0.0000
vt 0.0660 0.7711 0.0000
vt 0.1380 0.7092 0.0000
vt 0.1382 0.7226 0.0000
vt 0.0533 0.7256 0.0000
vt 0.0631 0.7256 0.0000
vt 0.0630 0.7388 0.0000
vt 0.0533 0.7388 0.0000
vt 0.0426 0.7257 0.0000
vt 0.0425 0.7387 0.0000
vt 0.1805 0.8893 0.0000
vt 0.1806 0.8785 0.0000
vt 0.2707 0.8644 0.0000
vt 0.2707 0.8752 0.0000
vt 0.1319 0.7274 0.0000
vt 0.1318 0.7382 0.0000
vt 0.0421 0.7516 0.0000
vt 0.0422 0.7408 0.0000
vt 0.8848 0.8178 0.0000
vt 0.8994 0.8178 0.0000
vt 0.8994 0.9901 0.0000
vt 0.8848 0.9901 0.0000
vt 0.8717 0.8178 0.0000
vt 0.8717 0.9901 0.0000
vt 0.8571 0.9901 0.0000
vt 0.8571 0.8178 0.0000
vt 0.9125 0.9901 0.0000
vt 0.9125 0.8178 0.0000
vt 0.9732 0.9893 0.0000
vt 0.9732 0.8171 0.0000
vt 0.7147 0.9224 0.0000
vt 0.7147 0.9341 0.0000
vt 0.6685 0.9341 0.0000
vt 0.6685 0.9224 0.0000
vt 0.6221 0.9341 0.0000
vt 0.6221 0.9224 0.0000
vt 0.5292 0.9224 0.0000
vt 0.5292 0.9341 0.0000
vt 0.4828 0.9341 0.0000
vt 0.4828 0.9224 0.0000
vt 0.4366 0.9341 0.0000
vt 0.4366 0.9224 0.0000
vt 0.3907 0.9341 0.0000
vt 0.3907 0.9224 0.0000
vt 0.3454 0.9341 0.0000
vt 0.3454 0.9224 0.0000
vt 0.3010 0.9341 0.0000
vt 0.3010 0.9224 0.0000
vt 0.8504 0.9224 0.0000
vt 0.8504 0.9341 0.0000
vt 0.8059 0.9341 0.0000
vt 0.8059 0.9224 0.0000
vt 0.7606 0.9341 0.0000
vt 0.7606 0.9224 0.0000
vt 0.5757 0.9341 0.0000
vt 0.5757 0.9224 0.0000
vt 0.6685 0.7881 0.0000
vt 0.6685 0.7763 0.0000
vt 0.7147 0.7763 0.0000
vt 0.7147 0.7881 0.0000
vt 0.6221 0.7881 0.0000
vt 0.6221 0.7763 0.0000
vt 0.4828 0.7881 0.0000
vt 0.4828 0.7763 0.0000
vt 0.5292 0.7763 0.0000
vt 0.5292 0.7881 0.0000
vt 0.4366 0.7881 0.0000
vt 0.4366 0.7763 0.0000
vt 0.3907 0.7881 0.0000
vt 0.3907 0.7763 0.0000
vt 0.3454 0.7881 0.0000
vt 0.3454 0.7763 0.0000
vt 0.3010 0.7881 0.0000
vt 0.3010 0.7763 0.0000
vt 0.8059 0.7881 0.0000
vt 0.8059 0.7763 0.0000
vt 0.8504 0.7763 0.0000
vt 0.8504 0.7881 0.0000
vt 0.7606 0.7881 0.0000
vt 0.7606 0.7763 0.0000
vt 0.5757 0.7881 0.0000
vt 0.5757 0.7763 0.0000
vt 0.7147 0.9712 0.0000
vt 0.7147 0.9809 0.0000
vt 0.6685 0.9809 0.0000
vt 0.6685 0.9712 0.0000
vt 0.6221 0.9809 0.0000
vt 0.6221 0.9712 0.0000
vt 0.5757 0.9809 0.0000
vt 0.5757 0.9712 0.0000
vt 0.5292 0.9809 0.0000
vt 0.5292 0.9712 0.0000
vt 0.4828 0.9809 0.0000
vt 0.4828 0.9712 0.0000
vt 0.4366 0.9809 0.0000
vt 0.4366 0.9712 0.0000
vt 0.3907 0.9809 0.0000
vt 0.3907 0.9712 0.0000
vt 0.3454 0.9809 0.0000
vt 0.3454 0.9712 0.0000
vt 0.3010 0.9809 0.0000
vt 0.3010 0.9712 0.0000
vt 0.8504 0.9712 0.0000
vt 0.8504 0.9809 0.0000
vt 0.8059 0.9809 0.0000
vt 0.8059 0.9712 0.0000
vt 0.7606 0.9809 0.0000
vt 0.7606 0.9712 0.0000
vt 0.6685 0.7392 0.0000
vt 0.6685 0.7295 0.0000
vt 0.7147 0.7295 0.0000
vt 0.7147 0.7392 0.0000
vt 0.6221 0.7392 0.0000
vt 0.6221 0.7295 0.0000
vt 0.5757 0.7392 0.0000
vt 0.5757 0.7295 0.0000
vt 0.5292 0.7392 0.0000
vt 0.5292 0.7295 0.0000
vt 0.4828 0.7392 0.0000
vt 0.4828 0.7295 0.0000
vt 0.4366 0.7392 0.0000
vt 0.4366 0.7295 0.0000
vt 0.3907 0.7392 0.0000
vt 0.3907 0.7295 0.0000
vt 0.3454 0.7392 0.0000
vt 0.3454 0.7295 0.0000
vt 0.3010 0.7392 0.0000
vt 0.3010 0.7295 0.0000
vt 0.8059 0.7392 0.0000
vt 0.8059 0.7295 0.0000
vt 0.8504 0.7295 0.0000
vt 0.8504 0.7392 0.0000
vt 0.7606 0.7392 0.0000
vt 0.7606 0.7295 0.0000
vt 0.4828 0.8615 0.0000
vt 0.4828 0.8489 0.0000
vt 0.5292 0.8489 0.0000
vt 0.5292 0.8615 0.0000
vt 0.4366 0.8615 0.0000
vt 0.4366 0.8489 0.0000
vt 0.3907 0.8615 0.0000
vt 0.3907 0.8489 0.0000
vt 0.3454 0.8615 0.0000
vt 0.3454 0.8489 0.0000
vt 0.3010 0.8615 0.0000
vt 0.3010 0.8489 0.0000
vt 0.7606 0.8615 0.0000
vt 0.7606 0.8489 0.0000
vt 0.8059 0.8489 0.0000
vt 0.8059 0.8615 0.0000
vt 0.7147 0.8489 0.0000
vt 0.7147 0.8615 0.0000
vt 0.6685 0.8615 0.0000
vt 0.6685 0.8489 0.0000
vt 0.6221 0.8615 0.0000
vt 0.6221 0.8489 0.0000
vt 0.8504 0.8489 0.0000
vt 0.8504 0.8615 0.0000
vt 0.5757 0.8615 0.0000
vt 0.5757 0.8489 0.0000
# 1022 texture coords

o wooden_keg
g wooden_keg
usemtl wooden_crate_barrel
s 1
f 373/446/342 374/447/343 375/448/344 376/449/345 
f 377/450/346 378/451/347 379/452/348 380/453/349 
s 2
f 381/454/350 382/455/351 383/456/352 384/457/353 
s 1
f 385/458/354 386/459/355 379/452/348 378/451/347 
s 4
f 382/460/351 387/461/356 388/462/357 383/463/352 
s 1
f 375/448/344 389/464/358 390/465/359 376/449/345 
f 391/466/360 392/467/361 393/468/362 394/469/363 
s 4
f 388/462/357 395/470/364 396/471/364 397/472/365 
s 1
f 398/473/366 399/474/361 400/475/362 401/476/367 
s 2
f 402/477/368 403/478/369 404/479/370 405/480/371 
s 8
f 406/481/372 407/482/373 404/479/370 403/478/369 
s 1
f 408/483/362 381/484/350 384/485/353 401/476/367 
s 4
f 409/486/374 410/487/356 411/488/364 412/489/375 
s 2
f 381/454/350 413/490/376 414/491/351 382/455/351 
s 1
f 385/458/354 415/492/377 416/493/378 386/459/355 
f 391/466/360 417/494/379 418/495/362 392/467/361 
s 4
f 409/486/374 419/496/380 420/497/364 410/487/356 
s 1
f 421/498/381 422/499/382 423/500/383 424/501/384 
f 425/502/385 408/483/362 401/476/367 400/475/362 
s 4
f 420/497/364 419/496/380 426/503/386 427/504/364 
s 1
f 428/505/385 429/506/387 394/469/363 393/468/362 
f 430/507/388 431/508/389 432/509/362 433/510/362 
s 4
f 395/470/364 388/462/357 387/461/356 434/511/356 
f 411/488/364 435/512/390 436/513/391 412/489/375 
s 2
f 413/490/376 437/514/392 438/515/393 414/491/351 
s 1
f 415/516/377 423/500/383 422/499/382 416/517/378 
s 4
f 414/518/351 438/519/393 439/520/394 440/521/356 
s 1
f 417/494/379 441/522/395 442/523/396 418/495/362 
f 432/509/362 431/508/389 437/524/392 413/525/376 
s 4
f 440/521/356 439/520/394 443/526/397 444/527/364 
s 1
f 389/464/358 421/498/381 424/501/384 390/465/359 
f 392/467/361 425/502/385 400/475/362 393/468/362 
s 4
f 395/470/364 420/497/364 427/504/364 396/471/364 
s 1
f 399/474/361 428/505/385 393/468/362 400/475/362 
f 442/523/396 430/507/388 433/510/362 418/495/362 
s 4
f 420/497/364 395/470/364 434/511/356 410/487/356 
f 411/488/364 444/527/364 443/526/397 435/512/390 
s 1
f 445/528/398 446/529/399 447/530/400 448/531/398 
f 449/532/401 450/533/402 451/534/403 452/535/404 
f 377/450/346 380/453/349 453/536/405 454/537/406 
s 2
f 455/538/376 456/539/407 457/540/408 458/541/351 
s 1
f 459/542/409 454/537/406 453/536/405 460/543/410 
s 4
f 458/544/351 457/545/408 461/546/411 462/547/364 
s 1
f 451/534/403 450/533/402 463/548/412 464/549/413 
f 465/550/414 466/551/415 467/552/362 468/553/362 
s 4
f 461/546/411 397/472/365 396/471/364 469/554/356 
s 1
f 398/473/366 470/555/416 471/556/361 399/474/361 
s 2
f 402/477/368 405/480/371 472/557/417 473/558/418 
s 8
f 474/559/419 473/558/418 472/557/417 475/560/420 
s 1
f 476/561/362 470/555/416 456/562/407 455/563/376 
s 4
f 477/564/421 478/565/422 479/566/356 480/567/364 
s 2
f 455/538/376 458/541/351 481/568/351 482/569/350 
s 1
f 459/542/409 460/543/410 483/570/423 484/571/424 
f 465/550/414 468/553/362 485/572/385 486/573/425 
s 4
f 477/564/421 480/567/364 487/574/356 488/575/426 
s 1
f 489/576/427 490/577/428 491/578/429 492/579/430 
f 493/580/362 471/556/361 470/555/416 476/561/362 
s 4
f 487/574/356 427/504/364 426/503/386 488/575/426 
s 1
f 428/505/385 467/552/362 466/551/415 429/506/387 
f 494/581/431 495/582/432 496/583/432 497/584/433 
s 4
f 469/554/356 498/585/364 462/547/364 461/546/411 
f 479/566/356 478/565/422 499/586/434 500/587/435 
s 2
f 482/569/350 481/568/351 501/588/436 502/589/437 
s 1
f 484/590/424 483/591/423 492/579/430 491/578/429 
s 4
f 481/592/351 503/593/364 504/594/438 501/595/436 
s 1
f 486/573/425 485/572/385 505/596/439 506/597/440 
f 496/583/432 482/598/350 502/599/437 497/584/433 
s 4
f 503/593/364 507/600/356 508/601/441 504/594/438 
s 1
f 464/549/413 463/548/412 490/577/428 489/576/427 
f 468/553/362 467/552/362 471/556/361 493/580/362 
s 4
f 469/554/356 396/471/364 427/504/364 487/574/356 
s 1
f 399/474/361 471/556/361 467/552/362 428/505/385 
f 505/596/439 485/572/385 495/582/432 494/581/431 
s 4
f 487/574/356 480/567/364 498/585/364 469/554/356 
f 479/566/356 500/587/435 508/601/441 507/600/356 
s 1
f 509/602/442 510/603/443 511/604/444 512/605/445 
f 513/606/446 514/607/447 515/608/448 516/609/449 
s 2
f 517/610/450 518/611/451 519/612/451 520/613/452 
s 1
f 521/614/400 522/615/453 523/616/398 524/617/400 
f 525/618/343 526/619/454 527/620/455 528/621/342 
f 529/622/456 530/623/457 531/624/458 532/625/459 
s 2
f 533/626/351 534/627/352 535/628/353 536/629/376 
s 1
f 537/630/460 532/625/459 531/624/458 538/631/461 
s 4
f 536/632/376 535/633/353 539/634/367 540/635/385 
s 1
f 527/620/455 526/619/454 541/636/462 542/637/463 
f 543/638/464 544/639/465 545/640/364 546/641/364 
s 4
f 539/634/367 547/642/466 548/643/385 549/644/385 
s 1
f 550/645/365 551/646/357 552/647/364 553/648/364 
s 2
f 554/649/467 555/650/468 556/651/369 557/652/370 
s 8
f 558/653/373 557/652/370 556/651/369 559/654/372 
s 1
f 560/655/364 551/646/357 534/656/352 533/657/351 
s 4
f 561/658/469 562/659/470 563/660/362 564/661/385 
s 2
f 533/626/351 536/629/376 565/662/350 566/663/351 
s 1
f 537/630/460 538/631/461 567/664/471 568/665/472 
f 543/638/464 546/641/364 569/666/364 570/667/473 
s 4
f 561/658/469 564/661/385 571/668/385 572/669/474 
s 1
f 573/670/475 574/671/476 575/672/477 576/673/478 
f 577/674/364 552/647/364 551/646/357 560/655/364 
s 4
f 571/668/385 578/675/385 579/676/479 572/669/474 
s 1
f 580/677/364 545/640/364 544/639/465 581/678/480 
f 582/679/481 583/680/364 584/681/356 585/682/482 
s 4
f 549/644/385 586/683/385 540/635/385 539/634/367 
f 563/660/362 562/659/470 587/684/483 588/685/396 
s 2
f 566/663/351 565/662/350 589/686/392 590/687/393 
s 1
f 568/688/472 567/689/471 576/673/478 575/672/477 
s 4
f 565/690/350 591/691/361 592/692/484 589/693/392 
s 1
f 570/667/473 569/666/364 593/694/390 594/695/485 
f 584/681/356 566/696/351 590/697/393 585/682/482 
s 4
f 591/691/361 595/698/362 596/699/486 592/692/484 
s 1
f 542/637/463 541/636/462 574/671/476 573/670/475 
f 546/641/364 545/640/364 552/647/364 577/674/364 
s 4
f 549/644/385 548/643/385 578/675/385 571/668/385 
s 1
f 553/648/364 552/647/364 545/640/364 580/677/364 
f 593/694/390 569/666/364 583/680/364 582/679/481 
s 4
f 571/668/385 564/661/385 586/683/385 549/644/385 
f 563/660/362 588/685/396 596/699/486 595/698/362 
s 1
f 597/700/444 598/701/445 599/702/442 600/703/443 
f 601/704/404 602/705/401 603/706/487 604/707/488 
f 529/622/456 605/708/489 606/709/490 530/623/457 
s 2
f 607/710/351 608/711/376 609/712/407 610/713/408 
s 1
f 611/714/491 612/715/492 606/709/490 605/708/489 
s 4
f 608/716/376 613/717/385 614/718/416 609/719/407 
s 1
f 603/706/487 615/720/493 616/721/494 604/707/488 
f 617/722/495 618/723/364 619/724/364 620/725/496 
s 4
f 614/718/416 621/726/385 548/643/385 547/642/466 
s 1
f 550/645/365 553/648/364 622/727/364 623/728/411 
s 2
f 554/649/467 624/729/417 625/730/418 555/650/468 
s 8
f 626/731/420 627/732/419 625/730/418 624/729/417 
s 1
f 628/733/364 607/734/351 610/735/408 623/728/411 
s 4
f 629/736/497 630/737/385 631/738/361 632/739/498 
s 2
f 607/710/351 633/740/351 634/741/350 608/711/376 
s 1
f 611/714/491 635/742/499 636/743/500 612/715/492 
f 617/722/495 637/744/501 638/745/356 618/723/364 
s 4
f 629/736/497 639/746/502 640/747/385 630/737/385 
s 1
f 641/748/503 642/749/504 643/750/505 644/751/506 
f 645/752/364 628/733/364 623/728/411 622/727/364 
s 4
f 640/747/385 639/746/502 579/676/479 578/675/385 
s 1
f 580/677/364 581/678/480 620/725/496 619/724/364 
f 646/753/507 647/754/508 648/755/364 649/756/356 
s 4
f 621/726/385 614/718/416 613/717/385 650/757/385 
f 631/738/361 651/758/439 652/759/509 632/739/498 
s 2
f 633/740/351 653/760/436 654/761/437 634/741/350 
s 1
f 635/762/499 643/750/505 642/749/504 636/763/500 
s 4
f 634/764/350 654/765/437 655/766/510 656/767/362 
s 1
f 637/744/501 657/768/511 658/769/435 638/745/356 
f 648/755/364 647/754/508 653/770/436 633/771/351 
s 4
f 656/767/362 655/766/510 659/772/512 660/773/361 
s 1
f 615/720/493 641/748/503 644/751/506 616/721/494 
f 618/723/364 645/752/364 622/727/364 619/724/364 
s 4
f 621/726/385 640/747/385 578/675/385 548/643/385 
s 1
f 553/648/364 580/677/364 619/724/364 622/727/364 
f 658/769/435 646/753/507 649/756/356 638/745/356 
s 4
f 640/747/385 621/726/385 650/757/385 630/737/385 
f 631/738/361 660/773/361 659/772/512 651/758/439 
s 1
f 661/774/513 662/775/514 663/776/515 664/777/516 
f 665/778/517 666/779/518 662/775/514 661/774/513 
f 667/780/519 668/781/520 666/779/518 665/778/517 
f 669/782/521 670/783/522 668/781/520 667/780/519 
f 671/784/523 672/785/524 670/783/522 669/782/521 
f 673/786/525 674/787/526 672/785/524 671/784/523 
f 675/788/527 676/789/528 674/787/526 673/786/525 
f 677/790/529 678/791/530 676/789/528 675/788/527 
f 679/792/531 680/793/532 678/791/530 677/790/529 
f 681/794/533 682/795/534 680/796/532 679/797/531 
f 683/798/535 684/799/536 682/795/534 681/794/533 
f 664/777/516 663/776/515 684/799/536 683/798/535 
f 685/800/537 686/801/538 687/802/539 688/803/540 
f 686/801/538 689/804/541 690/805/542 687/802/539 
f 691/806/543 692/807/544 693/808/545 694/809/546 
f 692/807/544 695/810/547 696/811/548 693/808/545 
f 695/810/547 697/812/549 698/813/550 696/811/548 
f 697/812/549 699/814/551 700/815/552 698/813/550 
f 699/814/551 701/816/553 702/817/554 700/815/552 
f 701/818/553 703/819/555 704/820/556 702/821/554 
f 703/819/555 705/822/557 706/823/558 704/820/556 
f 705/822/557 685/800/537 688/803/540 706/823/558 
f 707/824/559 708/825/560 709/826/561 710/827/562 
f 708/825/560 711/828/563 712/829/564 709/826/561 
f 711/828/563 713/830/565 714/831/566 712/829/564 
f 713/830/565 715/832/567 716/833/568 714/831/566 
f 715/834/567 717/835/569 718/836/570 716/837/568 
f 717/835/569 719/838/571 720/839/572 718/836/570 
f 719/838/571 721/840/573 722/841/574 720/839/572 
f 721/840/573 723/842/575 724/843/576 722/841/574 
f 723/842/575 725/844/577 726/845/578 724/843/576 
f 725/844/577 727/846/579 728/847/580 726/845/578 
f 727/846/579 729/848/581 730/849/582 728/847/580 
f 729/848/581 707/824/559 710/827/562 730/849/582 
s 2
f 710/827/562 709/826/561 731/850/583 732/851/584 
f 709/826/561 712/829/564 733/852/585 731/850/583 
f 712/829/564 714/831/566 734/853/586 733/852/585 
f 714/831/566 716/833/568 735/854/587 734/853/586 
f 716/837/568 718/836/570 736/855/588 735/856/587 
f 718/836/570 720/839/572 737/857/589 736/855/588 
f 720/839/572 722/841/574 738/858/590 737/857/589 
f 722/841/574 724/843/576 739/859/591 738/858/590 
f 724/843/576 726/845/578 740/860/592 739/859/591 
f 726/845/578 728/847/580 741/861/593 740/860/592 
f 728/847/580 730/849/582 742/862/594 741/861/593 
f 730/849/582 710/827/562 732/851/584 742/862/594 
s 1
f 731/863/583 739/864/591 740/865/592 732/866/584 
f 740/865/592 741/867/593 742/868/594 732/866/584 
f 731/863/583 733/869/585 738/870/590 739/864/591 
f 733/869/585 734/871/586 737/872/589 738/870/590 
f 734/871/586 735/873/587 736/874/588 737/872/589 
f 689/804/541 743/875/595 744/876/596 690/805/542 
f 743/875/595 691/806/543 694/809/546 744/876/596 
f 745/877/597 746/878/598 747/879/599 748/880/600 
f 748/880/600 747/879/599 749/881/601 750/882/602 
f 750/882/602 749/881/601 751/883/603 752/884/604 
f 752/884/604 751/883/603 753/885/605 754/886/606 
f 754/886/606 753/885/605 755/887/607 756/888/608 
f 756/888/608 755/887/607 757/889/609 758/890/610 
f 758/890/610 757/889/609 759/891/611 760/892/612 
f 760/892/612 759/891/611 761/893/613 762/894/614 
f 762/894/614 761/893/613 763/895/615 764/896/616 
f 764/897/616 763/898/615 765/899/617 766/900/618 
f 766/900/618 765/899/617 767/901/619 768/902/620 
f 768/902/620 767/901/619 746/878/598 745/877/597 
f 769/903/621 770/904/622 771/905/623 772/906/624 
f 773/907/625 769/903/621 772/906/624 774/908/626 
f 775/909/627 776/910/628 777/911/629 778/912/630 
f 779/913/631 775/909/627 778/912/630 780/914/632 
f 781/915/633 779/913/631 780/914/632 782/916/634 
f 783/917/635 781/915/633 782/916/634 784/918/636 
f 785/919/637 783/917/635 784/918/636 786/920/638 
f 787/921/639 785/922/637 786/923/638 788/924/640 
f 789/925/641 787/921/639 788/924/640 790/926/642 
f 770/904/622 789/925/641 790/926/642 771/905/623 
f 791/927/643 792/928/644 793/929/645 794/930/646 
f 794/930/646 793/929/645 795/931/647 796/932/648 
f 796/932/648 795/931/647 797/933/649 798/934/650 
f 798/934/650 797/933/649 799/935/651 800/936/652 
f 800/937/652 799/938/651 801/939/653 802/940/654 
f 802/940/654 801/939/653 803/941/655 804/942/656 
f 804/942/656 803/941/655 805/943/657 806/944/658 
f 806/944/658 805/943/657 807/945/659 808/946/660 
f 808/946/660 807/945/659 809/947/661 810/948/662 
f 810/948/662 809/947/661 811/949/663 812/950/664 
f 812/950/664 811/949/663 813/951/665 814/952/666 
f 814/952/666 813/951/665 792/928/644 791/927/643 
s 2
f 815/953/667 816/954/668 793/929/645 792/928/644 
f 816/954/668 817/955/669 795/931/647 793/929/645 
f 817/955/669 818/956/670 797/933/649 795/931/647 
f 818/956/670 819/957/671 799/935/651 797/933/649 
f 819/958/671 820/959/672 801/939/653 799/938/651 
f 820/959/672 821/960/673 803/941/655 801/939/653 
f 821/960/673 822/961/674 805/943/657 803/941/655 
f 822/961/674 823/962/675 807/945/659 805/943/657 
f 823/962/675 824/963/676 809/947/661 807/945/659 
f 824/963/676 825/964/677 811/949/663 809/947/661 
f 825/964/677 826/965/678 813/951/665 811/949/663 
f 826/965/678 815/953/667 792/928/644 813/951/665 
s 1
f 816/966/668 815/967/667 824/968/676 823/969/675 
f 824/968/676 815/967/667 826/970/678 825/971/677 
f 816/966/668 823/969/675 822/972/674 817/973/669 
f 817/973/669 822/972/674 821/974/673 818/975/670 
f 818/975/670 821/974/673 820/976/672 819/977/671 
f 827/978/679 773/907/625 774/908/626 828/979/680 
f 776/910/628 827/978/679 828/979/680 777/911/629 
f 829/980/681 830/981/682 831/982/683 832/983/684 
f 831/982/683 833/984/685 834/985/686 832/983/684 
f 833/984/685 835/986/687 836/987/688 834/985/686 
s 2
f 832/988/684 834/985/686 837/989/689 838/990/690 
f 834/985/686 836/987/688 839/991/691 837/989/689 
f 836/992/688 835/993/687 840/994/692 839/995/691 
f 835/993/687 833/996/685 841/997/693 840/994/692 
f 833/996/685 831/998/683 842/999/694 841/997/693 
f 831/998/683 830/1000/682 843/1001/695 842/999/694 
f 830/1000/682 829/1002/681 844/1003/696 843/1001/695 
f 829/1002/681 832/988/684 838/990/690 844/1003/696 
s 1
f 845/1004/697 846/1005/698 847/1006/699 848/1007/700 
s 2
f 848/1008/700 849/1009/701 850/1010/702 851/1011/703 
f 849/1009/701 852/1012/704 853/1013/705 850/1010/702 
f 852/1014/704 847/1015/699 854/1016/706 853/1017/705 
f 847/1015/699 846/1018/698 855/1019/707 854/1016/706 
f 846/1018/698 856/1020/708 857/1021/709 855/1019/707 
f 856/1020/708 858/1022/710 859/1023/711 857/1021/709 
f 858/1022/710 845/1024/697 860/1025/712 859/1023/711 
f 845/1024/697 848/1008/700 851/1011/703 860/1025/712 
s 1
f 845/1004/697 858/1026/710 856/1027/708 846/1005/698 
f 847/1006/699 852/1012/704 849/1009/701 848/1007/700 
s 2
f 850/1010/702 861/1028/713 862/1029/714 851/1011/703 
f 853/1013/705 863/1030/715 861/1028/713 850/1010/702 
f 854/1016/706 864/1031/716 863/1032/715 853/1017/705 
f 855/1019/707 865/1033/717 864/1031/716 854/1016/706 
f 857/1021/709 866/1034/718 865/1033/717 855/1019/707 
f 859/1023/711 867/1035/719 866/1034/718 857/1021/709 
f 860/1025/712 868/1036/720 867/1035/719 859/1023/711 
f 851/1011/703 862/1029/714 868/1036/720 860/1025/712 
f 869/1037/721 870/1038/722 871/1039/723 872/1040/724 
f 873/1041/725 874/1042/726 870/1038/722 869/1037/721 
f 875/1043/727 876/1044/728 874/1045/726 873/1046/725 
f 877/1047/729 878/1048/730 876/1044/728 875/1043/727 
f 879/1049/731 880/1050/732 878/1048/730 877/1047/729 
f 881/1051/733 882/1052/734 880/1050/732 879/1049/731 
f 883/1053/735 884/1054/736 882/1052/734 881/1051/733 
f 872/1040/724 871/1039/723 884/1054/736 883/1053/735 
f 870/1038/722 885/1055/737 886/1056/738 871/1039/723 
f 874/1042/726 887/1057/739 885/1055/737 870/1038/722 
f 876/1044/728 888/1058/740 887/1059/739 874/1045/726 
f 878/1048/730 889/1060/741 888/1058/740 876/1044/728 
f 880/1050/732 890/1061/742 889/1060/741 878/1048/730 
f 882/1052/734 891/1062/743 890/1061/742 880/1050/732 
f 884/1054/736 892/1063/744 891/1062/743 882/1052/734 
f 871/1039/723 886/1056/738 892/1063/744 884/1054/736 
f 893/1064/745 894/1065/746 895/1066/747 896/1067/748 
f 897/1068/749 898/1069/750 894/1065/746 893/1064/745 
f 899/1070/751 900/1071/752 898/1072/750 897/1073/749 
f 901/1074/753 902/1075/754 900/1071/752 899/1070/751 
f 903/1076/755 904/1077/756 902/1075/754 901/1074/753 
f 905/1078/757 906/1079/758 904/1077/756 903/1076/755 
f 907/1080/759 908/1081/760 906/1079/758 905/1078/757 
f 896/1067/748 895/1066/747 908/1081/760 907/1080/759 
f 885/1055/737 909/1082/761 910/1083/762 886/1056/738 
f 887/1057/739 911/1084/763 909/1082/761 885/1055/737 
f 888/1058/740 912/1085/764 911/1086/763 887/1059/739 
f 889/1060/741 913/1087/765 912/1085/764 888/1058/740 
f 890/1061/742 914/1088/766 913/1087/765 889/1060/741 
f 891/1062/743 915/1089/767 914/1088/766 890/1061/742 
f 892/1063/744 916/1090/768 915/1089/767 891/1062/743 
f 886/1056/738 910/1083/762 916/1090/768 892/1063/744 
f 917/1091/769 893/1064/745 896/1067/748 918/1092/770 
f 919/1093/771 897/1068/749 893/1064/745 917/1091/769 
f 920/1094/772 899/1070/751 897/1073/749 919/1095/771 
f 921/1096/773 901/1074/753 899/1070/751 920/1094/772 
f 922/1097/774 903/1076/755 901/1074/753 921/1096/773 
f 923/1098/775 905/1078/757 903/1076/755 922/1097/774 
f 924/1099/776 907/1080/759 905/1078/757 923/1098/775 
f 918/1092/770 896/1067/748 907/1080/759 924/1099/776 
f 861/1028/713 869/1037/721 872/1040/724 862/1029/714 
f 863/1030/715 873/1041/725 869/1037/721 861/1028/713 
f 864/1031/716 875/1043/727 873/1046/725 863/1032/715 
f 865/1033/717 877/1047/729 875/1043/727 864/1031/716 
f 866/1034/718 879/1049/731 877/1047/729 865/1033/717 
f 867/1035/719 881/1051/733 879/1049/731 866/1034/718 
f 868/1036/720 883/1053/735 881/1051/733 867/1035/719 
f 862/1029/714 872/1040/724 883/1053/735 868/1036/720 
s 1
f 925/1100/777 926/1101/778 927/1102/779 928/1103/780 
f 929/1104/781 930/1105/782 931/1106/783 932/1107/784 
f 925/1100/777 929/1104/781 932/1107/784 926/1101/778 
f 933/1108/785 934/1109/786 935/1110/787 936/1111/788 
s 2
f 937/1112/789 938/1113/790 934/1109/786 933/1108/785 
f 939/1114/791 940/1115/792 938/1116/790 937/1117/789 
s 1
f 941/1118/793 942/1119/794 940/1115/792 939/1114/791 
s 2
f 943/1120/795 944/1121/796 942/1119/794 941/1118/793 
f 945/1122/797 946/1123/798 944/1121/796 943/1120/795 
f 947/1124/799 948/1125/800 946/1123/798 945/1122/797 
f 936/1111/788 935/1110/787 948/1125/800 947/1124/799 
f 949/1126/801 930/1105/782 929/1104/781 950/1127/802 
s 4
f 951/1128/803 931/1106/783 930/1105/782 949/1126/801 
f 952/1129/804 932/1107/784 931/1106/783 951/1128/803 
s 2
f 953/1130/805 926/1101/778 932/1107/784 952/1129/804 
s 4
f 954/1131/806 927/1102/779 926/1101/778 953/1130/805 
f 955/1132/807 928/1103/780 927/1102/779 954/1131/806 
f 956/1133/808 925/1100/777 928/1103/780 955/1132/807 
f 950/1127/802 929/1104/781 925/1100/777 956/1133/808 
s 1
f 957/1134/809 958/1135/810 959/1136/811 960/1137/812 
f 961/1138/813 962/1139/814 963/1140/815 964/1141/816 
f 965/1142/817 966/1143/818 967/1144/819 968/1145/820 
f 969/1146/821 970/1147/822 971/1148/823 972/1149/824 
s 8
f 949/1150/801 950/1151/802 973/1152/825 974/1153/826 
f 950/1151/802 956/1154/808 975/1155/827 973/1152/825 
f 956/1154/808 955/1156/807 976/1157/828 975/1155/827 
f 955/1156/807 954/1158/806 977/1159/829 976/1157/828 
f 954/1158/806 953/1160/805 978/1161/830 977/1159/829 
f 953/1160/805 952/1162/804 979/1163/831 978/1161/830 
f 952/1162/804 951/1164/803 980/1165/832 979/1163/831 
f 951/1164/803 949/1150/801 974/1153/826 980/1165/832 
s 4
f 935/1166/787 934/1167/786 981/1168/833 982/1169/834 
f 934/1167/786 938/1170/790 983/1171/835 981/1168/833 
f 938/1170/790 940/1172/792 984/1173/836 983/1171/835 
f 940/1172/792 942/1174/794 985/1175/837 984/1173/836 
f 942/1174/794 944/1176/796 986/1177/838 985/1175/837 
f 944/1176/796 946/1178/798 987/1179/839 986/1177/838 
f 946/1178/798 948/1180/800 988/1181/840 987/1179/839 
f 948/1180/800 935/1166/787 982/1169/834 988/1181/840 
s 2
f 909/1082/761 917/1091/769 918/1092/770 910/1083/762 
f 911/1084/763 919/1093/771 917/1091/769 909/1082/761 
f 912/1085/764 920/1094/772 919/1095/771 911/1086/763 
f 913/1087/765 921/1096/773 920/1094/772 912/1085/764 
f 914/1088/766 922/1097/774 921/1096/773 913/1087/765 
f 915/1089/767 923/1098/775 922/1097/774 914/1088/766 
f 916/1090/768 924/1099/776 923/1098/775 915/1089/767 
f 910/1083/762 918/1092/770 924/1099/776 916/1090/768 
f 973/1152/825 975/1155/827 989/1182/841 990/1183/842 
f 984/1184/836 985/1185/837 991/1186/843 992/1187/844 
f 980/1165/832 974/1153/826 993/1188/845 994/1189/846 
f 976/1157/828 977/1159/829 995/1190/847 996/1191/848 
f 973/1152/825 990/1183/842 959/1192/811 997/1193/849 
s 4
f 982/1169/834 981/1168/833 957/1194/809 960/1195/812 
s 2
f 981/1196/833 993/1188/845 958/1197/810 957/1198/809 
s 8
f 974/1153/826 973/1152/825 997/1193/849 998/1199/850 
s 2
f 984/1184/836 992/1187/844 962/1200/814 961/1201/813 
s 8
f 979/1163/831 980/1165/832 999/1202/851 1000/1203/852 
s 2
f 980/1165/832 994/1189/846 963/1204/815 999/1202/851 
s 4
f 983/1171/835 984/1173/836 961/1205/813 964/1206/816 
s 2
f 986/1207/838 995/1190/847 966/1208/818 965/1209/817 
s 8
f 977/1159/829 978/1161/830 1001/1210/853 1002/1211/854 
s 2
f 978/1161/830 991/1186/843 967/1212/819 1001/1210/853 
s 4
f 985/1175/837 986/1177/838 965/1213/817 968/1214/820 
s 2
f 988/1215/840 989/1182/841 970/1216/822 969/1217/821 
s 8
f 975/1155/827 976/1157/828 1003/1218/855 1004/1219/856 
s 2
f 976/1157/828 996/1191/848 971/1220/823 1003/1218/855 
s 4
f 987/1179/839 988/1181/840 969/1221/821 972/1222/824 
s 1
f 958/1135/810 998/1199/850 997/1193/849 959/1136/811 
f 962/1139/814 1000/1203/852 999/1202/851 963/1140/815 
f 966/1143/818 1002/1211/854 1001/1210/853 967/1144/819 
f 970/1147/822 1004/1219/856 1003/1218/855 971/1148/823 
s 2
f 989/1182/841 988/1215/840 982/1223/834 990/1183/842 
f 991/1186/843 978/1161/830 979/1163/831 992/1187/844 
f 993/1188/845 981/1196/833 983/1224/835 994/1189/846 
f 995/1190/847 986/1207/838 987/1225/839 996/1191/848 
f 990/1183/842 982/1223/834 960/1226/812 959/1192/811 
f 993/1188/845 974/1153/826 998/1199/850 958/1197/810 
f 992/1187/844 979/1163/831 1000/1203/852 962/1200/814 
f 994/1189/846 983/1224/835 964/1227/816 963/1204/815 
f 995/1190/847 977/1159/829 1002/1211/854 966/1208/818 
f 991/1186/843 985/1185/837 968/1228/820 967/1212/819 
f 989/1182/841 975/1155/827 1004/1219/856 970/1216/822 
f 996/1191/848 987/1225/839 972/1229/824 971/1220/823 
s 1
f 377/450/346 426/1230/386 419/1231/380 378/451/347 
f 379/452/348 394/1232/363 429/1233/387 380/453/349 
f 378/451/347 419/1231/380 409/1234/374 385/458/354 
s 8
f 384/1235/353 406/481/372 403/478/369 401/1236/367 
f 388/462/357 404/1237/370 407/1238/373 383/463/352 
s 2
f 397/472/365 405/1239/371 404/1237/370 388/462/357 
f 401/1236/367 403/478/369 402/477/368 398/1240/366 
s 1
f 422/499/382 441/1241/395 417/1242/379 416/517/378 
f 374/447/343 437/514/392 431/1243/389 375/448/344 
f 375/448/344 431/1243/389 430/1244/388 389/464/358 
f 423/500/383 436/1245/391 435/1246/390 424/501/384 
f 376/449/345 439/1247/394 438/515/393 373/446/342 
f 385/458/354 409/1234/374 412/1248/375 415/492/377 
f 386/459/355 391/1249/360 394/1232/363 379/452/348 
f 421/498/381 442/1250/396 441/1241/395 422/499/382 
f 390/465/359 443/1251/397 439/1247/394 376/449/345 
f 416/493/378 417/1252/379 391/1249/360 386/459/355 
f 415/516/377 412/1253/375 436/1245/391 423/500/383 
f 442/1250/396 421/498/381 389/464/358 430/1244/388 
f 443/1251/397 390/465/359 424/501/384 435/1246/390 
f 451/534/403 497/1254/433 502/589/437 452/535/404 
f 449/532/401 501/588/436 504/1255/438 450/533/402 
f 454/537/406 488/1256/426 426/1230/386 377/450/346 
f 380/453/349 429/1233/387 466/1257/415 453/536/405 
f 453/536/405 466/1257/415 465/1258/414 460/543/410 
f 459/542/409 477/1259/421 488/1256/426 454/537/406 
s 8
f 457/545/408 475/1260/420 472/1261/417 461/546/411 
s 1
f 464/549/413 494/1262/431 497/1254/433 451/534/403 
f 450/533/402 504/1255/438 508/1263/441 463/548/412 
s 2
f 461/546/411 472/1261/417 405/1239/371 397/472/365 
f 398/1240/366 402/477/368 473/558/418 470/1264/416 
s 8
f 470/1264/416 473/558/418 474/559/419 456/1265/407 
s 1
f 484/571/424 478/1266/422 477/1259/421 459/542/409 
f 460/543/410 465/1258/414 486/1267/425 483/570/423 
f 492/579/430 506/1268/440 505/1269/439 489/576/427 
f 490/577/428 500/1270/435 499/1271/434 491/578/429 
f 491/578/429 499/1271/434 478/1272/422 484/590/424 
f 483/591/423 486/1273/425 506/1268/440 492/579/430 
f 494/1262/431 464/549/413 489/576/427 505/1269/439 
f 500/1270/435 490/577/428 463/548/412 508/1263/441 
f 527/620/455 585/1274/482 590/687/393 528/621/342 
f 525/618/343 589/686/392 592/1275/484 526/619/454 
f 532/625/459 572/1276/474 579/1277/479 529/622/456 
f 530/623/457 581/1278/480 544/1279/465 531/624/458 
f 531/624/458 544/1279/465 543/1280/464 538/631/461 
f 537/630/460 561/1281/469 572/1276/474 532/625/459 
s 8
f 535/1282/353 559/654/372 556/651/369 539/1283/367 
s 1
f 542/637/463 582/1284/481 585/1274/482 527/620/455 
f 526/619/454 592/1275/484 596/1285/486 541/636/462 
s 2
f 539/1283/367 556/651/369 555/650/468 547/1286/466 
f 550/645/365 554/1287/467 557/1288/370 551/646/357 
s 8
f 551/646/357 557/1288/370 558/1289/373 534/656/352 
s 1
f 568/665/472 562/1290/470 561/1281/469 537/630/460 
f 538/631/461 543/1280/464 570/1291/473 567/664/471 
f 576/673/478 594/1292/485 593/1293/390 573/670/475 
f 574/671/476 588/1294/396 587/1295/483 575/672/477 
f 575/672/477 587/1295/483 562/1296/470 568/688/472 
f 567/689/471 570/1297/473 594/1292/485 576/673/478 
f 582/1284/481 542/637/463 573/670/475 593/1293/390 
f 588/1294/396 574/671/476 541/636/462 596/1285/486 
f 604/707/488 655/1298/510 654/761/437 601/704/404 
f 602/705/401 653/760/436 647/1299/508 603/706/487 
f 606/709/490 620/1300/496 581/1278/480 530/623/457 
f 529/622/456 579/1277/479 639/1301/502 605/708/489 
f 605/708/489 639/1301/502 629/1302/497 611/714/491 
f 612/715/492 617/1303/495 620/1300/496 606/709/490 
s 8
f 614/1304/416 625/730/418 627/732/419 609/1305/407 
s 1
f 616/721/494 659/1306/512 655/1298/510 604/707/488 
f 603/706/487 647/1299/508 646/1307/507 615/720/493 
s 2
f 547/1286/466 555/650/468 625/730/418 614/1304/416 
f 623/728/411 624/1308/417 554/1287/467 550/645/365 
s 8
f 610/735/408 626/1309/420 624/1308/417 623/728/411 
s 1
f 611/714/491 629/1302/497 632/1310/498 635/742/499 
f 636/743/500 637/1311/501 617/1303/495 612/715/492 
f 643/750/505 652/1312/509 651/1313/439 644/751/506 
f 641/748/503 658/1314/435 657/1315/511 642/749/504 
f 635/762/499 632/1316/498 652/1312/509 643/750/505 
f 642/749/504 657/1315/511 637/1317/501 636/763/500 
f 659/1306/512 616/721/494 644/751/506 651/1313/439 
f 658/1314/435 641/748/503 615/720/493 646/1307/507 
s 2
f 501/588/436 449/532/401 452/535/404 502/589/437 
f 456/539/407 474/1318/419 475/1319/420 457/540/408 
f 383/456/352 407/1320/373 406/1321/372 384/457/353 
f 437/514/392 374/447/343 373/446/342 438/515/393 
f 589/686/392 525/618/343 528/621/342 590/687/393 
f 653/760/436 602/705/401 601/704/404 654/761/437 
f 609/712/407 627/1322/419 626/1323/420 610/713/408 
f 534/627/352 558/1324/373 559/1325/372 535/628/353 
s 1
f 1005/1326/451 1006/1327/452 1007/1328/450 1008/1329/857 
s 2
f 1009/1330/448 1010/1331/448 1011/1332/449 1012/1333/446 
s 1
f 418/495/362 433/510/362 425/502/385 392/467/361 
f 433/510/362 432/509/362 408/483/362 425/502/385 
f 432/509/362 413/525/376 381/484/350 408/483/362 
s 4
f 444/527/364 411/488/364 410/487/356 434/511/356 
f 440/521/356 444/527/364 434/511/356 387/461/356 
f 414/518/351 440/521/356 387/461/356 382/460/351 
f 507/600/356 503/593/364 462/547/364 498/585/364 
s 1
f 496/583/432 495/582/432 493/580/362 476/561/362 
s 4
f 595/698/362 591/691/361 540/635/385 586/683/385 
f 656/767/362 660/773/361 650/757/385 613/717/385 
s 1
f 649/756/356 648/755/364 628/733/364 645/752/364 
f 584/681/356 583/680/364 577/674/364 560/655/364 
s 4
f 540/635/385 591/691/361 565/690/350 536/632/376 
f 563/660/362 595/698/362 586/683/385 564/661/385 
f 608/716/376 634/764/350 656/767/362 613/717/385 
f 630/737/385 650/757/385 660/773/361 631/738/361 
f 462/547/364 503/593/364 481/592/351 458/544/351 
f 479/566/356 507/600/356 498/585/364 480/567/364 
s 1
f 455/563/376 482/598/350 496/583/432 476/561/362 
f 468/553/362 493/580/362 495/582/432 485/572/385 
f 628/733/364 648/755/364 633/771/351 607/734/351 
f 638/745/356 649/756/356 645/752/364 618/723/364 
f 533/657/351 566/696/351 584/681/356 560/655/364 
f 546/641/364 577/674/364 583/680/364 569/666/364 
f 1011/1334/449 597/700/444 600/703/443 1012/1335/446 
s 2
f 598/701/445 1007/1328/450 1006/1327/452 599/702/442 
s 4
f 1009/1330/448 445/528/398 448/531/398 1010/1331/448 
s 1
f 446/529/399 1005/1326/451 1008/1329/857 447/530/400 
f 520/1336/452 509/602/442 512/605/445 517/1337/450 
f 514/607/447 523/616/398 522/615/453 515/608/448 
s 4
f 524/617/400 519/612/451 518/611/451 521/614/400 
s 2
f 516/609/449 511/604/444 510/603/443 513/606/446 
s 1
f 1013/1338/858 1014/1339/859 1015/1340/860 1016/1341/861 
f 1016/1341/861 1015/1340/860 1017/1342/862 1018/1343/863 
f 1019/1344/864 1020/1345/865 1021/1346/866 1022/1347/867 
f 1022/1347/867 1021/1346/866 1023/1348/868 1024/1349/869 
f 1024/1349/869 1023/1348/868 1025/1350/870 1026/1351/871 
f 1026/1351/871 1025/1350/870 1027/1352/872 1028/1353/873 
f 1028/1353/873 1027/1352/872 1029/1354/874 1030/1355/875 
f 1030/1356/875 1029/1357/874 1031/1358/876 1032/1359/877 
f 1032/1359/877 1031/1358/876 1033/1360/878 1034/1361/879 
f 1034/1361/879 1033/1360/878 1014/1339/859 1013/1338/858 
f 1018/1343/863 1017/1342/862 1035/1362/880 1036/1363/881 
f 1036/1363/881 1035/1362/880 1020/1345/865 1019/1344/864 
f 1037/1364/882 1038/1365/883 1039/1366/884 1040/1367/885 
f 1041/1368/886 1042/1369/887 1038/1365/883 1037/1364/882 
f 1043/1370/888 1044/1371/889 1045/1372/890 1046/1373/891 
f 1047/1374/892 1048/1375/893 1044/1371/889 1043/1370/888 
f 1049/1376/894 1050/1377/895 1048/1375/893 1047/1374/892 
f 1051/1378/896 1052/1379/897 1050/1377/895 1049/1376/894 
f 1053/1380/898 1054/1381/899 1052/1379/897 1051/1378/896 
f 1055/1382/900 1056/1383/901 1054/1384/899 1053/1385/898 
f 1057/1386/902 1058/1387/903 1056/1383/901 1055/1382/900 
f 1040/1367/885 1039/1366/884 1058/1387/903 1057/1386/902 
f 1059/1388/904 1060/1389/905 1042/1369/887 1041/1368/886 
f 1046/1373/891 1045/1372/890 1060/1389/905 1059/1388/904 
s 2
f 1061/1390/906 1062/1391/907 1063/1392/908 1064/1393/909 
f 1064/1393/909 1063/1392/908 1065/1394/910 1066/1395/911 
f 1066/1395/911 1065/1394/910 1067/1396/912 1068/1397/913 
f 1068/1397/913 1067/1396/912 1069/1398/914 1070/1399/915 
f 1070/1399/915 1069/1398/914 1071/1400/916 1072/1401/917 
f 1072/1401/917 1071/1400/916 1073/1402/918 1074/1403/919 
f 1074/1403/919 1073/1402/918 1075/1404/920 1076/1405/921 
f 1076/1405/921 1075/1404/920 1077/1406/922 1078/1407/923 
f 1078/1407/923 1077/1406/922 1079/1408/924 1080/1409/925 
f 1080/1410/925 1079/1411/924 1081/1412/926 1082/1413/927 
f 1082/1413/927 1081/1412/926 1083/1414/928 1084/1415/929 
f 1084/1415/929 1083/1414/928 1062/1391/907 1061/1390/906 
f 1085/1416/930 1086/1417/931 1087/1418/932 1088/1419/933 
f 1089/1420/934 1090/1421/935 1086/1417/931 1085/1416/930 
f 1091/1422/936 1092/1423/937 1090/1421/935 1089/1420/934 
f 1093/1424/938 1094/1425/939 1092/1423/937 1091/1422/936 
f 1095/1426/940 1096/1427/941 1094/1425/939 1093/1424/938 
f 1097/1428/942 1098/1429/943 1096/1427/941 1095/1426/940 
f 1099/1430/944 1100/1431/945 1098/1429/943 1097/1428/942 
f 1101/1432/946 1102/1433/947 1100/1431/945 1099/1430/944 
f 1103/1434/948 1104/1435/949 1102/1433/947 1101/1432/946 
f 1105/1436/950 1106/1437/951 1104/1438/949 1103/1439/948 
f 1107/1440/952 1108/1441/953 1106/1437/951 1105/1436/950 
f 1088/1419/933 1087/1418/932 1108/1441/953 1107/1440/952 
s 1
f 1109/1442/954 1110/1443/955 1111/1444/956 1112/1445/957 
f 1113/1446/958 1114/1447/959 1110/1443/955 1109/1442/954 
f 1115/1448/960 1116/1449/961 1114/1447/959 1113/1446/958 
f 1117/1450/962 1118/1451/963 1116/1449/961 1115/1448/960 
f 1119/1452/964 1120/1453/965 1118/1451/963 1117/1450/962 
f 1121/1454/966 1122/1455/967 1123/1456/968 1124/1457/969 
f 1125/1458/970 1126/1459/971 1127/1460/972 1128/1461/973 
f 1128/1461/973 1127/1460/972 1129/1462/974 1130/1463/975 
f 1120/1464/965 1119/1465/964 1124/1457/969 1123/1456/968 
f 1122/1455/967 1121/1454/966 1126/1459/971 1125/1458/970 
f 1130/1463/975 1129/1462/974 1131/1466/976 1132/1467/977 
f 1132/1467/977 1131/1466/976 1112/1445/957 1111/1444/956 
s 2
f 663/776/515 662/775/514 1015/1340/860 1014/1339/859 
f 662/775/514 666/779/518 1017/1342/862 1015/1340/860 
f 666/779/518 668/781/520 1035/1362/880 1017/1342/862 
f 668/781/520 670/783/522 1020/1345/865 1035/1362/880 
f 670/783/522 672/785/524 1021/1346/866 1020/1345/865 
f 672/785/524 674/787/526 1023/1348/868 1021/1346/866 
f 674/787/526 676/789/528 1025/1350/870 1023/1348/868 
f 676/789/528 678/791/530 1027/1352/872 1025/1350/870 
f 678/791/530 680/793/532 1029/1354/874 1027/1352/872 
f 680/796/532 682/795/534 1031/1358/876 1029/1357/874 
f 682/795/534 684/799/536 1033/1360/878 1031/1358/876 
f 684/799/536 663/776/515 1014/1339/859 1033/1360/878 
f 686/801/538 685/800/537 1013/1338/858 1016/1341/861 
f 685/800/537 705/822/557 1034/1361/879 1013/1338/858 
f 705/822/557 703/819/555 1032/1359/877 1034/1361/879 
f 703/819/555 701/818/553 1030/1356/875 1032/1359/877 
f 701/816/553 699/814/551 1028/1353/873 1030/1355/875 
f 699/814/551 697/812/549 1026/1351/871 1028/1353/873 
f 697/812/549 695/810/547 1024/1349/869 1026/1351/871 
f 695/810/547 692/807/544 1022/1347/867 1024/1349/869 
f 692/807/544 691/806/543 1019/1344/864 1022/1347/867 
f 691/806/543 743/875/595 1036/1363/881 1019/1344/864 
f 743/875/595 689/804/541 1018/1343/863 1036/1363/881 
f 689/804/541 686/801/538 1016/1341/861 1018/1343/863 
f 747/879/599 746/878/598 1039/1366/884 1038/1365/883 
f 746/878/598 767/901/619 1058/1387/903 1039/1366/884 
f 767/901/619 765/899/617 1056/1383/901 1058/1387/903 
f 765/899/617 763/898/615 1054/1384/899 1056/1383/901 
f 763/895/615 761/893/613 1052/1379/897 1054/1381/899 
f 761/893/613 759/891/611 1050/1377/895 1052/1379/897 
f 759/891/611 757/889/609 1048/1375/893 1050/1377/895 
f 757/889/609 755/887/607 1044/1371/889 1048/1375/893 
f 755/887/607 753/885/605 1045/1372/890 1044/1371/889 
f 753/885/605 751/883/603 1060/1389/905 1045/1372/890 
f 751/883/603 749/881/601 1042/1369/887 1060/1389/905 
f 749/881/601 747/879/599 1038/1365/883 1042/1369/887 
f 770/904/622 769/903/621 1037/1364/882 1040/1367/885 
f 769/903/621 773/907/625 1041/1368/886 1037/1364/882 
f 773/907/625 827/978/679 1059/1388/904 1041/1368/886 
f 827/978/679 776/910/628 1046/1373/891 1059/1388/904 
f 776/910/628 775/909/627 1043/1370/888 1046/1373/891 
f 775/909/627 779/913/631 1047/1374/892 1043/1370/888 
f 779/913/631 781/915/633 1049/1376/894 1047/1374/892 
f 781/915/633 783/917/635 1051/1378/896 1049/1376/894 
f 783/917/635 785/919/637 1053/1380/898 1051/1378/896 
f 785/922/637 787/921/639 1055/1382/900 1053/1385/898 
f 787/921/639 789/925/641 1057/1386/902 1055/1382/900 
f 789/925/641 770/904/622 1040/1367/885 1057/1386/902 
s 1
f 708/825/560 707/824/559 1063/1392/908 1062/1391/907 
f 707/824/559 729/848/581 1065/1394/910 1063/1392/908 
f 729/848/581 727/846/579 1067/1396/912 1065/1394/910 
f 727/846/579 725/844/577 1069/1398/914 1067/1396/912 
f 725/844/577 723/842/575 1071/1400/916 1069/1398/914 
f 723/842/575 721/840/573 1073/1402/918 1071/1400/916 
f 721/840/573 719/838/571 1075/1404/920 1073/1402/918 
f 719/838/571 717/835/569 1077/1406/922 1075/1404/920 
f 717/835/569 715/834/567 1079/1408/924 1077/1406/922 
f 715/832/567 713/830/565 1081/1412/926 1079/1411/924 
f 713/830/565 711/828/563 1083/1414/928 1081/1412/926 
f 711/828/563 708/825/560 1062/1391/907 1083/1414/928 
s 4
f 661/774/513 664/777/516 1061/1390/906 1064/1393/909 
f 664/777/516 683/798/535 1084/1415/929 1061/1390/906 
f 683/798/535 681/794/533 1082/1413/927 1084/1415/929 
f 681/794/533 679/797/531 1080/1410/925 1082/1413/927 
f 679/792/531 677/790/529 1078/1407/923 1080/1409/925 
f 677/790/529 675/788/527 1076/1405/921 1078/1407/923 
f 675/788/527 673/786/525 1074/1403/919 1076/1405/921 
f 673/786/525 671/784/523 1072/1401/917 1074/1403/919 
f 671/784/523 669/782/521 1070/1399/915 1072/1401/917 
f 669/782/521 667/780/519 1068/1397/913 1070/1399/915 
f 667/780/519 665/778/517 1066/1395/911 1068/1397/913 
f 665/778/517 661/774/513 1064/1393/909 1066/1395/911 
s 1
f 791/927/643 794/930/646 1087/1418/932 1086/1417/931 
f 794/930/646 796/932/648 1108/1441/953 1087/1418/932 
f 796/932/648 798/934/650 1106/1437/951 1108/1441/953 
f 798/934/650 800/936/652 1104/1438/949 1106/1437/951 
f 800/937/652 802/940/654 1102/1433/947 1104/1435/949 
f 802/940/654 804/942/656 1100/1431/945 1102/1433/947 
f 804/942/656 806/944/658 1098/1429/943 1100/1431/945 
f 806/944/658 808/946/660 1096/1427/941 1098/1429/943 
f 808/946/660 810/948/662 1094/1425/939 1096/1427/941 
f 810/948/662 812/950/664 1092/1423/937 1094/1425/939 
f 812/950/664 814/952/666 1090/1421/935 1092/1423/937 
f 814/952/666 791/927/643 1086/1417/931 1090/1421/935 
s 4
f 745/877/597 748/880/600 1085/1416/930 1088/1419/933 
f 748/880/600 750/882/602 1089/1420/934 1085/1416/930 
f 750/882/602 752/884/604 1091/1422/936 1089/1420/934 
f 752/884/604 754/886/606 1093/1424/938 1091/1422/936 
f 754/886/606 756/888/608 1095/1426/940 1093/1424/938 
f 756/888/608 758/890/610 1097/1428/942 1095/1426/940 
f 758/890/610 760/892/612 1099/1430/944 1097/1428/942 
f 760/892/612 762/894/614 1101/1432/946 1099/1430/944 
f 762/894/614 764/896/616 1103/1434/948 1101/1432/946 
f 764/897/616 766/900/618 1105/1436/950 1103/1439/948 
f 766/900/618 768/902/620 1107/1440/952 1105/1436/950 
f 768/902/620 745/877/597 1088/1419/933 1107/1440/952 
s 2
f 694/809/546 693/808/545 1109/1442/954 1112/1445/957 
f 693/808/545 696/811/548 1113/1446/958 1109/1442/954 
f 696/811/548 698/813/550 1115/1448/960 1113/1446/958 
f 698/813/550 700/815/552 1117/1450/962 1115/1448/960 
f 700/815/552 702/817/554 1119/1452/964 1117/1450/962 
f 702/821/554 704/820/556 1124/1457/969 1119/1465/964 
f 704/820/556 706/823/558 1121/1454/966 1124/1457/969 
f 706/823/558 688/803/540 1126/1459/971 1121/1454/966 
f 688/803/540 687/802/539 1127/1460/972 1126/1459/971 
f 687/802/539 690/805/542 1129/1462/974 1127/1460/972 
f 690/805/542 744/876/596 1131/1466/976 1129/1462/974 
f 744/876/596 694/809/546 1112/1445/957 1131/1466/976 
f 772/906/624 771/905/623 1125/1458/970 1128/1461/973 
f 771/905/623 790/926/642 1122/1455/967 1125/1458/970 
f 790/926/642 788/924/640 1123/1456/968 1122/1455/967 
f 788/924/640 786/923/638 1120/1464/965 1123/1456/968 
f 786/920/638 784/918/636 1118/1451/963 1120/1453/965 
f 784/918/636 782/916/634 1116/1449/961 1118/1451/963 
f 782/916/634 780/914/632 1114/1447/959 1116/1449/961 
f 780/914/632 778/912/630 1110/1443/955 1114/1447/959 
f 778/912/630 777/911/629 1111/1444/956 1110/1443/955 
f 777/911/629 828/979/680 1132/1467/977 1111/1444/956 
f 828/979/680 774/908/626 1130/1463/975 1132/1467/977 
f 774/908/626 772/906/624 1128/1461/973 1130/1463/975 
# 723 polygons

#
# object wooden_crate
#

v  229.4894 3.2907 -217.0171
v  229.4894 3.2907 -259.0383
v  270.5106 3.2907 -259.0383
v  270.5106 3.2907 -217.0171
v  228.9894 56.7093 -217.5171
v  229.4894 56.7093 -217.0171
v  229.4894 56.7093 -259.0383
v  228.9894 56.7093 -258.5383
v  228.9894 8.9894 -211.3184
v  271.0106 8.9894 -211.3184
v  271.0106 51.0106 -211.3184
v  228.9894 51.0106 -211.3184
v  276.7093 8.9894 -217.0171
v  276.7093 8.9894 -259.0383
v  276.7093 51.0106 -259.0383
v  276.7093 51.0106 -217.0171
v  271.0106 8.9894 -264.7370
v  228.9894 8.9894 -264.7370
v  228.9894 51.0106 -264.7370
v  271.0106 51.0106 -264.7370
v  223.2907 8.9894 -259.0383
v  223.2907 8.9894 -217.0171
v  223.2907 51.0106 -217.0171
v  223.2907 51.0106 -259.0383
v  220.7071 0.0000 -209.2348
v  220.7071 0.0000 -266.8206
v  228.2823 0.0000 -259.2455
v  228.2823 0.0000 -216.8100
v  221.2071 0.0000 -267.3206
v  278.7929 0.0000 -267.3206
v  271.2177 0.0000 -259.7455
v  228.7823 0.0000 -259.7455
v  279.2929 0.0000 -266.8206
v  279.2929 0.0000 -209.2348
v  271.7177 0.0000 -216.8100
v  271.7177 0.0000 -259.2455
v  278.7929 0.0000 -208.7348
v  221.2071 0.0000 -208.7348
v  228.7823 0.0000 -216.3100
v  271.2177 0.0000 -216.3100
v  221.2071 60.0000 -208.7348
v  278.7929 60.0000 -208.7348
v  271.2177 60.0000 -216.3100
v  228.7823 60.0000 -216.3100
v  279.2929 60.0000 -209.2348
v  279.2929 60.0000 -266.8206
v  271.7177 60.0000 -259.2455
v  271.7177 60.0000 -216.8100
v  278.7929 60.0000 -267.3206
v  221.2071 60.0000 -267.3206
v  228.7823 60.0000 -259.7455
v  271.2177 60.0000 -259.7455
v  220.7071 60.0000 -266.8206
v  220.7071 60.0000 -209.2348
v  228.2823 60.0000 -216.8100
v  228.2823 60.0000 -259.2455
v  220.7071 0.7071 -208.0277
v  279.2929 0.7071 -208.0277
v  271.7177 8.2823 -208.0277
v  228.2823 8.2823 -208.0277
v  279.2929 59.2929 -208.0277
v  271.7177 51.7177 -208.0277
v  220.7071 59.2929 -208.0277
v  228.2823 51.7177 -208.0277
v  280.0000 0.7071 -208.7348
v  280.0000 0.7071 -267.3206
v  280.0000 8.2823 -259.7455
v  280.0000 8.2823 -216.3100
v  280.0000 59.2929 -267.3206
v  280.0000 51.7177 -259.7455
v  280.0000 59.2929 -208.7348
v  280.0000 51.7177 -216.3100
v  279.2929 0.7071 -268.0277
v  220.7071 0.7071 -268.0277
v  228.2823 8.2823 -268.0277
v  271.7177 8.2823 -268.0277
v  220.7071 59.2929 -268.0277
v  228.2823 51.7177 -268.0277
v  279.2929 59.2929 -268.0277
v  271.7177 51.7177 -268.0277
v  220.0000 0.7071 -267.3206
v  220.0000 0.7071 -208.7348
v  220.0000 8.2823 -216.3100
v  220.0000 8.2823 -259.7455
v  220.0000 59.2929 -208.7348
v  220.0000 51.7177 -216.3100
v  220.0000 59.2929 -267.3206
v  220.0000 51.7177 -259.7455
v  228.9894 1.0000 -217.5171
v  228.9894 1.0000 -258.5383
v  228.9894 3.2907 -258.5383
v  228.9894 3.2907 -217.5171
v  229.4894 1.0000 -259.0383
v  270.5106 1.0000 -259.0383
v  271.0106 1.0000 -258.5383
v  271.0106 1.0000 -217.5171
v  271.0106 3.2907 -217.5171
v  271.0106 3.2907 -258.5383
v  270.5106 1.0000 -217.0171
v  229.4894 1.0000 -217.0171
v  229.4894 59.0000 -217.0171
v  270.5106 59.0000 -217.0171
v  270.5106 56.7093 -217.0171
v  271.0106 59.0000 -217.5171
v  271.0106 59.0000 -258.5383
v  271.0106 56.7093 -258.5383
v  271.0106 56.7093 -217.5171
v  270.5106 59.0000 -259.0383
v  229.4894 59.0000 -259.0383
v  270.5106 56.7093 -259.0383
v  228.9894 59.0000 -258.5383
v  228.9894 59.0000 -217.5171
v  228.9894 8.9894 -209.0277
v  271.0106 8.9894 -209.0277
v  271.0106 51.0106 -209.0277
v  228.9894 51.0106 -209.0277
v  279.0000 8.9894 -217.0171
v  279.0000 8.9894 -259.0383
v  279.0000 51.0106 -259.0383
v  279.0000 51.0106 -217.0171
v  271.0106 8.9894 -267.0277
v  228.9894 8.9894 -267.0277
v  228.9894 51.0106 -267.0277
v  271.0106 51.0106 -267.0277
v  221.0000 8.9894 -259.0383
v  221.0000 8.9894 -217.0171
v  221.0000 51.0106 -217.0171
v  221.0000 51.0106 -259.0383
# 128 vertices

vn 0.2971 -0.6303 -0.7173
vn 0.2971 -0.6303 0.7173
vn -0.2971 -0.6303 0.7173
vn -0.2971 -0.6303 -0.7173
vn 0.7173 0.6303 -0.2971
vn 0.2971 0.6303 -0.7173
vn 0.2971 0.6303 0.7173
vn 0.7173 0.6303 0.2971
vn 0.5774 0.5774 0.5774
vn -0.5774 0.5774 0.5774
vn -0.5774 -0.5774 0.5774
vn 0.5774 -0.5774 0.5774
vn 0.5774 0.5774 -0.5774
vn 0.5774 -0.5774 -0.5774
vn -0.5774 0.5774 -0.5774
vn -0.5774 -0.5774 -0.5774
vn -0.3930 -0.9093 0.1368
vn -0.3930 -0.9093 -0.1368
vn 0.2767 -0.9518 0.1325
vn 0.2767 -0.9518 -0.1325
vn -0.1368 -0.9093 -0.3930
vn 0.1368 -0.9093 -0.3930
vn -0.1325 -0.9518 0.2767
vn 0.1325 -0.9518 0.2767
vn 0.3930 -0.9093 -0.1368
vn 0.3930 -0.9093 0.1368
vn -0.2767 -0.9518 -0.1325
vn -0.2767 -0.9518 0.1325
vn 0.1368 -0.9093 0.3930
vn -0.1368 -0.9093 0.3930
vn 0.1325 -0.9518 -0.2767
vn -0.1325 -0.9518 -0.2767
vn -0.1368 0.9093 0.3930
vn 0.1368 0.9093 0.3930
vn -0.1325 0.9518 -0.2767
vn 0.1325 0.9518 -0.2767
vn 0.3930 0.9093 0.1368
vn 0.3930 0.9093 -0.1368
vn -0.2767 0.9518 0.1325
vn -0.2767 0.9518 -0.1325
vn 0.1368 0.9093 -0.3930
vn -0.1368 0.9093 -0.3930
vn 0.1325 0.9518 0.2767
vn -0.1325 0.9518 0.2767
vn -0.3930 0.9093 -0.1368
vn -0.3930 0.9093 0.1368
vn 0.2767 0.9518 -0.1325
vn 0.2767 0.9518 0.1325
vn -0.3623 -0.3894 0.8468
vn 0.3623 -0.3894 0.8468
vn -0.1415 0.1415 0.9798
vn 0.1415 0.1415 0.9798
vn 0.3623 0.3894 0.8468
vn -0.1415 -0.1415 0.9798
vn -0.3623 0.3894 0.8468
vn 0.1415 -0.1415 0.9798
vn 0.8468 -0.3894 0.3623
vn 0.8468 -0.3894 -0.3623
vn 0.9798 0.1415 0.1415
vn 0.9798 0.1415 -0.1415
vn 0.8468 0.3894 -0.3623
vn 0.9798 -0.1415 0.1415
vn 0.8468 0.3894 0.3623
vn 0.9798 -0.1415 -0.1415
vn 0.3623 -0.3894 -0.8468
vn -0.3623 -0.3894 -0.8468
vn 0.1415 0.1415 -0.9798
vn -0.1415 0.1415 -0.9798
vn -0.3623 0.3894 -0.8468
vn 0.1415 -0.1415 -0.9798
vn 0.3623 0.3894 -0.8468
vn -0.1415 -0.1415 -0.9798
vn -0.8468 -0.3894 -0.3623
vn -0.8468 -0.3894 0.3623
vn -0.9798 0.1415 -0.1415
vn -0.9798 0.1415 0.1415
vn -0.8468 0.3894 0.3623
vn -0.9798 -0.1415 -0.1415
vn -0.8468 0.3894 -0.3623
vn -0.9798 -0.1415 0.1415
vn 0.8655 -0.3879 -0.3170
vn 0.8655 -0.3879 0.3170
vn 0.7173 -0.6303 0.2971
vn 0.7173 -0.6303 -0.2971
vn 0.3170 -0.3879 0.8655
vn -0.3170 -0.3879 0.8655
vn -0.8655 -0.3879 0.3170
vn -0.8655 -0.3879 -0.3170
vn -0.7173 -0.6303 -0.2971
vn -0.7173 -0.6303 0.2971
vn -0.3170 -0.3879 -0.8655
vn 0.3170 -0.3879 -0.8655
vn 0.3170 0.3879 -0.8655
vn -0.3170 0.3879 -0.8655
vn -0.2971 0.6303 -0.7173
vn -0.8655 0.3879 -0.3170
vn -0.8655 0.3879 0.3170
vn -0.7173 0.6303 0.2971
vn -0.7173 0.6303 -0.2971
vn -0.3170 0.3879 0.8655
vn 0.3170 0.3879 0.8655
vn -0.2971 0.6303 0.7173
vn 0.8655 0.3879 0.3170
vn 0.8655 0.3879 -0.3170
vn 0.6270 0.6270 0.4622
vn -0.6270 0.6270 0.4622
vn -0.6270 -0.6270 0.4622
vn 0.6270 -0.6270 0.4622
vn 0.4622 0.6270 -0.6270
vn 0.4622 0.6270 0.6270
vn 0.4622 -0.6270 0.6270
vn 0.4622 -0.6270 -0.6270
vn -0.6270 0.6270 -0.4622
vn 0.6270 0.6270 -0.4622
vn 0.6270 -0.6270 -0.4622
vn -0.6270 -0.6270 -0.4622
vn -0.4622 0.6270 0.6270
vn -0.4622 0.6270 -0.6270
vn -0.4622 -0.6270 -0.6270
vn -0.4622 -0.6270 0.6270
# 120 vertex normals

vt 0.4094 0.1591 0.0000
vt 0.4092 0.0435 0.0000
vt 0.5226 0.0433 0.0000
vt 0.5228 0.1589 0.0000
vt 0.0474 0.0410 0.0000
vt 0.0486 0.0400 0.0000
vt 0.0488 0.1556 0.0000
vt 0.0476 0.1547 0.0000
vt 0.2306 0.2289 0.0000
vt 0.3442 0.2287 0.0000
vt 0.3443 0.3426 0.0000
vt 0.2307 0.3427 0.0000
vt 0.4125 0.2293 0.0000
vt 0.5260 0.2292 0.0000
vt 0.5261 0.3427 0.0000
vt 0.4126 0.3428 0.0000
vt 0.2304 0.0436 0.0000
vt 0.3440 0.0434 0.0000
vt 0.3442 0.1573 0.0000
vt 0.2305 0.1574 0.0000
vt 0.0480 0.2269 0.0000
vt 0.1615 0.2267 0.0000
vt 0.1617 0.3402 0.0000
vt 0.0482 0.3404 0.0000
vt 0.3791 0.1866 0.0000
vt 0.3790 0.0160 0.0000
vt 0.3996 0.0389 0.0000
vt 0.3997 0.1636 0.0000
vt 0.3806 0.0143 0.0000
vt 0.5513 0.0142 0.0000
vt 0.5282 0.0348 0.0000
vt 0.4037 0.0349 0.0000
vt 0.5530 0.0158 0.0000
vt 0.5530 0.1864 0.0000
vt 0.5325 0.1635 0.0000
vt 0.5323 0.0388 0.0000
vt 0.5514 0.1881 0.0000
vt 0.3808 0.1882 0.0000
vt 0.4038 0.1676 0.0000
vt 0.5284 0.1675 0.0000
vt 0.0200 0.0108 0.0000
vt 0.1907 0.0108 0.0000
vt 0.1676 0.0314 0.0000
vt 0.0431 0.0315 0.0000
vt 0.1924 0.0124 0.0000
vt 0.1924 0.1830 0.0000
vt 0.1718 0.1600 0.0000
vt 0.1718 0.0354 0.0000
vt 0.1908 0.1847 0.0000
vt 0.0201 0.1847 0.0000
vt 0.0432 0.1641 0.0000
vt 0.1677 0.1641 0.0000
vt 0.0184 0.1831 0.0000
vt 0.0184 0.0125 0.0000
vt 0.0390 0.0355 0.0000
vt 0.0390 0.1601 0.0000
vt 0.2014 0.1995 0.0000
vt 0.3735 0.1995 0.0000
vt 0.3525 0.2207 0.0000
vt 0.2225 0.2206 0.0000
vt 0.3735 0.3720 0.0000
vt 0.3524 0.3509 0.0000
vt 0.2014 0.3720 0.0000
vt 0.2224 0.3508 0.0000
vt 0.3833 0.2000 0.0000
vt 0.5553 0.2000 0.0000
vt 0.5342 0.2211 0.0000
vt 0.4044 0.2210 0.0000
vt 0.5552 0.3720 0.0000
vt 0.5341 0.3509 0.0000
vt 0.3833 0.3720 0.0000
vt 0.4043 0.3508 0.0000
vt 0.2012 0.0142 0.0000
vt 0.3734 0.0141 0.0000
vt 0.3523 0.0353 0.0000
vt 0.2223 0.0353 0.0000
vt 0.3734 0.1867 0.0000
vt 0.3522 0.1655 0.0000
vt 0.2012 0.1867 0.0000
vt 0.2223 0.1655 0.0000
vt 0.0189 0.1976 0.0000
vt 0.1908 0.1976 0.0000
vt 0.1698 0.2187 0.0000
vt 0.0400 0.2186 0.0000
vt 0.1908 0.3696 0.0000
vt 0.1697 0.3485 0.0000
vt 0.0189 0.3695 0.0000
vt 0.0399 0.3484 0.0000
vt 0.4027 0.1605 0.0000
vt 0.4026 0.0420 0.0000
vt 0.4080 0.0445 0.0000
vt 0.4082 0.1582 0.0000
vt 0.4068 0.0379 0.0000
vt 0.5252 0.0378 0.0000
vt 0.5294 0.0419 0.0000
vt 0.5295 0.1604 0.0000
vt 0.5240 0.1579 0.0000
vt 0.5238 0.0442 0.0000
vt 0.5253 0.1645 0.0000
vt 0.4069 0.1646 0.0000
vt 0.0462 0.0345 0.0000
vt 0.1646 0.0344 0.0000
vt 0.1620 0.0399 0.0000
vt 0.1688 0.0385 0.0000
vt 0.1688 0.1570 0.0000
vt 0.1634 0.1545 0.0000
vt 0.1632 0.0408 0.0000
vt 0.1646 0.1611 0.0000
vt 0.0462 0.1611 0.0000
vt 0.1622 0.1555 0.0000
vt 0.0420 0.1571 0.0000
vt 0.0420 0.0385 0.0000
vt 0.2255 0.2235 0.0000
vt 0.3495 0.2236 0.0000
vt 0.3494 0.3479 0.0000
vt 0.2254 0.3478 0.0000
vt 0.4074 0.2240 0.0000
vt 0.5313 0.2241 0.0000
vt 0.5312 0.3480 0.0000
vt 0.4073 0.3479 0.0000
vt 0.2253 0.0382 0.0000
vt 0.3494 0.0383 0.0000
vt 0.3493 0.1626 0.0000
vt 0.2252 0.1625 0.0000
vt 0.0430 0.2216 0.0000
vt 0.1669 0.2217 0.0000
vt 0.1667 0.3456 0.0000
vt 0.0428 0.3455 0.0000
vt 0.1894 0.1948 0.0000
vt 0.0203 0.1948 0.0000
vt 0.3719 0.0114 0.0000
vt 0.2027 0.0114 0.0000
vt 0.5538 0.1973 0.0000
vt 0.3847 0.1972 0.0000
vt 0.3721 0.1967 0.0000
vt 0.2028 0.1967 0.0000
vt 0.2028 0.3747 0.0000
vt 0.3721 0.3747 0.0000
vt 0.3847 0.3747 0.0000
vt 0.5538 0.3747 0.0000
vt 0.2027 0.1894 0.0000
vt 0.3719 0.1894 0.0000
vt 0.0203 0.3723 0.0000
vt 0.1894 0.3723 0.0000
vt 0.3806 0.2000 0.0000
vt 0.3805 0.3720 0.0000
vt 0.1936 0.3696 0.0000
vt 0.1936 0.1976 0.0000
vt 0.5580 0.2000 0.0000
vt 0.5580 0.3720 0.0000
vt 0.0161 0.1975 0.0000
vt 0.0161 0.3696 0.0000
vt 0.1915 0.3728 0.0000
vt 0.3825 0.3754 0.0000
vt 0.0181 0.3730 0.0000
vt 0.5559 0.3752 0.0000
vt 0.3826 0.1968 0.0000
vt 0.5561 0.1966 0.0000
vt 0.1917 0.1941 0.0000
vt 0.0182 0.1944 0.0000
# 160 texture coords

o wooden_crate
g wooden_crate
usemtl wooden_crate_barrel
s 1
f 1133/1468/978 1134/1469/979 1135/1470/980 1136/1471/981 
f 1137/1472/982 1138/1473/983 1139/1474/984 1140/1475/985 
f 1141/1476/986 1142/1477/987 1143/1478/988 1144/1479/989 
f 1145/1480/990 1146/1481/986 1147/1482/989 1148/1483/991 
f 1149/1484/992 1150/1485/990 1151/1486/991 1152/1487/993 
f 1153/1488/987 1154/1489/992 1155/1490/993 1156/1491/988 
f 1157/1492/994 1158/1493/995 1159/1494/996 1160/1495/997 
f 1161/1496/998 1162/1497/999 1163/1498/1000 1164/1499/1001 
f 1165/1500/1002 1166/1501/1003 1167/1502/1004 1168/1503/1005 
f 1169/1504/1006 1170/1505/1007 1171/1506/1008 1172/1507/1009 
f 1173/1508/1010 1174/1509/1011 1175/1510/1012 1176/1511/1013 
f 1177/1512/1014 1178/1513/1015 1179/1514/1016 1180/1515/1017 
f 1181/1516/1018 1182/1517/1019 1183/1518/1020 1184/1519/1021 
f 1185/1520/1022 1186/1521/1023 1187/1522/1024 1188/1523/1025 
f 1189/1524/1026 1190/1525/1027 1191/1526/1028 1192/1527/1029 
f 1190/1525/1027 1193/1528/1030 1194/1529/1031 1191/1526/1028 
f 1193/1528/1030 1195/1530/1032 1196/1531/1033 1194/1529/1031 
f 1195/1530/1032 1189/1524/1026 1192/1527/1029 1196/1531/1033 
f 1197/1532/1034 1198/1533/1035 1199/1534/1036 1200/1535/1037 
f 1198/1533/1035 1201/1536/1038 1202/1537/1039 1199/1534/1036 
f 1201/1536/1038 1203/1538/1040 1204/1539/1041 1202/1537/1039 
f 1203/1538/1040 1197/1532/1034 1200/1535/1037 1204/1539/1041 
f 1205/1540/1042 1206/1541/1043 1207/1542/1044 1208/1543/1045 
f 1206/1541/1043 1209/1544/1046 1210/1545/1047 1207/1542/1044 
f 1209/1544/1046 1211/1546/1048 1212/1547/1049 1210/1545/1047 
f 1211/1546/1048 1205/1540/1042 1208/1543/1045 1212/1547/1049 
f 1213/1548/1050 1214/1549/1051 1215/1550/1052 1216/1551/1053 
f 1214/1549/1051 1217/1552/1054 1218/1553/1055 1215/1550/1052 
f 1217/1552/1054 1219/1554/1056 1220/1555/1057 1218/1553/1055 
f 1219/1554/1056 1213/1548/1050 1216/1551/1053 1220/1555/1057 
s 2
f 1221/1556/1058 1222/1557/1059 1223/1558/1060 1224/1559/1061 
f 1225/1560/1062 1226/1561/1063 1135/1470/980 1134/1469/979 
f 1227/1562/1064 1228/1563/1065 1229/1564/1066 1230/1565/1067 
f 1231/1566/1068 1232/1567/1069 1133/1468/978 1136/1471/981 
f 1233/1568/1070 1234/1569/1071 1235/1570/1072 1138/1473/983 
f 1236/1571/1073 1237/1572/1074 1238/1573/1075 1239/1574/1076 
f 1240/1575/1077 1241/1576/1078 1139/1474/984 1242/1577/1079 
f 1243/1578/1080 1244/1579/1081 1137/1472/982 1140/1475/985 
f 1245/1580/1082 1246/1581/1083 1142/1477/987 1141/1476/986 
s 4
f 1246/1581/1083 1247/1582/1084 1143/1478/988 1142/1477/987 
s 2
f 1247/1582/1084 1248/1583/1085 1144/1479/989 1143/1478/988 
s 4
f 1248/1583/1085 1245/1580/1082 1141/1476/986 1144/1479/989 
s 2
f 1249/1584/1086 1250/1585/1087 1146/1481/986 1145/1480/990 
s 4
f 1250/1585/1087 1251/1586/1088 1147/1482/989 1146/1481/986 
s 2
f 1251/1586/1088 1252/1587/1089 1148/1483/991 1147/1482/989 
s 4
f 1252/1587/1089 1249/1584/1086 1145/1480/990 1148/1483/991 
s 2
f 1253/1588/1090 1254/1589/1091 1150/1485/990 1149/1484/992 
s 4
f 1254/1589/1091 1255/1590/1092 1151/1486/991 1150/1485/990 
s 2
f 1255/1590/1092 1256/1591/1093 1152/1487/993 1151/1486/991 
s 4
f 1256/1591/1093 1253/1588/1090 1149/1484/992 1152/1487/993 
s 2
f 1257/1592/1094 1258/1593/1095 1154/1489/992 1153/1488/987 
s 4
f 1258/1593/1095 1259/1594/1096 1155/1490/993 1154/1489/992 
s 2
f 1259/1594/1096 1260/1595/1097 1156/1491/988 1155/1490/993 
s 4
f 1260/1595/1097 1257/1592/1094 1153/1488/987 1156/1491/988 
f 1157/1596/994 1214/1549/1051 1213/1548/1050 1158/1597/995 
f 1161/1598/998 1206/1541/1043 1205/1540/1042 1162/1599/999 
f 1165/1600/1002 1198/1533/1035 1197/1532/1034 1166/1601/1003 
f 1169/1602/1006 1190/1525/1027 1189/1524/1026 1170/1603/1007 
s 2
f 1173/1604/1010 1195/1530/1032 1193/1528/1030 1174/1605/1011 
f 1177/1606/1014 1203/1538/1040 1201/1536/1038 1178/1607/1015 
f 1181/1608/1018 1211/1546/1048 1209/1544/1046 1182/1609/1019 
f 1185/1610/1022 1219/1554/1056 1217/1552/1054 1186/1611/1023 
s 8
f 1190/1612/1027 1197/1532/1034 1203/1538/1040 1193/1613/1030 
f 1195/1614/1032 1217/1552/1054 1214/1549/1051 1189/1615/1026 
f 1198/1533/1035 1205/1616/1042 1211/1617/1048 1201/1536/1038 
f 1206/1618/1043 1213/1548/1050 1219/1554/1056 1209/1619/1046 
s 4
f 1221/1556/1058 1160/1495/997 1159/1494/996 1222/1557/1059 
f 1225/1560/1062 1164/1499/1001 1163/1498/1000 1226/1561/1063 
f 1227/1562/1064 1168/1503/1005 1167/1502/1004 1228/1563/1065 
f 1231/1566/1068 1172/1507/1009 1171/1506/1008 1232/1567/1069 
f 1233/1568/1070 1176/1511/1013 1175/1510/1012 1234/1569/1071 
f 1236/1571/1073 1180/1515/1017 1179/1514/1016 1237/1572/1074 
f 1240/1575/1077 1184/1519/1021 1183/1518/1020 1241/1576/1078 
f 1243/1578/1080 1188/1523/1025 1187/1522/1024 1244/1579/1081 
s 8
f 1245/1580/1082 1192/1527/1029 1191/1526/1028 1246/1581/1083 
s 16
f 1246/1581/1083 1191/1526/1028 1194/1529/1031 1247/1582/1084 
s 8
f 1247/1582/1084 1194/1529/1031 1196/1531/1033 1248/1583/1085 
s 16
f 1248/1583/1085 1196/1531/1033 1192/1527/1029 1245/1580/1082 
s 8
f 1249/1584/1086 1200/1535/1037 1199/1534/1036 1250/1585/1087 
s 16
f 1250/1585/1087 1199/1534/1036 1202/1537/1039 1251/1586/1088 
s 8
f 1251/1586/1088 1202/1537/1039 1204/1539/1041 1252/1587/1089 
s 16
f 1252/1587/1089 1204/1539/1041 1200/1535/1037 1249/1584/1086 
s 8
f 1253/1588/1090 1208/1543/1045 1207/1542/1044 1254/1589/1091 
s 16
f 1254/1589/1091 1207/1542/1044 1210/1545/1047 1255/1590/1092 
s 8
f 1255/1590/1092 1210/1545/1047 1212/1547/1049 1256/1591/1093 
s 16
f 1256/1591/1093 1212/1547/1049 1208/1543/1045 1253/1588/1090 
s 8
f 1257/1592/1094 1216/1551/1053 1215/1550/1052 1258/1593/1095 
s 16
f 1258/1593/1095 1215/1550/1052 1218/1553/1055 1259/1594/1096 
s 8
f 1259/1594/1096 1218/1553/1055 1220/1555/1057 1260/1595/1097 
s 16
f 1260/1595/1097 1220/1555/1057 1216/1551/1053 1257/1592/1094 
s 4
f 1173/1620/1010 1186/1611/1023 1217/1552/1054 1195/1614/1032 
f 1177/1606/1014 1174/1621/1011 1193/1613/1030 1203/1538/1040 
f 1185/1610/1022 1182/1622/1019 1209/1619/1046 1219/1554/1056 
f 1181/1623/1018 1178/1607/1015 1201/1536/1038 1211/1617/1048 
s 1
f 1186/1521/1023 1173/1508/1010 1176/1511/1013 1187/1522/1024 
f 1174/1509/1011 1177/1512/1014 1180/1515/1017 1175/1510/1012 
f 1178/1513/1015 1181/1516/1018 1184/1519/1021 1179/1514/1016 
f 1182/1517/1019 1185/1520/1022 1188/1523/1025 1183/1518/1020 
s 8
f 1244/1579/1081 1233/1568/1070 1138/1473/983 1137/1472/982 
f 1234/1569/1071 1236/1571/1073 1239/1574/1076 1235/1570/1072 
f 1237/1572/1074 1240/1575/1077 1242/1577/1079 1238/1573/1075 
f 1241/1576/1078 1243/1578/1080 1140/1475/985 1139/1474/984 
s 16
f 1187/1522/1024 1176/1511/1013 1233/1568/1070 1244/1579/1081 
f 1236/1571/1073 1234/1569/1071 1175/1510/1012 1180/1515/1017 
f 1240/1575/1077 1237/1572/1074 1179/1514/1016 1184/1519/1021 
f 1183/1518/1020 1188/1523/1025 1243/1578/1080 1241/1576/1078 
s 1
f 1235/1570/1072 1239/1574/1076 1238/1573/1075 1242/1577/1079 
f 1138/1473/983 1235/1570/1072 1242/1577/1079 1139/1474/984 
s 2
f 1166/1601/1003 1197/1532/1034 1190/1612/1027 1169/1624/1006 
f 1165/1600/1002 1162/1625/999 1205/1616/1042 1198/1533/1035 
f 1189/1615/1026 1214/1549/1051 1157/1596/994 1170/1626/1007 
f 1213/1548/1050 1206/1618/1043 1161/1627/998 1158/1597/995 
s 1
f 1170/1505/1007 1157/1492/994 1160/1495/997 1171/1506/1008 
f 1158/1493/995 1161/1496/998 1164/1499/1001 1159/1494/996 
f 1162/1497/999 1165/1500/1002 1168/1503/1005 1163/1498/1000 
f 1166/1501/1003 1169/1504/1006 1172/1507/1009 1167/1502/1004 
s 8
f 1232/1567/1069 1221/1556/1058 1224/1559/1061 1133/1468/978 
f 1222/1557/1059 1225/1560/1062 1134/1469/979 1223/1558/1060 
f 1226/1561/1063 1227/1562/1064 1230/1565/1067 1135/1470/980 
f 1228/1563/1065 1231/1566/1068 1136/1471/981 1229/1564/1066 
s 16
f 1171/1506/1008 1160/1495/997 1221/1556/1058 1232/1567/1069 
f 1225/1560/1062 1222/1557/1059 1159/1494/996 1164/1499/1001 
f 1227/1562/1064 1226/1561/1063 1163/1498/1000 1168/1503/1005 
f 1231/1566/1068 1228/1563/1065 1167/1502/1004 1172/1507/1009 
s 1
f 1133/1468/978 1224/1559/1061 1223/1558/1060 1134/1469/979 
f 1135/1470/980 1230/1565/1067 1229/1564/1066 1136/1471/981 
# 126 polygons

#
# object wooden_box_big
#

v  175.1275 0.0000 -147.8068
v  175.1275 0.0000 -157.8629
v  244.7031 0.0000 -157.8629
v  244.7031 0.0000 -147.8068
v  175.1226 0.1000 -133.7400
v  245.0263 0.1000 -133.7400
v  245.0263 1.9000 -133.7400
v  175.1226 1.9000 -133.7400
v  244.9031 0.1000 -147.8068
v  244.9031 0.1000 -157.8629
v  244.9031 1.9000 -157.8629
v  244.9031 1.9000 -147.8068
v  244.9434 0.1000 -185.0052
v  174.9722 0.1000 -185.0052
v  174.9722 1.9000 -185.0052
v  244.9434 1.9000 -185.0052
v  175.1070 0.1000 -171.7078
v  175.1070 0.1000 -159.2346
v  175.1070 1.9000 -159.2346
v  175.1070 1.9000 -171.7078
v  244.7031 2.0000 -147.8068
v  244.7031 2.0000 -157.8629
v  175.1275 2.0000 -157.8629
v  175.1275 2.0000 -147.8068
v  175.0722 0.0000 -173.3757
v  175.0722 0.0000 -184.9052
v  244.8434 0.0000 -184.9052
v  244.8434 0.0000 -173.3757
v  175.3070 0.0000 -159.2346
v  175.3070 0.0000 -171.7078
v  244.8689 0.0000 -171.7078
v  244.8689 0.0000 -159.2346
v  244.9263 0.0000 -146.1071
v  244.9263 0.0000 -133.8400
v  175.2226 0.0000 -133.8400
v  175.2226 0.0000 -146.1071
v  245.0434 0.1000 -173.3757
v  245.0434 0.1000 -184.9052
v  245.0434 1.9000 -184.9052
v  245.0434 1.9000 -173.3757
v  245.0689 0.1000 -159.2346
v  245.0689 0.1000 -171.7078
v  245.0689 1.9000 -171.7078
v  245.0689 1.9000 -159.2346
v  245.1263 1.9000 -146.1071
v  245.1263 1.9000 -133.8400
v  245.1263 0.1000 -133.8400
v  245.1263 0.1000 -146.1071
v  175.0226 0.1000 -146.1071
v  175.0226 0.1000 -133.8400
v  175.0226 1.9000 -133.8400
v  175.0226 1.9000 -146.1071
v  174.9275 0.1000 -157.8629
v  174.9275 0.1000 -147.8068
v  174.9275 1.9000 -147.8068
v  174.9275 1.9000 -157.8629
v  174.8722 1.9000 -173.3757
v  174.8722 1.9000 -184.9052
v  174.8722 0.1000 -184.9052
v  174.8722 0.1000 -173.3757
v  244.8434 2.0000 -173.3757
v  244.8434 2.0000 -184.9052
v  175.0722 2.0000 -184.9052
v  175.0722 2.0000 -173.3757
v  244.8689 2.0000 -159.2346
v  244.8689 2.0000 -171.7078
v  175.3070 2.0000 -171.7078
v  175.3070 2.0000 -159.2346
v  175.2226 2.0000 -146.1071
v  175.2226 2.0000 -133.8400
v  244.9263 2.0000 -133.8400
v  244.9263 2.0000 -146.1071
v  175.2070 0.1000 -171.8078
v  175.2070 1.9000 -171.8078
v  244.9689 1.9000 -171.8078
v  244.9689 0.1000 -171.8078
v  175.0275 0.1000 -157.9629
v  175.0275 1.9000 -157.9629
v  244.8031 1.9000 -157.9629
v  244.8031 0.1000 -157.9629
v  244.8031 0.1000 -147.7068
v  244.8031 1.9000 -147.7068
v  175.0275 1.9000 -147.7068
v  175.0275 0.1000 -147.7068
v  175.2070 0.1000 -159.1346
v  244.9689 0.1000 -159.1346
v  244.9689 1.9000 -159.1346
v  175.2070 1.9000 -159.1346
v  244.9434 0.1000 -173.2757
v  244.9434 1.9000 -173.2757
v  174.9722 1.9000 -173.2757
v  174.9722 0.1000 -173.2757
v  175.1226 0.1000 -146.2071
v  175.1226 1.9000 -146.2071
v  245.0263 1.9000 -146.2071
v  245.0263 0.1000 -146.2071
v  175.1226 0.0000 -133.9400
v  175.1226 0.0000 -146.0071
v  244.9434 0.0000 -184.8052
v  244.9434 0.0000 -173.4757
v  244.9434 2.0000 -184.8052
v  244.9434 2.0000 -173.4757
v  175.1226 2.0000 -133.9400
v  175.1226 2.0000 -146.0071
v  175.0275 0.0000 -147.9068
v  175.0275 0.0000 -157.7629
v  175.2070 0.0000 -159.3346
v  175.2070 0.0000 -171.6078
v  174.9722 0.0000 -173.4757
v  174.9722 0.0000 -184.8052
v  244.9689 0.0000 -171.6078
v  244.9689 0.0000 -159.3346
v  244.8031 0.0000 -157.7629
v  244.8031 0.0000 -147.9068
v  245.0263 0.0000 -146.0071
v  245.0263 0.0000 -133.9400
v  244.9689 2.0000 -171.6078
v  244.9689 2.0000 -159.3346
v  244.8031 2.0000 -157.7629
v  244.8031 2.0000 -147.9068
v  245.0263 2.0000 -146.0071
v  245.0263 2.0000 -133.9400
v  175.0275 2.0000 -147.9068
v  175.0275 2.0000 -157.7629
v  175.2070 2.0000 -159.3346
v  175.2070 2.0000 -171.6078
v  174.9722 2.0000 -173.4757
v  174.9722 2.0000 -184.8052
v  176.6401 2.0000 -135.2542
v  176.4987 2.0000 -135.3957
v  176.4694 2.0000 -139.8835
v  181.1280 2.0000 -135.2249
v  176.4987 28.8498 -135.3957
v  176.6401 28.8498 -135.2542
v  181.1280 28.8498 -135.2249
v  176.4694 28.8498 -139.8835
v  176.5987 2.1000 -135.1542
v  181.1987 2.1000 -135.1542
v  181.1987 28.7498 -135.1542
v  176.5987 28.7498 -135.1542
v  181.2573 2.1000 -135.2957
v  176.5401 2.1000 -140.0128
v  176.5401 28.7498 -140.0128
v  181.2573 28.7498 -135.2957
v  176.3987 2.1000 -139.9542
v  176.3987 2.1000 -135.3542
v  176.3987 28.7498 -135.3542
v  176.3987 28.7498 -139.9542
v  243.3289 2.0000 -135.2542
v  238.8410 2.0000 -135.2249
v  243.4996 2.0000 -139.8835
v  243.4703 2.0000 -135.3957
v  243.4703 28.8498 -135.3957
v  243.4996 28.8498 -139.8835
v  238.8410 28.8498 -135.2249
v  243.3289 28.8498 -135.2542
v  243.3703 2.1000 -135.1542
v  243.3703 28.7498 -135.1542
v  238.7703 28.7498 -135.1542
v  238.7703 2.1000 -135.1542
v  238.7117 2.1000 -135.2957
v  238.7117 28.7498 -135.2957
v  243.4289 28.7498 -140.0128
v  243.4289 2.1000 -140.0128
v  243.5703 2.1000 -139.9542
v  243.5703 28.7498 -139.9542
v  243.5703 28.7498 -135.3542
v  243.5703 2.1000 -135.3542
v  176.6401 2.0000 -183.4910
v  181.1280 2.0000 -183.5203
v  176.4694 2.0000 -178.8617
v  176.4987 2.0000 -183.3495
v  176.4987 28.8498 -183.3495
v  176.4694 28.8498 -178.8617
v  181.1280 28.8498 -183.5203
v  176.6401 28.8498 -183.4910
v  176.5987 2.1000 -183.5910
v  176.5987 28.7498 -183.5910
v  181.1987 28.7498 -183.5910
v  181.1987 2.1000 -183.5910
v  181.2573 2.1000 -183.4496
v  181.2573 28.7498 -183.4496
v  176.5401 28.7498 -178.7324
v  176.5401 2.1000 -178.7324
v  176.3987 2.1000 -178.7910
v  176.3987 28.7498 -178.7910
v  176.3987 28.7498 -183.3910
v  176.3987 2.1000 -183.3910
v  243.3289 2.0000 -183.4910
v  243.4703 2.0000 -183.3495
v  243.4996 2.0000 -178.8617
v  238.8410 2.0000 -183.5203
v  243.4703 28.8498 -183.3495
v  243.3289 28.8498 -183.4910
v  238.8410 28.8498 -183.5203
v  243.4996 28.8498 -178.8617
v  243.3703 2.1000 -183.5910
v  238.7703 2.1000 -183.5910
v  238.7703 28.7498 -183.5910
v  243.3703 28.7498 -183.5910
v  238.7117 2.1000 -183.4496
v  243.4289 2.1000 -178.7324
v  243.4289 28.7498 -178.7324
v  238.7117 28.7498 -183.4496
v  243.5703 2.1000 -178.7910
v  243.5703 2.1000 -183.3910
v  243.5703 28.7498 -183.3910
v  243.5703 28.7498 -178.7910
v  243.4523 2.0000 -178.8504
v  238.8297 2.0000 -183.4730
v  238.8297 28.8498 -183.4730
v  243.4523 28.8498 -178.8504
v  181.1393 2.0000 -183.4730
v  176.5167 2.0000 -178.8504
v  176.5167 28.8498 -178.8504
v  181.1393 28.8498 -183.4730
v  176.5167 2.0000 -139.8949
v  181.1393 2.0000 -135.2722
v  181.1393 28.8498 -135.2722
v  176.5167 28.8498 -139.8949
v  238.8297 2.0000 -135.2722
v  243.4523 2.0000 -139.8949
v  243.4523 28.8498 -139.8949
v  238.8297 28.8498 -135.2722
v  175.0839 20.6519 -133.7451
v  244.8853 20.6519 -133.7451
v  244.8853 28.1739 -133.7451
v  175.0839 28.1739 -133.7451
v  244.9853 20.6519 -133.8451
v  244.9853 20.6519 -184.9062
v  244.9853 28.1739 -184.9062
v  244.9853 28.1739 -133.8451
v  244.8853 20.6519 -185.0062
v  175.0839 20.6519 -185.0062
v  175.0839 28.1739 -185.0062
v  244.8853 28.1739 -185.0062
v  174.9839 20.6519 -184.9062
v  174.9839 20.6519 -133.8451
v  174.9839 28.1739 -133.8451
v  174.9839 28.1739 -184.9062
v  175.1140 20.4519 -133.9970
v  175.1148 20.4519 -184.7550
v  175.9793 20.4519 -183.7566
v  175.9801 20.4519 -135.0075
v  175.2148 20.4519 -184.8550
v  244.7543 20.4519 -184.8550
v  243.8898 20.4519 -183.8566
v  176.0793 20.4519 -183.8566
v  244.8543 20.4519 -184.7550
v  244.8551 20.4519 -133.9970
v  243.9890 20.4519 -135.0075
v  243.9898 20.4519 -183.7566
v  244.7551 20.4519 -133.8970
v  175.2140 20.4519 -133.8970
v  176.0801 20.4519 -134.9075
v  243.8890 20.4519 -134.9075
v  175.2140 28.3739 -133.8970
v  244.7551 28.3739 -133.8970
v  243.8890 28.3739 -134.9075
v  176.0801 28.3739 -134.9075
v  244.8551 28.3739 -133.9970
v  244.8543 28.3739 -184.7550
v  243.9897 28.3739 -183.7566
v  243.9890 28.3739 -135.0075
v  244.7543 28.3739 -184.8550
v  175.2148 28.3739 -184.8550
v  176.0794 28.3739 -183.8566
v  243.8898 28.3739 -183.8566
v  175.1148 28.3739 -184.7550
v  175.1140 28.3739 -133.9970
v  175.9801 28.3739 -135.0075
v  175.9794 28.3739 -183.7566
v  176.1103 20.6519 -135.1593
v  176.1103 20.6519 -183.6054
v  176.1103 28.1739 -183.6055
v  176.1103 28.1739 -135.1594
v  176.2103 20.6519 -183.7054
v  243.7589 20.6519 -183.7054
v  243.7588 28.1739 -183.7054
v  176.2103 28.1739 -183.7054
v  243.8589 20.6519 -183.6054
v  243.8589 20.6519 -135.1593
v  243.8588 28.1739 -135.1594
v  243.8588 28.1739 -183.6055
v  243.7589 20.6519 -135.0593
v  176.2103 20.6519 -135.0594
v  176.2103 28.1739 -135.0594
v  243.7588 28.1739 -135.0594
v  175.0839 2.2202 -133.7451
v  244.8853 2.2202 -133.7451
v  244.8853 9.5945 -133.7451
v  175.0839 9.5945 -133.7451
v  244.9853 2.2202 -133.8451
v  244.9853 2.2202 -184.9062
v  244.9853 9.5946 -184.9062
v  244.9853 9.5945 -133.8451
v  244.8853 2.2202 -185.0062
v  175.0839 2.2202 -185.0062
v  175.0839 9.5946 -185.0062
v  244.8853 9.5946 -185.0062
v  174.9839 2.2202 -184.9062
v  174.9839 2.2202 -133.8451
v  174.9839 9.5945 -133.8451
v  174.9839 9.5946 -184.9062
v  175.1140 2.0202 -133.9970
v  175.1148 2.0202 -184.7550
v  175.9793 2.0202 -183.7566
v  175.9801 2.0202 -135.0075
v  175.2148 2.0202 -184.8550
v  244.7543 2.0202 -184.8550
v  243.8898 2.0202 -183.8566
v  176.0793 2.0202 -183.8566
v  244.8543 2.0202 -184.7550
v  244.8551 2.0202 -133.9970
v  243.9890 2.0202 -135.0075
v  243.9898 2.0202 -183.7566
v  244.7551 2.0202 -133.8970
v  175.2140 2.0202 -133.8970
v  176.0801 2.0202 -134.9075
v  243.8890 2.0202 -134.9075
v  175.2140 9.7945 -133.8970
v  244.7551 9.7945 -133.8970
v  243.8890 9.7945 -134.9075
v  176.0801 9.7945 -134.9075
v  244.8551 9.7945 -133.9970
v  244.8543 9.7946 -184.7550
v  243.9897 9.7946 -183.7566
v  243.9890 9.7945 -135.0075
v  244.7543 9.7946 -184.8550
v  175.2148 9.7946 -184.8550
v  176.0794 9.7946 -183.8566
v  243.8898 9.7946 -183.8566
v  175.1148 9.7946 -184.7550
v  175.1140 9.7945 -133.9970
v  175.9801 9.7945 -135.0075
v  175.9794 9.7946 -183.7566
v  176.1103 2.2202 -135.1593
v  176.1103 2.2202 -183.6054
v  176.1103 9.5946 -183.6055
v  176.1103 9.5945 -135.1594
v  176.2103 2.2202 -183.7054
v  243.7589 2.2202 -183.7054
v  243.7588 9.5946 -183.7054
v  176.2103 9.5946 -183.7054
v  243.8589 2.2202 -183.6054
v  243.8589 2.2202 -135.1593
v  243.8588 9.5945 -135.1594
v  243.8588 9.5946 -183.6055
v  243.7589 2.2202 -135.0593
v  176.2103 2.2202 -135.0594
v  176.2103 9.5945 -135.0594
v  243.7588 9.5945 -135.0594
v  175.0839 11.2907 -133.7451
v  244.8853 11.2907 -133.7451
v  244.8853 19.2656 -133.7451
v  175.0839 19.2656 -133.7451
v  244.9853 11.2907 -133.8451
v  244.9853 11.2907 -184.9062
v  244.9853 19.2656 -184.9062
v  244.9853 19.2656 -133.8451
v  244.8853 11.2907 -185.0062
v  175.0839 11.2907 -185.0062
v  175.0839 19.2656 -185.0062
v  244.8853 19.2656 -185.0062
v  174.9839 11.2907 -184.9062
v  174.9839 11.2907 -133.8451
v  174.9839 19.2656 -133.8451
v  174.9839 19.2656 -184.9062
v  175.1140 11.0907 -133.9970
v  175.1148 11.0907 -184.7550
v  175.9793 11.0907 -183.7566
v  175.9801 11.0907 -135.0075
v  175.2148 11.0907 -184.8550
v  244.7543 11.0907 -184.8550
v  243.8898 11.0907 -183.8566
v  176.0793 11.0907 -183.8566
v  244.8543 11.0907 -184.7550
v  244.8551 11.0907 -133.9970
v  243.9890 11.0907 -135.0075
v  243.9898 11.0907 -183.7566
v  244.7551 11.0907 -133.8970
v  175.2140 11.0907 -133.8970
v  176.0801 11.0907 -134.9075
v  243.8890 11.0907 -134.9075
v  175.2140 19.4656 -133.8970
v  244.7551 19.4656 -133.8970
v  243.8890 19.4656 -134.9075
v  176.0801 19.4656 -134.9075
v  244.8551 19.4656 -133.9970
v  244.8543 19.4656 -184.7550
v  243.9897 19.4656 -183.7566
v  243.9890 19.4656 -135.0075
v  244.7543 19.4656 -184.8550
v  175.2148 19.4656 -184.8550
v  176.0794 19.4656 -183.8566
v  243.8898 19.4656 -183.8566
v  175.1148 19.4656 -184.7550
v  175.1140 19.4656 -133.9970
v  175.9801 19.4656 -135.0075
v  175.9794 19.4656 -183.7566
v  176.1103 11.2907 -135.1593
v  176.1103 11.2907 -183.6054
v  176.1103 19.2656 -183.6055
v  176.1103 19.2656 -135.1594
v  176.2103 11.2907 -183.7054
v  243.7589 11.2907 -183.7054
v  243.7588 19.2656 -183.7054
v  176.2103 19.2656 -183.7054
v  243.8589 11.2907 -183.6054
v  243.8589 11.2907 -135.1593
v  243.8588 19.2656 -135.1594
v  243.8588 19.2656 -183.6055
v  243.7589 11.2907 -135.0593
v  176.2103 11.2907 -135.0594
v  176.2103 19.2656 -135.0594
v  243.7588 19.2656 -135.0594
# 416 vertices

vn -0.1132 -0.9154 0.3862
vn -0.1132 -0.9154 -0.3862
vn 0.1132 -0.9154 -0.3862
vn 0.1132 -0.9154 0.3862
vn -0.3662 -0.4093 0.8357
vn 0.3662 -0.4093 0.8357
vn 0.3662 0.4093 0.8357
vn -0.3662 0.4093 0.8357
vn 0.8357 -0.4093 0.3662
vn 0.8357 -0.4093 -0.3662
vn 0.8357 0.4093 -0.3662
vn 0.8357 0.4093 0.3662
vn 0.3662 -0.4093 -0.8357
vn -0.3662 -0.4093 -0.8357
vn -0.3662 0.4093 -0.8357
vn 0.3662 0.4093 -0.8357
vn -0.8357 -0.4093 -0.3662
vn -0.8357 -0.4093 0.3662
vn -0.8357 0.4093 0.3662
vn -0.8357 0.4093 -0.3662
vn 0.1132 0.9154 0.3862
vn 0.1132 0.9154 -0.3862
vn -0.1132 0.9154 -0.3862
vn -0.1132 0.9154 0.3862
vn -0.3862 -0.9154 0.1132
vn -0.3862 -0.9154 -0.1132
vn 0.3862 -0.9154 -0.1132
vn 0.3862 -0.9154 0.1132
vn 0.3862 0.9154 -0.1132
vn 0.3862 0.9154 0.1132
vn -0.3862 0.9154 0.1132
vn -0.3862 0.9154 -0.1132
vn -0.1689 -0.8994 0.4032
vn -0.4032 -0.8994 0.1689
vn -0.4164 -0.8620 -0.2889
vn 0.2889 -0.8620 0.4164
vn -0.4032 0.8994 0.1689
vn -0.1689 0.8994 0.4032
vn 0.2889 0.8620 0.4164
vn -0.4164 0.8620 -0.2889
vn -0.3557 -0.3689 0.8587
vn 0.5329 -0.3393 0.7752
vn 0.5329 0.3393 0.7752
vn -0.3557 0.3689 0.8587
vn 0.9089 -0.3757 -0.1808
vn 0.1808 -0.3757 -0.9089
vn 0.1808 0.3757 -0.9089
vn 0.9089 0.3757 -0.1808
vn -0.7752 -0.3393 -0.5329
vn -0.8587 -0.3689 0.3557
vn -0.8587 0.3689 0.3557
vn -0.7752 0.3393 -0.5329
vn 0.1689 -0.8994 0.4032
vn -0.2889 -0.8620 0.4164
vn 0.4164 -0.8620 -0.2889
vn 0.4032 -0.8994 0.1689
vn 0.4032 0.8994 0.1689
vn 0.4164 0.8620 -0.2889
vn -0.2889 0.8620 0.4164
vn 0.1689 0.8994 0.4032
vn 0.3557 -0.3689 0.8587
vn 0.3557 0.3689 0.8587
vn -0.5329 0.3393 0.7752
vn -0.5329 -0.3393 0.7752
vn -0.9089 -0.3757 -0.1808
vn -0.9089 0.3757 -0.1808
vn -0.1808 0.3757 -0.9089
vn -0.1808 -0.3757 -0.9089
vn 0.7752 -0.3393 -0.5329
vn 0.7752 0.3393 -0.5329
vn 0.8587 0.3689 0.3557
vn 0.8587 -0.3689 0.3557
vn -0.1689 -0.8994 -0.4032
vn 0.2889 -0.8620 -0.4164
vn -0.4164 -0.8620 0.2889
vn -0.4032 -0.8994 -0.1689
vn -0.4032 0.8994 -0.1689
vn -0.4164 0.8620 0.2889
vn 0.2889 0.8620 -0.4164
vn -0.1689 0.8994 -0.4032
vn -0.3557 -0.3689 -0.8587
vn -0.3557 0.3689 -0.8587
vn 0.5329 0.3393 -0.7752
vn 0.5329 -0.3393 -0.7752
vn 0.9089 -0.3757 0.1808
vn 0.9089 0.3757 0.1808
vn 0.1808 0.3757 0.9089
vn 0.1808 -0.3757 0.9089
vn -0.7752 -0.3393 0.5329
vn -0.7752 0.3393 0.5329
vn -0.8587 0.3689 -0.3557
vn -0.8587 -0.3689 -0.3557
vn 0.1689 -0.8994 -0.4032
vn 0.4032 -0.8994 -0.1689
vn 0.4164 -0.8620 0.2889
vn -0.2889 -0.8620 -0.4164
vn 0.4032 0.8994 -0.1689
vn 0.1689 0.8994 -0.4032
vn -0.2889 0.8620 -0.4164
vn 0.4164 0.8620 0.2889
vn 0.3557 -0.3689 -0.8587
vn -0.5329 -0.3393 -0.7752
vn -0.5329 0.3393 -0.7752
vn 0.3557 0.3689 -0.8587
vn -0.9089 -0.3757 0.1808
vn -0.1808 -0.3757 0.9089
vn -0.1808 0.3757 0.9089
vn -0.9089 0.3757 0.1808
vn 0.7752 -0.3393 0.5329
vn 0.8587 -0.3689 -0.3557
vn 0.8587 0.3689 -0.3557
vn 0.7752 0.3393 0.5329
vn -0.1291 -0.9024 0.4112
vn -0.4112 -0.9024 0.1291
vn -0.4112 0.9024 0.1291
vn -0.1291 0.9024 0.4112
vn 0.4112 -0.9024 0.1291
vn 0.1291 -0.9024 0.4112
vn 0.1291 0.9024 0.4112
vn 0.4112 0.9024 0.1291
vn 0.1291 -0.9024 -0.4112
vn 0.4112 -0.9024 -0.1291
vn 0.4112 0.9024 -0.1291
vn 0.1291 0.9024 -0.4112
vn -0.4112 -0.9024 -0.1291
vn -0.1291 -0.9024 -0.4112
vn -0.1291 0.9024 -0.4112
vn -0.4112 0.9024 -0.1291
vn -0.3734 -0.3458 0.8608
vn 0.3734 -0.3458 0.8608
vn 0.3734 0.3457 0.8608
vn -0.3734 0.3457 0.8608
vn 0.8608 -0.3364 0.3820
vn 0.8608 -0.3368 -0.3816
vn 0.8607 0.3368 -0.3817
vn 0.8608 0.3365 0.3819
vn 0.3737 -0.3455 -0.8608
vn -0.3737 -0.3455 -0.8608
vn -0.3737 0.3455 -0.8608
vn 0.3737 0.3455 -0.8608
vn -0.8608 -0.3368 -0.3816
vn -0.8608 -0.3364 0.3820
vn -0.8608 0.3365 0.3819
vn -0.8607 0.3368 -0.3817
vn -0.4806 -0.8652 0.1430
vn -0.4795 -0.8658 -0.1433
vn 0.2795 -0.9503 0.1372
vn 0.2797 -0.9502 -0.1375
vn -0.1505 -0.8783 -0.4538
vn 0.1505 -0.8783 -0.4538
vn -0.1282 -0.9530 0.2746
vn 0.1282 -0.9530 0.2746
vn 0.4795 -0.8658 -0.1433
vn 0.4806 -0.8652 0.1430
vn -0.2797 -0.9502 -0.1375
vn -0.2795 -0.9503 0.1372
vn 0.1508 -0.8786 0.4531
vn -0.1508 -0.8786 0.4531
vn 0.1279 -0.9530 -0.2745
vn -0.1279 -0.9530 -0.2745
vn -0.1508 0.8786 0.4531
vn 0.1508 0.8786 0.4531
vn -0.1279 0.9531 -0.2745
vn 0.1279 0.9530 -0.2745
vn 0.4806 0.8652 0.1430
vn 0.4795 0.8658 -0.1433
vn -0.2795 0.9503 0.1372
vn -0.2797 0.9502 -0.1375
vn 0.1505 0.8783 -0.4539
vn -0.1504 0.8783 -0.4539
vn 0.1282 0.9530 0.2746
vn -0.1282 0.9530 0.2746
vn -0.4795 0.8658 -0.1433
vn -0.4806 0.8652 0.1430
vn 0.2797 0.9502 -0.1375
vn 0.2795 0.9503 0.1372
vn 0.8736 -0.3734 -0.3122
vn 0.8730 -0.3745 0.3125
vn 0.8730 0.3744 0.3125
vn 0.8735 0.3734 -0.3122
vn 0.3218 -0.3988 0.8587
vn -0.3218 -0.3988 0.8587
vn -0.3218 0.3988 0.8587
vn 0.3218 0.3988 0.8587
vn -0.8730 -0.3745 0.3125
vn -0.8736 -0.3734 -0.3122
vn -0.8735 0.3734 -0.3122
vn -0.8730 0.3744 0.3125
vn -0.3222 -0.3995 -0.8583
vn 0.3222 -0.3995 -0.8583
vn 0.3221 0.3995 -0.8583
vn -0.3221 0.3995 -0.8583
vn -0.1505 -0.8783 -0.4539
vn 0.1505 -0.8783 -0.4539
# 194 vertex normals

vt 0.6760 0.2118 0.0000
vt 0.6760 0.1976 0.0000
vt 0.7743 0.1976 0.0000
vt 0.7743 0.2118 0.0000
vt 0.5692 0.1681 0.0000
vt 0.6680 0.1681 0.0000
vt 0.6680 0.1706 0.0000
vt 0.5692 0.1706 0.0000
vt 0.7771 0.2148 0.0000
vt 0.7771 0.2290 0.0000
vt 0.7746 0.2290 0.0000
vt 0.7746 0.2148 0.0000
vt 0.6667 0.2157 0.0000
vt 0.5679 0.2157 0.0000
vt 0.5679 0.2131 0.0000
vt 0.6667 0.2131 0.0000
vt 0.6756 0.1892 0.0000
vt 0.6756 0.1716 0.0000
vt 0.6781 0.1716 0.0000
vt 0.6781 0.1892 0.0000
vt 0.7743 0.2148 0.0000
vt 0.7743 0.2290 0.0000
vt 0.6760 0.2290 0.0000
vt 0.6760 0.2148 0.0000
vt 0.5680 0.2321 0.0000
vt 0.5680 0.2159 0.0000
vt 0.6666 0.2159 0.0000
vt 0.6666 0.2321 0.0000
vt 0.6784 0.1686 0.0000
vt 0.6784 0.1510 0.0000
vt 0.7767 0.1510 0.0000
vt 0.7767 0.1686 0.0000
vt 0.6678 0.1505 0.0000
vt 0.6678 0.1679 0.0000
vt 0.5693 0.1679 0.0000
vt 0.5693 0.1505 0.0000
vt 0.6695 0.1966 0.0000
vt 0.6695 0.2129 0.0000
vt 0.6669 0.2129 0.0000
vt 0.6669 0.1966 0.0000
vt 0.7796 0.1716 0.0000
vt 0.7796 0.1892 0.0000
vt 0.7771 0.1892 0.0000
vt 0.7771 0.1716 0.0000
vt 0.6682 0.1881 0.0000
vt 0.6682 0.1708 0.0000
vt 0.6707 0.1708 0.0000
vt 0.6707 0.1881 0.0000
vt 0.5664 0.1881 0.0000
vt 0.5664 0.1708 0.0000
vt 0.5690 0.1708 0.0000
vt 0.5690 0.1881 0.0000
vt 0.6731 0.2290 0.0000
vt 0.6731 0.2148 0.0000
vt 0.6756 0.2148 0.0000
vt 0.6756 0.2290 0.0000
vt 0.5677 0.1966 0.0000
vt 0.5677 0.2129 0.0000
vt 0.5651 0.2129 0.0000
vt 0.5651 0.1966 0.0000
vt 0.6666 0.1966 0.0000
vt 0.6666 0.2129 0.0000
vt 0.5680 0.2129 0.0000
vt 0.5680 0.1966 0.0000
vt 0.7767 0.1716 0.0000
vt 0.7767 0.1892 0.0000
vt 0.6784 0.1892 0.0000
vt 0.6784 0.1716 0.0000
vt 0.5693 0.1881 0.0000
vt 0.5693 0.1708 0.0000
vt 0.6678 0.1708 0.0000
vt 0.6678 0.1881 0.0000
vt 0.6783 0.1919 0.0000
vt 0.6783 0.1894 0.0000
vt 0.7769 0.1894 0.0000
vt 0.7769 0.1919 0.0000
vt 0.6758 0.2317 0.0000
vt 0.6758 0.2292 0.0000
vt 0.7744 0.2292 0.0000
vt 0.7744 0.2317 0.0000
vt 0.7744 0.2120 0.0000
vt 0.7744 0.2146 0.0000
vt 0.6758 0.2146 0.0000
vt 0.6758 0.2120 0.0000
vt 0.6783 0.1688 0.0000
vt 0.7769 0.1688 0.0000
vt 0.7769 0.1714 0.0000
vt 0.6783 0.1714 0.0000
vt 0.6667 0.1939 0.0000
vt 0.6667 0.1964 0.0000
vt 0.5679 0.1964 0.0000
vt 0.5679 0.1939 0.0000
vt 0.5692 0.1909 0.0000
vt 0.5692 0.1883 0.0000
vt 0.6680 0.1883 0.0000
vt 0.6680 0.1909 0.0000
vt 0.5662 0.1710 0.0000
vt 0.5662 0.1880 0.0000
vt 0.6697 0.2128 0.0000
vt 0.6697 0.1968 0.0000
vt 0.6667 0.2128 0.0000
vt 0.6667 0.1968 0.0000
vt 0.5692 0.1710 0.0000
vt 0.5692 0.1880 0.0000
vt 0.6729 0.2149 0.0000
vt 0.6729 0.2288 0.0000
vt 0.6754 0.1717 0.0000
vt 0.6754 0.1891 0.0000
vt 0.5649 0.1968 0.0000
vt 0.5649 0.2128 0.0000
vt 0.7798 0.1891 0.0000
vt 0.7798 0.1717 0.0000
vt 0.7773 0.2288 0.0000
vt 0.7773 0.2149 0.0000
vt 0.6709 0.1880 0.0000
vt 0.6709 0.1710 0.0000
vt 0.7769 0.1891 0.0000
vt 0.7769 0.1717 0.0000
vt 0.7744 0.2288 0.0000
vt 0.7744 0.2149 0.0000
vt 0.6680 0.1880 0.0000
vt 0.6680 0.1710 0.0000
vt 0.6758 0.2149 0.0000
vt 0.6758 0.2288 0.0000
vt 0.6783 0.1717 0.0000
vt 0.6783 0.1891 0.0000
vt 0.5679 0.1968 0.0000
vt 0.5679 0.2128 0.0000
vt 0.6784 0.1921 0.0000
vt 0.7767 0.1921 0.0000
vt 0.6760 0.2319 0.0000
vt 0.7743 0.2319 0.0000
vt 0.6666 0.1937 0.0000
vt 0.5680 0.1937 0.0000
vt 0.5693 0.1911 0.0000
vt 0.6678 0.1911 0.0000
vt 0.6681 0.1681 0.0000
vt 0.6681 0.1706 0.0000
vt 0.6669 0.2157 0.0000
vt 0.6669 0.2131 0.0000
vt 0.5677 0.2157 0.0000
vt 0.5677 0.2131 0.0000
vt 0.5690 0.1706 0.0000
vt 0.5690 0.1681 0.0000
vt 0.7771 0.1919 0.0000
vt 0.7771 0.1894 0.0000
vt 0.7746 0.2317 0.0000
vt 0.7746 0.2291 0.0000
vt 0.7746 0.2146 0.0000
vt 0.7746 0.2120 0.0000
vt 0.6756 0.2120 0.0000
vt 0.6756 0.2146 0.0000
vt 0.6781 0.1688 0.0000
vt 0.6781 0.1714 0.0000
vt 0.6781 0.1894 0.0000
vt 0.6781 0.1920 0.0000
vt 0.6669 0.1964 0.0000
vt 0.6669 0.1939 0.0000
vt 0.7771 0.1714 0.0000
vt 0.7771 0.1688 0.0000
vt 0.6681 0.1909 0.0000
vt 0.6681 0.1883 0.0000
vt 0.5690 0.1883 0.0000
vt 0.5690 0.1909 0.0000
vt 0.6756 0.2292 0.0000
vt 0.6756 0.2317 0.0000
vt 0.5677 0.1939 0.0000
vt 0.5677 0.1964 0.0000
vt 0.5692 0.1677 0.0000
vt 0.6680 0.1677 0.0000
vt 0.5679 0.2160 0.0000
vt 0.6667 0.2160 0.0000
vt 0.5691 0.1912 0.0000
vt 0.6758 0.2320 0.0000
vt 0.5678 0.1936 0.0000
vt 0.6668 0.1936 0.0000
vt 0.7769 0.1685 0.0000
vt 0.6680 0.1912 0.0000
vt 0.6758 0.2117 0.0000
vt 0.6783 0.1685 0.0000
vt 0.6782 0.1922 0.0000
vt 0.7769 0.1922 0.0000
vt 0.7745 0.2320 0.0000
vt 0.7744 0.2117 0.0000
vt 0.7744 0.1978 0.0000
vt 0.6667 0.2320 0.0000
vt 0.7769 0.1511 0.0000
vt 0.6680 0.1507 0.0000
vt 0.6758 0.1978 0.0000
vt 0.5679 0.2320 0.0000
vt 0.6783 0.1511 0.0000
vt 0.5692 0.1507 0.0000
vt 0.6846 0.3886 0.0000
vt 0.6844 0.3888 0.0000
vt 0.6781 0.3889 0.0000
vt 0.6847 0.3823 0.0000
vt 0.6844 0.4268 0.0000
vt 0.6846 0.4270 0.0000
vt 0.6847 0.4333 0.0000
vt 0.6781 0.4268 0.0000
vt 0.6617 0.3890 0.0000
vt 0.6682 0.3890 0.0000
vt 0.6682 0.4266 0.0000
vt 0.6617 0.4266 0.0000
vt 0.6684 0.3890 0.0000
vt 0.6778 0.3890 0.0000
vt 0.6778 0.4266 0.0000
vt 0.6684 0.4266 0.0000
vt 0.6780 0.3890 0.0000
vt 0.6845 0.3890 0.0000
vt 0.6845 0.4266 0.0000
vt 0.6780 0.4266 0.0000
vt 0.6613 0.4266 0.0000
vt 0.6613 0.3890 0.0000
vt 0.6598 0.4349 0.0000
vt 0.6598 0.4286 0.0000
vt 0.6663 0.4351 0.0000
vt 0.6600 0.4351 0.0000
vt 0.6600 0.4731 0.0000
vt 0.6663 0.4730 0.0000
vt 0.6597 0.4796 0.0000
vt 0.6598 0.4733 0.0000
vt 0.6827 0.4353 0.0000
vt 0.6827 0.4729 0.0000
vt 0.6762 0.4729 0.0000
vt 0.6763 0.4353 0.0000
vt 0.6760 0.4353 0.0000
vt 0.6760 0.4729 0.0000
vt 0.6666 0.4729 0.0000
vt 0.6666 0.4353 0.0000
vt 0.6664 0.4353 0.0000
vt 0.6664 0.4729 0.0000
vt 0.6599 0.4729 0.0000
vt 0.6600 0.4353 0.0000
vt 0.6831 0.4353 0.0000
vt 0.6831 0.4729 0.0000
vt 0.6598 0.5276 0.0000
vt 0.6597 0.5212 0.0000
vt 0.6663 0.5278 0.0000
vt 0.6600 0.5278 0.0000
vt 0.6600 0.5657 0.0000
vt 0.6664 0.5657 0.0000
vt 0.6598 0.5722 0.0000
vt 0.6598 0.5659 0.0000
vt 0.6827 0.5279 0.0000
vt 0.6828 0.5655 0.0000
vt 0.6763 0.5655 0.0000
vt 0.6762 0.5279 0.0000
vt 0.6760 0.5279 0.0000
vt 0.6761 0.5655 0.0000
vt 0.6667 0.5655 0.0000
vt 0.6666 0.5280 0.0000
vt 0.6664 0.5280 0.0000
vt 0.6665 0.5655 0.0000
vt 0.6600 0.5655 0.0000
vt 0.6599 0.5280 0.0000
vt 0.6831 0.5279 0.0000
vt 0.6832 0.5655 0.0000
vt 0.6833 0.4812 0.0000
vt 0.6831 0.4814 0.0000
vt 0.6767 0.4815 0.0000
vt 0.6833 0.4749 0.0000
vt 0.6830 0.5194 0.0000
vt 0.6832 0.5196 0.0000
vt 0.6833 0.5259 0.0000
vt 0.6767 0.5194 0.0000
vt 0.6604 0.4816 0.0000
vt 0.6668 0.4816 0.0000
vt 0.6668 0.5192 0.0000
vt 0.6603 0.5192 0.0000
vt 0.6670 0.4816 0.0000
vt 0.6764 0.4816 0.0000
vt 0.6764 0.5192 0.0000
vt 0.6670 0.5192 0.0000
vt 0.6767 0.4816 0.0000
vt 0.6831 0.4816 0.0000
vt 0.6831 0.5192 0.0000
vt 0.6766 0.5192 0.0000
vt 0.6599 0.5192 0.0000
vt 0.6600 0.4816 0.0000
vt 0.6767 0.4814 0.0000
vt 0.6832 0.5259 0.0000
vt 0.6598 0.5212 0.0000
vt 0.6663 0.5277 0.0000
vt 0.6599 0.5722 0.0000
vt 0.6781 0.3888 0.0000
vt 0.6846 0.3823 0.0000
vt 0.6846 0.4333 0.0000
vt 0.6664 0.4351 0.0000
vt 0.6663 0.4731 0.0000
vt 0.6598 0.4796 0.0000
vt 0.6777 0.3888 0.0000
vt 0.6685 0.3888 0.0000
vt 0.6681 0.3889 0.0000
vt 0.6617 0.3888 0.0000
vt 0.6617 0.4268 0.0000
vt 0.6681 0.4268 0.0000
vt 0.6685 0.4268 0.0000
vt 0.6777 0.4268 0.0000
vt 0.6614 0.3888 0.0000
vt 0.6614 0.4268 0.0000
vt 0.6827 0.4351 0.0000
vt 0.6830 0.4351 0.0000
vt 0.6760 0.4351 0.0000
vt 0.6667 0.4351 0.0000
vt 0.6763 0.4351 0.0000
vt 0.6830 0.4731 0.0000
vt 0.6827 0.4731 0.0000
vt 0.6763 0.4730 0.0000
vt 0.6667 0.4731 0.0000
vt 0.6759 0.4731 0.0000
vt 0.6827 0.5277 0.0000
vt 0.6830 0.5277 0.0000
vt 0.6759 0.5277 0.0000
vt 0.6667 0.5278 0.0000
vt 0.6763 0.5278 0.0000
vt 0.6830 0.5657 0.0000
vt 0.6827 0.5657 0.0000
vt 0.6764 0.5657 0.0000
vt 0.6667 0.5657 0.0000
vt 0.6760 0.5657 0.0000
vt 0.6667 0.4815 0.0000
vt 0.6604 0.4814 0.0000
vt 0.6764 0.4814 0.0000
vt 0.6671 0.4814 0.0000
vt 0.6601 0.4814 0.0000
vt 0.6671 0.5194 0.0000
vt 0.6763 0.5194 0.0000
vt 0.6604 0.5194 0.0000
vt 0.6667 0.5193 0.0000
vt 0.6600 0.5194 0.0000
vt 0.6760 0.4731 0.0000
vt 0.7884 0.2274 0.0000
vt 0.8945 0.2274 0.0000
vt 0.8945 0.2388 0.0000
vt 0.7884 0.2388 0.0000
vt 0.9043 0.3823 0.0000
vt 0.9819 0.3823 0.0000
vt 0.9819 0.3937 0.0000
vt 0.9043 0.3937 0.0000
vt 0.7884 0.3834 0.0000
vt 0.8945 0.3834 0.0000
vt 0.8945 0.3949 0.0000
vt 0.7884 0.3949 0.0000
vt 0.9043 0.3524 0.0000
vt 0.9819 0.3524 0.0000
vt 0.9819 0.3638 0.0000
vt 0.9043 0.3638 0.0000
vt 0.9817 0.3520 0.0000
vt 0.9046 0.3520 0.0000
vt 0.9061 0.3507 0.0000
vt 0.9802 0.3507 0.0000
vt 0.8943 0.3831 0.0000
vt 0.7886 0.3831 0.0000
vt 0.7899 0.3815 0.0000
vt 0.8930 0.3815 0.0000
vt 0.9817 0.3819 0.0000
vt 0.9046 0.3819 0.0000
vt 0.9061 0.3806 0.0000
vt 0.9802 0.3806 0.0000
vt 0.8943 0.2270 0.0000
vt 0.7886 0.2270 0.0000
vt 0.7899 0.2255 0.0000
vt 0.8930 0.2255 0.0000
vt 0.7886 0.2392 0.0000
vt 0.8943 0.2392 0.0000
vt 0.8930 0.2407 0.0000
vt 0.7899 0.2407 0.0000
vt 0.9046 0.3941 0.0000
vt 0.9817 0.3941 0.0000
vt 0.9802 0.3954 0.0000
vt 0.9061 0.3954 0.0000
vt 0.7886 0.3952 0.0000
vt 0.8943 0.3952 0.0000
vt 0.8930 0.3968 0.0000
vt 0.7899 0.3968 0.0000
vt 0.9046 0.3641 0.0000
vt 0.9817 0.3641 0.0000
vt 0.9802 0.3655 0.0000
vt 0.9061 0.3655 0.0000
vt 0.9800 0.3773 0.0000
vt 0.9063 0.3773 0.0000
vt 0.9063 0.3658 0.0000
vt 0.9800 0.3658 0.0000
vt 0.8928 0.4086 0.0000
vt 0.7901 0.4086 0.0000
vt 0.7901 0.3971 0.0000
vt 0.8928 0.3971 0.0000
vt 0.9800 0.4072 0.0000
vt 0.9063 0.4072 0.0000
vt 0.9063 0.3958 0.0000
vt 0.9800 0.3958 0.0000
vt 0.8928 0.2525 0.0000
vt 0.7901 0.2525 0.0000
vt 0.7901 0.2411 0.0000
vt 0.8928 0.2411 0.0000
vt 0.9061 0.3776 0.0000
vt 0.9802 0.3776 0.0000
vt 0.7899 0.4090 0.0000
vt 0.8930 0.4090 0.0000
vt 0.9061 0.4076 0.0000
vt 0.9802 0.4076 0.0000
vt 0.7899 0.2529 0.0000
vt 0.8930 0.2529 0.0000
vt 0.8947 0.2274 0.0000
vt 0.8947 0.2388 0.0000
vt 0.7882 0.2388 0.0000
vt 0.7882 0.2274 0.0000
vt 0.7882 0.3834 0.0000
vt 0.7882 0.3949 0.0000
vt 0.8947 0.3834 0.0000
vt 0.8947 0.3949 0.0000
vt 0.7884 0.2268 0.0000
vt 0.7897 0.2253 0.0000
vt 0.8944 0.3829 0.0000
vt 0.8931 0.3814 0.0000
vt 0.7884 0.3829 0.0000
vt 0.7897 0.3814 0.0000
vt 0.8944 0.2268 0.0000
vt 0.8931 0.2253 0.0000
vt 0.7884 0.2393 0.0000
vt 0.7897 0.2408 0.0000
vt 0.8944 0.2393 0.0000
vt 0.8931 0.2408 0.0000
vt 0.7884 0.3954 0.0000
vt 0.7897 0.3969 0.0000
vt 0.8944 0.3954 0.0000
vt 0.8931 0.3969 0.0000
vt 0.7899 0.2525 0.0000
vt 0.7899 0.2411 0.0000
vt 0.8930 0.4086 0.0000
vt 0.8930 0.3972 0.0000
vt 0.7899 0.4086 0.0000
vt 0.7899 0.3972 0.0000
vt 0.8930 0.2525 0.0000
vt 0.8930 0.2411 0.0000
vt 0.7897 0.2528 0.0000
vt 0.8931 0.4089 0.0000
vt 0.7897 0.4089 0.0000
vt 0.8931 0.2529 0.0000
vt 0.7884 0.2912 0.0000
vt 0.8945 0.2912 0.0000
vt 0.8945 0.3024 0.0000
vt 0.7884 0.3024 0.0000
vt 0.9043 0.2270 0.0000
vt 0.9819 0.2270 0.0000
vt 0.9819 0.2383 0.0000
vt 0.9043 0.2383 0.0000
vt 0.7884 0.3222 0.0000
vt 0.8945 0.3222 0.0000
vt 0.8945 0.3335 0.0000
vt 0.7884 0.3335 0.0000
vt 0.9043 0.3227 0.0000
vt 0.9819 0.3227 0.0000
vt 0.9819 0.3339 0.0000
vt 0.9043 0.3339 0.0000
vt 0.9817 0.3223 0.0000
vt 0.9046 0.3223 0.0000
vt 0.9061 0.3210 0.0000
vt 0.9802 0.3210 0.0000
vt 0.8943 0.3219 0.0000
vt 0.7886 0.3219 0.0000
vt 0.7899 0.3204 0.0000
vt 0.8930 0.3204 0.0000
vt 0.9817 0.2267 0.0000
vt 0.9046 0.2267 0.0000
vt 0.9061 0.2254 0.0000
vt 0.9802 0.2254 0.0000
vt 0.8943 0.2908 0.0000
vt 0.7886 0.2908 0.0000
vt 0.7899 0.2893 0.0000
vt 0.8930 0.2893 0.0000
vt 0.7886 0.3028 0.0000
vt 0.8943 0.3028 0.0000
vt 0.8930 0.3043 0.0000
vt 0.7899 0.3043 0.0000
vt 0.9046 0.2386 0.0000
vt 0.9817 0.2386 0.0000
vt 0.9802 0.2399 0.0000
vt 0.9061 0.2399 0.0000
vt 0.7886 0.3338 0.0000
vt 0.8943 0.3338 0.0000
vt 0.8930 0.3354 0.0000
vt 0.7899 0.3354 0.0000
vt 0.9046 0.3343 0.0000
vt 0.9817 0.3343 0.0000
vt 0.9802 0.3356 0.0000
vt 0.9061 0.3356 0.0000
vt 0.9800 0.3472 0.0000
vt 0.9063 0.3472 0.0000
vt 0.9063 0.3360 0.0000
vt 0.9800 0.3360 0.0000
vt 0.8928 0.3469 0.0000
vt 0.7901 0.3469 0.0000
vt 0.7901 0.3357 0.0000
vt 0.8928 0.3357 0.0000
vt 0.9800 0.2515 0.0000
vt 0.9063 0.2515 0.0000
vt 0.9063 0.2403 0.0000
vt 0.9800 0.2403 0.0000
vt 0.8928 0.3159 0.0000
vt 0.7901 0.3159 0.0000
vt 0.7901 0.3047 0.0000
vt 0.8928 0.3047 0.0000
vt 0.9061 0.3475 0.0000
vt 0.9802 0.3475 0.0000
vt 0.7899 0.3473 0.0000
vt 0.8930 0.3473 0.0000
vt 0.9061 0.2519 0.0000
vt 0.9802 0.2519 0.0000
vt 0.7899 0.3163 0.0000
vt 0.8930 0.3163 0.0000
vt 0.8947 0.2912 0.0000
vt 0.8947 0.3024 0.0000
vt 0.7882 0.3024 0.0000
vt 0.7882 0.2912 0.0000
vt 0.7882 0.3222 0.0000
vt 0.7882 0.3335 0.0000
vt 0.8947 0.3222 0.0000
vt 0.8947 0.3335 0.0000
vt 0.7884 0.2907 0.0000
vt 0.7897 0.2891 0.0000
vt 0.8944 0.3217 0.0000
vt 0.8931 0.3202 0.0000
vt 0.7884 0.3217 0.0000
vt 0.7897 0.3202 0.0000
vt 0.8944 0.2907 0.0000
vt 0.8931 0.2891 0.0000
vt 0.7884 0.3029 0.0000
vt 0.7897 0.3045 0.0000
vt 0.8944 0.3029 0.0000
vt 0.8931 0.3045 0.0000
vt 0.7884 0.3340 0.0000
vt 0.7897 0.3355 0.0000
vt 0.8944 0.3340 0.0000
vt 0.8931 0.3355 0.0000
vt 0.7899 0.3159 0.0000
vt 0.7899 0.3047 0.0000
vt 0.8930 0.3469 0.0000
vt 0.8930 0.3357 0.0000
vt 0.7899 0.3469 0.0000
vt 0.7899 0.3358 0.0000
vt 0.8930 0.3159 0.0000
vt 0.8930 0.3047 0.0000
vt 0.7897 0.3162 0.0000
vt 0.8931 0.3473 0.0000
vt 0.7897 0.3473 0.0000
vt 0.8931 0.3163 0.0000
vt 0.7884 0.2582 0.0000
vt 0.8945 0.2582 0.0000
vt 0.8945 0.2703 0.0000
vt 0.7884 0.2703 0.0000
vt 0.9043 0.2900 0.0000
vt 0.9819 0.2900 0.0000
vt 0.9819 0.3021 0.0000
vt 0.9043 0.3021 0.0000
vt 0.7884 0.3518 0.0000
vt 0.8945 0.3518 0.0000
vt 0.8945 0.3639 0.0000
vt 0.7884 0.3639 0.0000
vt 0.9043 0.2571 0.0000
vt 0.9819 0.2571 0.0000
vt 0.9819 0.2692 0.0000
vt 0.9043 0.2692 0.0000
vt 0.9817 0.2567 0.0000
vt 0.9046 0.2567 0.0000
vt 0.9061 0.2554 0.0000
vt 0.9802 0.2554 0.0000
vt 0.8943 0.3514 0.0000
vt 0.7886 0.3514 0.0000
vt 0.7899 0.3499 0.0000
vt 0.8930 0.3499 0.0000
vt 0.9817 0.2896 0.0000
vt 0.9046 0.2896 0.0000
vt 0.9061 0.2883 0.0000
vt 0.9802 0.2883 0.0000
vt 0.8943 0.2578 0.0000
vt 0.7886 0.2578 0.0000
vt 0.7899 0.2563 0.0000
vt 0.8930 0.2563 0.0000
vt 0.7886 0.2707 0.0000
vt 0.8943 0.2707 0.0000
vt 0.8930 0.2723 0.0000
vt 0.7899 0.2723 0.0000
vt 0.9046 0.3024 0.0000
vt 0.9817 0.3024 0.0000
vt 0.9802 0.3038 0.0000
vt 0.9061 0.3038 0.0000
vt 0.7886 0.3643 0.0000
vt 0.8943 0.3643 0.0000
vt 0.8930 0.3658 0.0000
vt 0.7899 0.3658 0.0000
vt 0.9046 0.2696 0.0000
vt 0.9817 0.2696 0.0000
vt 0.9802 0.2709 0.0000
vt 0.9061 0.2709 0.0000
vt 0.9800 0.2834 0.0000
vt 0.9063 0.2834 0.0000
vt 0.9063 0.2712 0.0000
vt 0.9800 0.2712 0.0000
vt 0.8928 0.3783 0.0000
vt 0.7901 0.3783 0.0000
vt 0.7901 0.3662 0.0000
vt 0.8928 0.3662 0.0000
vt 0.9800 0.3162 0.0000
vt 0.9063 0.3162 0.0000
vt 0.9063 0.3041 0.0000
vt 0.9800 0.3041 0.0000
vt 0.8928 0.2848 0.0000
vt 0.7901 0.2848 0.0000
vt 0.7901 0.2726 0.0000
vt 0.8928 0.2726 0.0000
vt 0.9061 0.2837 0.0000
vt 0.9802 0.2837 0.0000
vt 0.7899 0.3787 0.0000
vt 0.8930 0.3787 0.0000
vt 0.9061 0.3166 0.0000
vt 0.9802 0.3166 0.0000
vt 0.7899 0.2851 0.0000
vt 0.8930 0.2851 0.0000
vt 0.8947 0.2582 0.0000
vt 0.8947 0.2703 0.0000
vt 0.7882 0.2703 0.0000
vt 0.7882 0.2582 0.0000
vt 0.7882 0.3518 0.0000
vt 0.7882 0.3639 0.0000
vt 0.8947 0.3518 0.0000
vt 0.8947 0.3639 0.0000
vt 0.7884 0.2577 0.0000
vt 0.7897 0.2561 0.0000
vt 0.8944 0.3513 0.0000
vt 0.8931 0.3498 0.0000
vt 0.7884 0.3513 0.0000
vt 0.7897 0.3498 0.0000
vt 0.8944 0.2577 0.0000
vt 0.8931 0.2561 0.0000
vt 0.7884 0.2709 0.0000
vt 0.7897 0.2724 0.0000
vt 0.8944 0.2709 0.0000
vt 0.8931 0.2724 0.0000
vt 0.7884 0.3644 0.0000
vt 0.7897 0.3659 0.0000
vt 0.8944 0.3644 0.0000
vt 0.8931 0.3660 0.0000
vt 0.7899 0.2848 0.0000
vt 0.7899 0.2727 0.0000
vt 0.8930 0.3783 0.0000
vt 0.8930 0.3662 0.0000
vt 0.7899 0.3783 0.0000
vt 0.7899 0.3662 0.0000
vt 0.8930 0.2848 0.0000
vt 0.8930 0.2726 0.0000
vt 0.7897 0.2851 0.0000
vt 0.8931 0.3787 0.0000
vt 0.7897 0.3786 0.0000
vt 0.8931 0.2851 0.0000
# 656 texture coords

o wooden_box_big
g wooden_box_big
usemtl wooden_crate_barrel
s 1
f 1261/1628/1098 1262/1629/1099 1263/1630/1100 1264/1631/1101 
f 1265/1632/1102 1266/1633/1103 1267/1634/1104 1268/1635/1105 
f 1269/1636/1106 1270/1637/1107 1271/1638/1108 1272/1639/1109 
f 1273/1640/1110 1274/1641/1111 1275/1642/1112 1276/1643/1113 
f 1277/1644/1114 1278/1645/1115 1279/1646/1116 1280/1647/1117 
f 1281/1648/1118 1282/1649/1119 1283/1650/1120 1284/1651/1121 
f 1285/1652/1098 1286/1653/1099 1287/1654/1100 1288/1655/1101 
f 1289/1656/1098 1290/1657/1099 1291/1658/1100 1292/1659/1101 
f 1293/1660/1100 1294/1661/1101 1295/1662/1098 1296/1663/1099 
f 1297/1664/1106 1298/1665/1107 1299/1666/1108 1300/1667/1109 
f 1301/1668/1106 1302/1669/1107 1303/1670/1108 1304/1671/1109 
f 1305/1672/1108 1306/1673/1109 1307/1674/1106 1308/1675/1107 
f 1309/1676/1114 1310/1677/1115 1311/1678/1116 1312/1679/1117 
f 1313/1680/1114 1314/1681/1115 1315/1682/1116 1316/1683/1117 
f 1317/1684/1116 1318/1685/1117 1319/1686/1114 1320/1687/1115 
f 1321/1688/1118 1322/1689/1119 1323/1690/1120 1324/1691/1121 
f 1325/1692/1118 1326/1693/1119 1327/1694/1120 1328/1695/1121 
f 1329/1696/1120 1330/1697/1121 1331/1698/1118 1332/1699/1119 
f 1333/1700/1111 1334/1701/1112 1335/1702/1113 1336/1703/1110 
f 1337/1704/1111 1338/1705/1112 1339/1706/1113 1340/1707/1110 
f 1341/1708/1103 1342/1709/1104 1343/1710/1105 1344/1711/1102 
f 1345/1712/1102 1346/1713/1103 1347/1714/1104 1348/1715/1105 
f 1349/1716/1103 1350/1717/1104 1351/1718/1105 1352/1719/1102 
f 1353/1720/1111 1354/1721/1112 1355/1722/1113 1356/1723/1110 
s 2
f 1357/1724/1122 1310/1677/1115 1309/1676/1114 1358/1725/1123 
f 1286/1653/1099 1274/1641/1111 1273/1640/1110 1287/1654/1100 
s 4
f 1359/1726/1124 1298/1665/1107 1297/1664/1106 1360/1727/1125 
f 1294/1661/1101 1266/1633/1103 1265/1632/1102 1295/1662/1098 
s 2
f 1267/1634/1104 1331/1698/1118 1330/1697/1121 1268/1635/1105 
f 1299/1666/1108 1361/1728/1126 1362/1729/1127 1300/1667/1109 
s 4
f 1275/1642/1112 1323/1690/1120 1322/1689/1119 1276/1643/1113 
f 1311/1678/1116 1363/1730/1128 1364/1731/1129 1312/1679/1117 
s 2
f 1365/1732/1122 1314/1681/1115 1313/1680/1114 1366/1733/1123 
f 1367/1734/1122 1278/1645/1115 1277/1644/1114 1368/1735/1123 
s 4
f 1369/1736/1122 1320/1687/1115 1319/1686/1114 1370/1737/1123 
s 2
f 1371/1738/1124 1302/1669/1107 1301/1668/1106 1372/1739/1125 
f 1373/1740/1124 1270/1637/1107 1269/1636/1106 1374/1741/1125 
f 1375/1742/1124 1308/1675/1107 1307/1674/1106 1376/1743/1125 
f 1303/1670/1108 1377/1744/1126 1378/1745/1127 1304/1671/1109 
f 1271/1638/1108 1379/1746/1126 1380/1747/1127 1272/1639/1109 
s 4
f 1305/1672/1108 1381/1748/1126 1382/1749/1127 1306/1673/1109 
s 2
f 1315/1682/1116 1383/1750/1128 1384/1751/1129 1316/1683/1117 
f 1279/1646/1116 1385/1752/1128 1386/1753/1129 1280/1647/1117 
f 1317/1684/1116 1387/1754/1128 1388/1755/1129 1318/1685/1117 
s 4
f 1290/1756/1099 1333/1700/1111 1336/1703/1110 1291/1757/1100 
s 2
f 1262/1758/1099 1337/1704/1111 1340/1707/1110 1263/1759/1100 
s 4
f 1264/1631/1101 1341/1708/1103 1344/1711/1102 1261/1628/1098 
f 1326/1693/1119 1335/1702/1113 1334/1701/1112 1327/1694/1120 
f 1282/1649/1119 1339/1706/1113 1338/1705/1112 1283/1650/1120 
f 1284/1651/1121 1343/1710/1105 1342/1709/1104 1281/1648/1118 
s 2
f 1288/1760/1101 1349/1716/1103 1352/1719/1102 1285/1761/1098 
s 4
f 1292/1659/1101 1346/1713/1103 1345/1712/1102 1289/1656/1098 
f 1296/1762/1099 1353/1720/1111 1356/1723/1110 1293/1763/1100 
f 1324/1691/1121 1351/1718/1105 1350/1717/1104 1321/1688/1118 
f 1328/1695/1121 1348/1715/1105 1347/1714/1104 1325/1692/1118 
s 2
f 1332/1699/1119 1355/1722/1113 1354/1721/1112 1329/1696/1120 
s 8
f 1266/1633/1103 1307/1764/1106 1306/1765/1109 1267/1634/1104 
f 1298/1766/1107 1273/1640/1110 1276/1643/1113 1299/1767/1108 
f 1274/1641/1111 1319/1768/1114 1318/1769/1117 1275/1642/1112 
f 1268/1635/1105 1311/1770/1116 1310/1771/1115 1265/1632/1102 
f 1302/1772/1107 1336/1703/1110 1335/1702/1113 1303/1773/1108 
f 1270/1774/1107 1340/1707/1110 1339/1706/1113 1271/1775/1108 
f 1272/1776/1109 1342/1709/1104 1341/1708/1103 1269/1777/1106 
f 1314/1778/1115 1344/1711/1102 1343/1710/1105 1315/1779/1116 
f 1278/1780/1115 1345/1712/1102 1348/1715/1105 1279/1781/1116 
f 1280/1782/1117 1334/1701/1112 1333/1700/1111 1277/1783/1114 
f 1300/1784/1109 1350/1717/1104 1349/1716/1103 1297/1785/1106 
f 1304/1786/1109 1347/1714/1104 1346/1713/1103 1301/1787/1106 
f 1308/1788/1107 1356/1723/1110 1355/1722/1113 1305/1789/1108 
f 1312/1790/1117 1354/1721/1112 1353/1720/1111 1309/1791/1114 
f 1316/1792/1117 1338/1705/1112 1337/1704/1111 1313/1793/1114 
f 1320/1794/1115 1352/1719/1102 1351/1718/1105 1317/1795/1116 
s 2
f 1357/1796/1122 1295/1662/1098 1265/1632/1102 1310/1771/1115 
f 1307/1764/1106 1266/1633/1103 1294/1661/1101 1376/1797/1125 
s 4
f 1319/1768/1114 1274/1641/1111 1286/1653/1099 1370/1798/1123 
f 1359/1799/1124 1287/1654/1100 1273/1640/1110 1298/1766/1107 
f 1382/1749/1127 1331/1698/1118 1267/1634/1104 1306/1765/1109 
f 1330/1697/1121 1363/1730/1128 1311/1770/1116 1268/1635/1105 
s 2
f 1322/1689/1119 1361/1728/1126 1299/1767/1108 1276/1643/1113 
f 1388/1755/1129 1323/1690/1120 1275/1642/1112 1318/1769/1117 
f 1296/1762/1099 1358/1800/1123 1309/1791/1114 1353/1720/1111 
s 4
f 1262/1758/1099 1366/1801/1123 1313/1793/1114 1337/1704/1111 
f 1352/1719/1102 1320/1794/1115 1369/1802/1122 1285/1761/1098 
f 1288/1760/1101 1360/1803/1125 1297/1785/1106 1349/1716/1103 
s 2
f 1292/1659/1101 1372/1804/1125 1301/1787/1106 1346/1713/1103 
f 1356/1723/1110 1308/1788/1107 1375/1805/1124 1293/1763/1100 
f 1350/1717/1104 1300/1784/1109 1362/1729/1127 1321/1688/1118 
f 1378/1745/1127 1325/1692/1118 1347/1714/1104 1304/1786/1109 
s 4
f 1332/1699/1119 1381/1748/1126 1305/1789/1108 1355/1722/1113 
f 1354/1721/1112 1312/1790/1117 1364/1731/1129 1329/1696/1120 
s 2
f 1384/1751/1129 1283/1650/1120 1338/1705/1112 1316/1792/1117 
f 1324/1691/1121 1387/1754/1128 1317/1795/1116 1351/1718/1105 
f 1344/1711/1102 1314/1778/1115 1365/1806/1122 1261/1628/1098 
f 1367/1807/1122 1289/1656/1098 1345/1712/1102 1278/1780/1115 
f 1290/1756/1099 1368/1808/1123 1277/1783/1114 1333/1700/1111 
f 1336/1703/1110 1302/1772/1107 1371/1809/1124 1291/1757/1100 
s 4
f 1373/1810/1124 1263/1759/1100 1340/1707/1110 1270/1774/1107 
s 2
f 1269/1777/1106 1341/1708/1103 1264/1631/1101 1374/1811/1125 
f 1326/1693/1119 1377/1744/1126 1303/1773/1108 1335/1702/1113 
s 16
f 1271/1775/1108 1339/1706/1113 1282/1649/1119 1379/1746/1126 
s 2
f 1380/1747/1127 1281/1648/1118 1342/1709/1104 1272/1776/1109 
f 1284/1651/1121 1383/1750/1128 1315/1779/1116 1343/1710/1105 
s 16
f 1279/1781/1116 1348/1715/1105 1328/1695/1121 1385/1752/1128 
s 2
f 1386/1753/1129 1327/1694/1120 1334/1701/1112 1280/1782/1117 
s 1
f 1263/1630/1100 1373/1812/1124 1374/1811/1125 1264/1631/1101 
f 1281/1648/1118 1380/1747/1127 1379/1746/1126 1282/1649/1119 
f 1287/1654/1100 1359/1799/1124 1360/1813/1125 1288/1655/1101 
f 1291/1658/1100 1371/1814/1124 1372/1804/1125 1292/1659/1101 
f 1293/1660/1100 1375/1815/1124 1376/1797/1125 1294/1661/1101 
f 1321/1688/1118 1362/1729/1127 1361/1728/1126 1322/1689/1119 
f 1325/1692/1118 1378/1745/1127 1377/1744/1126 1326/1693/1119 
f 1331/1698/1118 1382/1749/1127 1381/1748/1126 1332/1699/1119 
f 1261/1628/1098 1365/1806/1122 1366/1816/1123 1262/1629/1099 
f 1283/1650/1120 1384/1751/1129 1383/1750/1128 1284/1651/1121 
f 1285/1652/1098 1369/1817/1122 1370/1798/1123 1286/1653/1099 
f 1289/1656/1098 1367/1807/1122 1368/1818/1123 1290/1657/1099 
f 1295/1662/1098 1357/1796/1122 1358/1819/1123 1296/1663/1099 
f 1323/1690/1120 1388/1755/1129 1387/1754/1128 1324/1691/1121 
f 1327/1694/1120 1386/1753/1129 1385/1752/1128 1328/1695/1121 
f 1329/1696/1120 1364/1731/1129 1363/1730/1128 1330/1697/1121 
f 1389/1820/1130 1390/1821/1131 1391/1822/1132 1392/1823/1133 
f 1393/1824/1134 1394/1825/1135 1395/1826/1136 1396/1827/1137 
f 1397/1828/1138 1398/1829/1139 1399/1830/1140 1400/1831/1141 
f 1401/1832/1142 1402/1833/1143 1403/1834/1144 1404/1835/1145 
f 1405/1836/1146 1406/1837/1147 1407/1838/1148 1408/1839/1149 
s 2
f 1400/1831/1141 1407/1840/1148 1406/1841/1147 1397/1828/1138 
s 1
f 1409/1842/1150 1410/1843/1151 1411/1844/1152 1412/1845/1153 
f 1413/1846/1154 1414/1847/1155 1415/1848/1156 1416/1849/1157 
f 1417/1850/1158 1418/1851/1159 1419/1852/1160 1420/1853/1161 
f 1421/1854/1162 1422/1855/1163 1423/1856/1164 1424/1857/1165 
f 1425/1858/1166 1426/1859/1167 1427/1860/1168 1428/1861/1169 
s 2
f 1418/1851/1159 1417/1850/1158 1428/1862/1169 1427/1863/1168 
s 1
f 1429/1864/1170 1430/1865/1171 1431/1866/1172 1432/1867/1173 
f 1433/1868/1174 1434/1869/1175 1435/1870/1176 1436/1871/1177 
f 1437/1872/1178 1438/1873/1179 1439/1874/1180 1440/1875/1181 
f 1441/1876/1182 1442/1877/1183 1443/1878/1184 1444/1879/1185 
f 1445/1880/1186 1446/1881/1187 1447/1882/1188 1448/1883/1189 
s 2
f 1438/1873/1179 1437/1872/1178 1448/1884/1189 1447/1885/1188 
s 1
f 1449/1886/1190 1450/1887/1191 1451/1888/1192 1452/1889/1193 
f 1453/1890/1194 1454/1891/1195 1455/1892/1196 1456/1893/1197 
f 1457/1894/1198 1458/1895/1199 1459/1896/1200 1460/1897/1201 
f 1461/1898/1202 1462/1899/1203 1463/1900/1204 1464/1901/1205 
f 1465/1902/1206 1466/1903/1207 1467/1904/1208 1468/1905/1209 
s 2
f 1460/1897/1201 1467/1906/1208 1466/1907/1207 1457/1894/1198 
f 1398/1829/1139 1401/1832/1142 1404/1835/1145 1399/1830/1140 
f 1402/1833/1143 1405/1836/1146 1408/1839/1149 1403/1834/1144 
f 1419/1852/1160 1422/1855/1163 1421/1854/1162 1420/1853/1161 
f 1423/1856/1164 1426/1859/1167 1425/1858/1166 1424/1857/1165 
f 1439/1874/1180 1442/1877/1183 1441/1876/1182 1440/1875/1181 
f 1443/1878/1184 1446/1881/1187 1445/1880/1186 1444/1879/1185 
f 1458/1895/1199 1461/1898/1202 1464/1901/1205 1459/1896/1200 
f 1462/1899/1203 1465/1902/1206 1468/1905/1209 1463/1900/1204 
s 1
f 1451/1888/1192 1469/1908/1210 1470/1889/1211 1452/1889/1193 
f 1455/1892/1196 1471/1909/1212 1472/1893/1213 1456/1893/1197 
f 1430/1865/1171 1473/1910/1214 1474/1911/1215 1431/1866/1172 
f 1434/1869/1175 1475/1869/1216 1476/1912/1217 1435/1870/1176 
f 1391/1822/1132 1477/1913/1218 1478/1914/1219 1392/1823/1133 
f 1395/1826/1136 1479/1915/1220 1480/1827/1221 1396/1827/1137 
f 1410/1843/1151 1481/1843/1222 1482/1916/1223 1411/1844/1152 
f 1414/1847/1155 1483/1917/1224 1484/1918/1225 1415/1848/1156 
s 4
f 1390/1821/1131 1406/1837/1147 1405/1836/1146 1391/1822/1132 
f 1477/1919/1218 1402/1833/1143 1401/1832/1142 1478/1920/1219 
f 1392/1921/1133 1398/1829/1139 1397/1828/1138 1389/1922/1130 
f 1394/1923/1135 1400/1831/1141 1399/1830/1140 1395/1924/1136 
f 1479/1925/1220 1404/1835/1145 1403/1834/1144 1480/1926/1221 
f 1396/1827/1137 1408/1839/1149 1407/1838/1148 1393/1824/1134 
s 8
f 1406/1841/1147 1390/1927/1131 1389/1922/1130 1397/1828/1138 
f 1400/1831/1141 1394/1923/1135 1393/1928/1134 1407/1840/1148 
s 4
f 1417/1850/1158 1409/1929/1150 1412/1930/1153 1428/1862/1169 
s 8
f 1411/1844/1152 1425/1858/1166 1428/1861/1169 1412/1845/1153 
s 4
f 1481/1931/1222 1421/1854/1162 1424/1857/1165 1482/1932/1223 
s 8
f 1409/1929/1150 1417/1850/1158 1420/1853/1161 1410/1933/1151 
s 4
f 1427/1863/1168 1413/1934/1154 1416/1935/1157 1418/1851/1159 
s 8
f 1415/1936/1156 1419/1852/1160 1418/1851/1159 1416/1935/1157 
s 4
f 1483/1937/1224 1423/1856/1164 1422/1855/1163 1484/1938/1225 
s 8
f 1413/1846/1154 1427/1860/1168 1426/1859/1167 1414/1847/1155 
s 4
f 1437/1872/1178 1429/1939/1170 1432/1940/1173 1448/1884/1189 
s 8
f 1431/1866/1172 1445/1880/1186 1448/1883/1189 1432/1867/1173 
s 4
f 1473/1941/1214 1441/1876/1182 1444/1879/1185 1474/1942/1215 
s 8
f 1429/1939/1170 1437/1872/1178 1440/1875/1181 1430/1943/1171 
s 4
f 1447/1885/1188 1433/1944/1174 1436/1945/1177 1438/1873/1179 
s 8
f 1435/1946/1176 1439/1874/1180 1438/1873/1179 1436/1945/1177 
s 4
f 1475/1947/1216 1443/1878/1184 1442/1877/1183 1476/1948/1217 
s 8
f 1433/1868/1174 1447/1882/1188 1446/1881/1187 1434/1869/1175 
s 4
f 1452/1949/1193 1458/1895/1199 1457/1894/1198 1449/1950/1190 
f 1469/1951/1210 1462/1899/1203 1461/1898/1202 1470/1952/1211 
f 1450/1887/1191 1466/1903/1207 1465/1902/1206 1451/1888/1192 
s 8
f 1466/1907/1207 1450/1953/1191 1449/1950/1190 1457/1894/1198 
s 4
f 1456/1893/1197 1468/1905/1209 1467/1904/1208 1453/1890/1194 
f 1471/1954/1212 1464/1901/1205 1463/1900/1204 1472/1955/1213 
f 1454/1956/1195 1460/1897/1201 1459/1896/1200 1455/1957/1196 
s 8
f 1460/1897/1201 1454/1956/1195 1453/1958/1194 1467/1906/1208 
f 1398/1829/1139 1392/1921/1133 1478/1920/1219 1401/1832/1142 
f 1402/1833/1143 1477/1919/1218 1391/1822/1132 1405/1836/1146 
f 1404/1835/1145 1479/1925/1220 1395/1924/1136 1399/1830/1140 
f 1408/1839/1149 1396/1827/1137 1480/1926/1221 1403/1834/1144 
s 16
f 1425/1858/1166 1411/1844/1152 1482/1932/1223 1424/1857/1165 
f 1421/1854/1162 1481/1931/1222 1410/1933/1151 1420/1853/1161 
f 1419/1852/1160 1415/1959/1156 1484/1938/1225 1422/1855/1163 
f 1423/1856/1164 1483/1937/1224 1414/1847/1155 1426/1859/1167 
f 1445/1880/1186 1431/1866/1172 1474/1942/1215 1444/1879/1185 
f 1441/1876/1182 1473/1941/1214 1430/1943/1171 1440/1875/1181 
f 1439/1874/1180 1435/1946/1176 1476/1948/1217 1442/1877/1183 
f 1443/1878/1184 1475/1947/1216 1434/1869/1175 1446/1881/1187 
s 8
f 1458/1895/1199 1452/1949/1193 1470/1952/1211 1461/1898/1202 
f 1462/1899/1203 1469/1951/1210 1451/1888/1192 1465/1902/1206 
f 1468/1905/1209 1456/1893/1197 1472/1955/1213 1463/1900/1204 
f 1464/1901/1205 1471/1954/1212 1455/1957/1196 1459/1896/1200 
s 1
f 1485/1960/1226 1486/1961/1227 1487/1962/1228 1488/1963/1229 
f 1489/1964/1230 1490/1965/1231 1491/1966/1232 1492/1967/1233 
f 1493/1968/1234 1494/1969/1235 1495/1970/1236 1496/1971/1237 
f 1497/1972/1238 1498/1973/1239 1499/1974/1240 1500/1975/1241 
f 1501/1976/1242 1502/1977/1243 1503/1978/1244 1504/1979/1245 
f 1505/1980/1246 1506/1981/1247 1507/1982/1248 1508/1983/1249 
f 1509/1984/1250 1510/1985/1251 1511/1986/1252 1512/1987/1253 
f 1513/1988/1254 1514/1989/1255 1515/1990/1256 1516/1991/1257 
f 1517/1992/1258 1518/1993/1259 1519/1994/1260 1520/1995/1261 
f 1521/1996/1262 1522/1997/1263 1523/1998/1264 1524/1999/1265 
f 1525/2000/1266 1526/2001/1267 1527/2002/1268 1528/2003/1269 
f 1529/2004/1270 1530/2005/1271 1531/2006/1272 1532/2007/1273 
f 1533/2008/1274 1534/2009/1275 1535/2010/1276 1536/2011/1277 
f 1537/2012/1278 1538/2013/1279 1539/2014/1280 1540/2015/1281 
f 1541/2016/1282 1542/2017/1283 1543/2018/1284 1544/2019/1285 
f 1545/2020/1286 1546/2021/1287 1547/2022/1288 1548/2023/1289 
s 2
f 1501/1976/1242 1498/1973/1239 1497/1972/1238 1502/1977/1243 
f 1505/1980/1246 1494/1969/1235 1493/1968/1234 1506/1981/1247 
f 1509/1984/1250 1490/1965/1231 1489/1964/1230 1510/1985/1251 
f 1513/1988/1254 1486/1961/1227 1485/1960/1226 1514/1989/1255 
f 1517/1992/1258 1488/1963/1229 1487/1962/1228 1518/1993/1259 
f 1521/1996/1262 1492/1967/1233 1491/1966/1232 1522/1997/1263 
f 1525/2000/1266 1496/1971/1237 1495/1970/1236 1526/2001/1267 
f 1529/2004/1270 1500/1975/1241 1499/1974/1240 1530/2005/1271 
f 1503/2024/1244 1534/2009/1275 1533/2008/1274 1504/2025/1245 
f 1507/2026/1248 1538/2013/1279 1537/2012/1278 1508/2027/1249 
f 1511/2028/1252 1542/2017/1283 1541/2016/1282 1512/2029/1253 
f 1515/2030/1256 1546/2021/1287 1545/2020/1286 1516/2031/1257 
f 1519/1994/1260 1548/2023/1289 1547/2022/1288 1520/1995/1261 
f 1523/1998/1264 1544/2019/1285 1543/2018/1284 1524/1999/1265 
f 1527/2002/1268 1540/2015/1281 1539/2014/1280 1528/2003/1269 
f 1531/2006/1272 1536/2011/1277 1535/2010/1276 1532/2007/1273 
s 4
f 1486/1961/1227 1489/2032/1230 1492/2033/1233 1487/1962/1228 
f 1488/1963/1229 1499/2034/1240 1498/2035/1239 1485/1960/1226 
f 1490/2036/1231 1493/1968/1234 1496/1971/1237 1491/2037/1232 
f 1494/1969/1235 1497/2038/1238 1500/2039/1241 1495/1970/1236 
s 1
f 1514/1989/1255 1501/2040/1242 1504/2041/1245 1515/1990/1256 
f 1502/2042/1243 1505/1980/1246 1508/1983/1249 1503/2043/1244 
f 1506/1981/1247 1509/2044/1250 1512/2045/1253 1507/1982/1248 
f 1510/2046/1251 1513/1988/1254 1516/1991/1257 1511/2047/1252 
f 1530/2048/1271 1517/1992/1258 1520/1995/1261 1531/2049/1272 
f 1518/1993/1259 1521/2050/1262 1524/2051/1265 1519/1994/1260 
f 1522/2052/1263 1525/2000/1266 1528/2003/1269 1523/2053/1264 
f 1526/2001/1267 1529/2054/1270 1532/2055/1273 1527/2002/1268 
s 4
f 1546/2021/1287 1533/2056/1274 1536/2057/1277 1547/2022/1288 
f 1534/2058/1275 1537/2012/1278 1540/2015/1281 1535/2059/1276 
f 1538/2013/1279 1541/2060/1282 1544/2061/1285 1539/2014/1280 
f 1542/2062/1283 1545/2020/1286 1548/2023/1289 1543/2063/1284 
s 8
f 1501/2040/1242 1514/1989/1255 1485/1960/1226 1498/2035/1239 
f 1489/2032/1230 1486/1961/1227 1513/1988/1254 1510/2046/1251 
f 1505/1980/1246 1502/2042/1243 1497/2038/1238 1494/1969/1235 
f 1493/1968/1234 1490/2036/1231 1509/2044/1250 1506/1981/1247 
f 1517/1992/1258 1530/2048/1271 1499/2034/1240 1488/1963/1229 
f 1521/2050/1262 1518/1993/1259 1487/1962/1228 1492/2033/1233 
f 1529/2054/1270 1526/2001/1267 1495/1970/1236 1500/2039/1241 
f 1525/2000/1266 1522/2052/1263 1491/2037/1232 1496/1971/1237 
f 1533/2056/1274 1546/2021/1287 1515/2030/1256 1504/2064/1245 
f 1537/2012/1278 1534/2058/1275 1503/2065/1244 1508/2027/1249 
f 1541/2060/1282 1538/2013/1279 1507/2026/1248 1512/2066/1253 
f 1545/2020/1286 1542/2062/1283 1511/2067/1252 1516/2031/1257 
f 1547/2022/1288 1536/2057/1277 1531/2049/1272 1520/1995/1261 
f 1543/2063/1284 1548/2023/1289 1519/1994/1260 1524/2051/1265 
f 1539/2014/1280 1544/2061/1285 1523/2053/1264 1528/2003/1269 
f 1535/2059/1276 1540/2015/1281 1527/2002/1268 1532/2055/1273 
s 1
f 1549/2068/1226 1550/2069/1227 1551/2070/1228 1552/2071/1229 
f 1553/2072/1230 1554/2073/1231 1555/2074/1232 1556/2075/1233 
f 1557/2076/1234 1558/2077/1235 1559/2078/1236 1560/2079/1237 
f 1561/2080/1238 1562/2081/1239 1563/2082/1240 1564/2083/1241 
f 1565/2084/1242 1566/2085/1243 1567/2086/1244 1568/2087/1245 
f 1569/2088/1290 1570/2089/1291 1571/2090/1248 1572/2091/1249 
f 1573/2092/1250 1574/2093/1251 1575/2094/1252 1576/2095/1253 
f 1577/2096/1254 1578/2097/1255 1579/2098/1256 1580/2099/1257 
f 1581/2100/1258 1582/2101/1259 1583/2102/1260 1584/2103/1261 
f 1585/2104/1262 1586/2105/1263 1587/2106/1264 1588/2107/1265 
f 1589/2108/1266 1590/2109/1267 1591/2110/1268 1592/2111/1269 
f 1593/2112/1270 1594/2113/1271 1595/2114/1272 1596/2115/1273 
f 1597/2116/1274 1598/2117/1275 1599/2118/1276 1600/2119/1277 
f 1601/2120/1278 1602/2121/1279 1603/2122/1280 1604/2123/1281 
f 1605/2124/1282 1606/2125/1283 1607/2126/1284 1608/2127/1285 
f 1609/2128/1286 1610/2129/1287 1611/2130/1288 1612/2131/1289 
s 2
f 1565/2084/1242 1562/2081/1239 1561/2080/1238 1566/2085/1243 
f 1569/2088/1290 1558/2077/1235 1557/2076/1234 1570/2089/1291 
f 1573/2092/1250 1554/2073/1231 1553/2072/1230 1574/2093/1251 
f 1577/2096/1254 1550/2069/1227 1549/2068/1226 1578/2097/1255 
f 1581/2100/1258 1552/2071/1229 1551/2070/1228 1582/2101/1259 
f 1585/2104/1262 1556/2075/1233 1555/2074/1232 1586/2105/1263 
f 1589/2108/1266 1560/2079/1237 1559/2078/1236 1590/2109/1267 
f 1593/2112/1270 1564/2083/1241 1563/2082/1240 1594/2113/1271 
f 1567/2132/1244 1598/2117/1275 1597/2116/1274 1568/2133/1245 
f 1571/2134/1248 1602/2121/1279 1601/2120/1278 1572/2135/1249 
f 1575/2136/1252 1606/2125/1283 1605/2124/1282 1576/2137/1253 
f 1579/2138/1256 1610/2129/1287 1609/2128/1286 1580/2139/1257 
f 1583/2102/1260 1612/2131/1289 1611/2130/1288 1584/2103/1261 
f 1587/2106/1264 1608/2127/1285 1607/2126/1284 1588/2107/1265 
f 1591/2110/1268 1604/2123/1281 1603/2122/1280 1592/2111/1269 
f 1595/2114/1272 1600/2119/1277 1599/2118/1276 1596/2115/1273 
s 4
f 1550/2069/1227 1553/2140/1230 1556/2141/1233 1551/2070/1228 
f 1552/2071/1229 1563/2142/1240 1562/2143/1239 1549/2068/1226 
f 1554/2144/1231 1557/2076/1234 1560/2079/1237 1555/2145/1232 
f 1558/2077/1235 1561/2146/1238 1564/2147/1241 1559/2078/1236 
s 1
f 1578/2097/1255 1565/2148/1242 1568/2149/1245 1579/2098/1256 
f 1566/2150/1243 1569/2088/1290 1572/2091/1249 1567/2151/1244 
f 1570/2089/1291 1573/2152/1250 1576/2153/1253 1571/2090/1248 
f 1574/2154/1251 1577/2096/1254 1580/2099/1257 1575/2155/1252 
f 1594/2156/1271 1581/2100/1258 1584/2103/1261 1595/2157/1272 
f 1582/2101/1259 1585/2158/1262 1588/2159/1265 1583/2102/1260 
f 1586/2160/1263 1589/2108/1266 1592/2111/1269 1587/2161/1264 
f 1590/2109/1267 1593/2162/1270 1596/2163/1273 1591/2110/1268 
s 4
f 1610/2129/1287 1597/2164/1274 1600/2165/1277 1611/2130/1288 
f 1598/2166/1275 1601/2120/1278 1604/2123/1281 1599/2167/1276 
f 1602/2121/1279 1605/2168/1282 1608/2169/1285 1603/2122/1280 
f 1606/2170/1283 1609/2128/1286 1612/2131/1289 1607/2171/1284 
s 8
f 1565/2148/1242 1578/2097/1255 1549/2068/1226 1562/2143/1239 
f 1553/2140/1230 1550/2069/1227 1577/2096/1254 1574/2154/1251 
f 1569/2088/1290 1566/2150/1243 1561/2146/1238 1558/2077/1235 
f 1557/2076/1234 1554/2144/1231 1573/2152/1250 1570/2089/1291 
f 1581/2100/1258 1594/2156/1271 1563/2142/1240 1552/2071/1229 
f 1585/2158/1262 1582/2101/1259 1551/2070/1228 1556/2141/1233 
f 1593/2162/1270 1590/2109/1267 1559/2078/1236 1564/2147/1241 
f 1589/2108/1266 1586/2160/1263 1555/2145/1232 1560/2079/1237 
f 1597/2164/1274 1610/2129/1287 1579/2138/1256 1568/2172/1245 
f 1601/2120/1278 1598/2166/1275 1567/2173/1244 1572/2135/1249 
f 1605/2168/1282 1602/2121/1279 1571/2134/1248 1576/2174/1253 
f 1609/2128/1286 1606/2170/1283 1575/2175/1252 1580/2139/1257 
f 1611/2130/1288 1600/2165/1277 1595/2157/1272 1584/2103/1261 
f 1607/2171/1284 1612/2131/1289 1583/2102/1260 1588/2159/1265 
f 1603/2122/1280 1608/2169/1285 1587/2161/1264 1592/2111/1269 
f 1599/2167/1276 1604/2123/1281 1591/2110/1268 1596/2163/1273 
s 1
f 1613/2176/1226 1614/2177/1227 1615/2178/1228 1616/2179/1229 
f 1617/2180/1230 1618/2181/1231 1619/2182/1232 1620/2183/1233 
f 1621/2184/1234 1622/2185/1235 1623/2186/1236 1624/2187/1237 
f 1625/2188/1238 1626/2189/1239 1627/2190/1240 1628/2191/1241 
f 1629/2192/1242 1630/2193/1243 1631/2194/1244 1632/2195/1245 
f 1633/2196/1290 1634/2197/1291 1635/2198/1248 1636/2199/1249 
f 1637/2200/1250 1638/2201/1251 1639/2202/1252 1640/2203/1253 
f 1641/2204/1254 1642/2205/1255 1643/2206/1256 1644/2207/1257 
f 1645/2208/1258 1646/2209/1259 1647/2210/1260 1648/2211/1261 
f 1649/2212/1262 1650/2213/1263 1651/2214/1264 1652/2215/1265 
f 1653/2216/1266 1654/2217/1267 1655/2218/1268 1656/2219/1269 
f 1657/2220/1270 1658/2221/1271 1659/2222/1272 1660/2223/1273 
f 1661/2224/1274 1662/2225/1275 1663/2226/1276 1664/2227/1277 
f 1665/2228/1278 1666/2229/1279 1667/2230/1280 1668/2231/1281 
f 1669/2232/1282 1670/2233/1283 1671/2234/1284 1672/2235/1285 
f 1673/2236/1286 1674/2237/1287 1675/2238/1288 1676/2239/1289 
s 2
f 1629/2192/1242 1626/2189/1239 1625/2188/1238 1630/2193/1243 
f 1633/2196/1290 1622/2185/1235 1621/2184/1234 1634/2197/1291 
f 1637/2200/1250 1618/2181/1231 1617/2180/1230 1638/2201/1251 
f 1641/2204/1254 1614/2177/1227 1613/2176/1226 1642/2205/1255 
f 1645/2208/1258 1616/2179/1229 1615/2178/1228 1646/2209/1259 
f 1649/2212/1262 1620/2183/1233 1619/2182/1232 1650/2213/1263 
f 1653/2216/1266 1624/2187/1237 1623/2186/1236 1654/2217/1267 
f 1657/2220/1270 1628/2191/1241 1627/2190/1240 1658/2221/1271 
f 1631/2240/1244 1662/2225/1275 1661/2224/1274 1632/2241/1245 
f 1635/2242/1248 1666/2229/1279 1665/2228/1278 1636/2243/1249 
f 1639/2244/1252 1670/2233/1283 1669/2232/1282 1640/2245/1253 
f 1643/2246/1256 1674/2237/1287 1673/2236/1286 1644/2247/1257 
f 1647/2210/1260 1676/2239/1289 1675/2238/1288 1648/2211/1261 
f 1651/2214/1264 1672/2235/1285 1671/2234/1284 1652/2215/1265 
f 1655/2218/1268 1668/2231/1281 1667/2230/1280 1656/2219/1269 
f 1659/2222/1272 1664/2227/1277 1663/2226/1276 1660/2223/1273 
s 4
f 1614/2177/1227 1617/2248/1230 1620/2249/1233 1615/2178/1228 
f 1616/2179/1229 1627/2250/1240 1626/2251/1239 1613/2176/1226 
f 1618/2252/1231 1621/2184/1234 1624/2187/1237 1619/2253/1232 
f 1622/2185/1235 1625/2254/1238 1628/2255/1241 1623/2186/1236 
s 1
f 1642/2205/1255 1629/2256/1242 1632/2257/1245 1643/2206/1256 
f 1630/2258/1243 1633/2196/1290 1636/2199/1249 1631/2259/1244 
f 1634/2197/1291 1637/2260/1250 1640/2261/1253 1635/2198/1248 
f 1638/2262/1251 1641/2204/1254 1644/2207/1257 1639/2263/1252 
f 1658/2264/1271 1645/2208/1258 1648/2211/1261 1659/2265/1272 
f 1646/2209/1259 1649/2266/1262 1652/2267/1265 1647/2210/1260 
f 1650/2268/1263 1653/2216/1266 1656/2219/1269 1651/2269/1264 
f 1654/2217/1267 1657/2270/1270 1660/2271/1273 1655/2218/1268 
s 4
f 1674/2237/1287 1661/2272/1274 1664/2273/1277 1675/2238/1288 
f 1662/2274/1275 1665/2228/1278 1668/2231/1281 1663/2275/1276 
f 1666/2229/1279 1669/2276/1282 1672/2277/1285 1667/2230/1280 
f 1670/2278/1283 1673/2236/1286 1676/2239/1289 1671/2279/1284 
s 8
f 1629/2256/1242 1642/2205/1255 1613/2176/1226 1626/2251/1239 
f 1617/2248/1230 1614/2177/1227 1641/2204/1254 1638/2262/1251 
f 1633/2196/1290 1630/2258/1243 1625/2254/1238 1622/2185/1235 
f 1621/2184/1234 1618/2252/1231 1637/2260/1250 1634/2197/1291 
f 1645/2208/1258 1658/2264/1271 1627/2250/1240 1616/2179/1229 
f 1649/2266/1262 1646/2209/1259 1615/2178/1228 1620/2249/1233 
f 1657/2270/1270 1654/2217/1267 1623/2186/1236 1628/2255/1241 
f 1653/2216/1266 1650/2268/1263 1619/2253/1232 1624/2187/1237 
f 1661/2272/1274 1674/2237/1287 1643/2246/1256 1632/2280/1245 
f 1665/2228/1278 1662/2274/1275 1631/2281/1244 1636/2243/1249 
f 1669/2276/1282 1666/2229/1279 1635/2242/1248 1640/2282/1253 
f 1673/2236/1286 1670/2278/1283 1639/2283/1252 1644/2247/1257 
f 1675/2238/1288 1664/2273/1277 1659/2265/1272 1648/2211/1261 
f 1671/2279/1284 1676/2239/1289 1647/2210/1260 1652/2267/1265 
f 1667/2230/1280 1672/2277/1285 1651/2269/1264 1656/2219/1269 
f 1663/2275/1276 1668/2231/1281 1655/2218/1268 1660/2271/1273 
# 400 polygons

#
# object wooden_box_big001
#

v  100.1030 0.0000 -163.2227
v  100.1030 0.0000 -168.6059
v  159.7063 0.0000 -168.6059
v  159.7063 0.0000 -163.2227
v  100.0980 0.1000 -156.2891
v  160.0295 0.1000 -156.2891
v  160.0295 1.9000 -156.2891
v  100.0980 1.9000 -156.2891
v  159.9063 0.1000 -163.2227
v  159.9063 0.1000 -168.6059
v  159.9063 1.9000 -168.6059
v  159.9063 1.9000 -163.2227
v  100.0824 0.1000 -176.3166
v  100.0824 0.1000 -169.3706
v  100.0824 1.9000 -169.3706
v  100.0824 1.9000 -176.3166
v  159.7063 2.0000 -163.2227
v  159.7063 2.0000 -168.6059
v  100.1030 2.0000 -168.6059
v  100.1030 2.0000 -163.2227
v  100.2824 0.0000 -169.3706
v  100.2824 0.0000 -176.3166
v  159.8721 0.0000 -176.3166
v  159.8721 0.0000 -169.3706
v  159.9295 0.0000 -162.3546
v  159.9295 0.0000 -156.3891
v  100.1980 0.0000 -156.3891
v  100.1980 0.0000 -162.3546
v  160.0721 0.1000 -169.3706
v  160.0721 0.1000 -176.3166
v  160.0721 1.9000 -176.3166
v  160.0721 1.9000 -169.3706
v  160.1295 1.9000 -162.3546
v  160.1295 1.9000 -156.3891
v  160.1295 0.1000 -156.3891
v  160.1295 0.1000 -162.3546
v  99.9980 0.1000 -162.3546
v  99.9980 0.1000 -156.3891
v  99.9980 1.9000 -156.3891
v  99.9980 1.9000 -162.3546
v  99.9030 0.1000 -168.6059
v  99.9030 0.1000 -163.2227
v  99.9030 1.9000 -163.2227
v  99.9030 1.9000 -168.6059
v  159.8721 2.0000 -169.3706
v  159.8721 2.0000 -176.3166
v  100.2824 2.0000 -176.3166
v  100.2824 2.0000 -169.3706
v  100.1980 2.0000 -162.3546
v  100.1980 2.0000 -156.3891
v  159.9295 2.0000 -156.3891
v  159.9295 2.0000 -162.3546
v  100.1824 0.1000 -176.4166
v  100.1824 1.9000 -176.4166
v  159.9721 1.9000 -176.4166
v  159.9721 0.1000 -176.4166
v  100.0030 0.1000 -168.7059
v  100.0030 1.9000 -168.7059
v  159.8063 1.9000 -168.7059
v  159.8063 0.1000 -168.7059
v  159.8063 0.1000 -163.1227
v  159.8063 1.9000 -163.1227
v  100.0030 1.9000 -163.1227
v  100.0030 0.1000 -163.1227
v  100.1824 0.1000 -169.2706
v  159.9721 0.1000 -169.2706
v  159.9721 1.9000 -169.2706
v  100.1824 1.9000 -169.2706
v  100.0980 0.1000 -162.4546
v  100.0980 1.9000 -162.4546
v  160.0295 1.9000 -162.4546
v  160.0295 0.1000 -162.4546
v  100.0980 0.0000 -156.4891
v  100.0980 0.0000 -162.2546
v  100.0980 2.0000 -156.4891
v  100.0980 2.0000 -162.2546
v  100.0030 0.0000 -163.3227
v  100.0030 0.0000 -168.5059
v  100.1824 0.0000 -169.4706
v  100.1824 0.0000 -176.2166
v  159.9721 0.0000 -176.2166
v  159.9721 0.0000 -169.4706
v  159.8063 0.0000 -168.5059
v  159.8063 0.0000 -163.3227
v  160.0295 0.0000 -162.2546
v  160.0295 0.0000 -156.4891
v  159.9721 2.0000 -176.2166
v  159.9721 2.0000 -169.4706
v  159.8063 2.0000 -168.5059
v  159.8063 2.0000 -163.3227
v  160.0295 2.0000 -162.2546
v  160.0295 2.0000 -156.4891
v  100.0030 2.0000 -163.3227
v  100.0030 2.0000 -168.5059
v  100.1824 2.0000 -169.4706
v  100.1824 2.0000 -176.2166
v  100.0668 0.1000 -148.6898
v  159.9372 0.1000 -148.6898
v  159.9372 1.9000 -148.6898
v  100.0668 1.9000 -148.6898
v  159.8372 0.0000 -155.7546
v  159.8372 0.0000 -148.7898
v  100.1668 0.0000 -148.7898
v  100.1668 0.0000 -155.7546
v  160.0372 1.9000 -155.7546
v  160.0372 1.9000 -148.7898
v  160.0372 0.1000 -148.7898
v  160.0372 0.1000 -155.7546
v  99.9668 0.1000 -155.7546
v  99.9668 0.1000 -148.7898
v  99.9668 1.9000 -148.7898
v  99.9668 1.9000 -155.7546
v  100.1668 2.0000 -155.7546
v  100.1668 2.0000 -148.7898
v  159.8372 2.0000 -148.7898
v  159.8372 2.0000 -155.7546
v  100.0668 0.1000 -155.8546
v  100.0668 1.9000 -155.8546
v  159.9372 1.9000 -155.8546
v  159.9372 0.1000 -155.8546
v  100.0668 0.0000 -148.8898
v  100.0668 0.0000 -155.6546
v  100.0668 2.0000 -148.8898
v  100.0668 2.0000 -155.6546
v  159.9372 0.0000 -155.6546
v  159.9372 0.0000 -148.8898
v  159.9372 2.0000 -155.6546
v  159.9372 2.0000 -148.8898
v  158.6878 16.2430 -159.0019
v  156.9146 16.2430 -159.0019
v  156.9146 15.8161 -154.9311
v  158.6878 15.8161 -154.9311
v  158.6878 2.2000 -150.0645
v  158.6878 14.5839 -150.0645
v  156.9146 14.5839 -150.0645
v  156.9146 2.2000 -150.0645
v  158.7878 14.7302 -150.3630
v  158.7878 13.4666 -152.3592
v  158.7878 14.0877 -155.4552
v  158.7878 15.7215 -154.9561
v  156.9146 4.2800 -152.2600
v  156.9146 13.1704 -152.2600
v  158.6878 13.1704 -152.2600
v  158.6878 4.2800 -152.2600
v  158.7878 2.3000 -150.1645
v  158.7878 4.1800 -152.1600
v  158.7878 13.2487 -152.1600
v  158.7878 14.5057 -150.1645
v  156.9146 4.0800 -152.4600
v  158.6878 4.0800 -152.4600
v  158.6878 4.0800 -172.6303
v  156.9146 4.0800 -172.6303
v  158.6878 13.3880 -152.4592
v  156.9146 13.3880 -152.4592
v  156.9146 13.9931 -155.4802
v  158.6878 13.9931 -155.4802
v  101.3122 14.8086 -150.2630
v  103.0854 14.8086 -150.2630
v  103.0854 15.8161 -154.9311
v  101.3122 15.8161 -154.9311
v  101.3122 2.2000 -150.0645
v  103.0854 2.2000 -150.0645
v  103.0854 14.5839 -150.0645
v  101.3122 14.5839 -150.0645
v  103.1853 2.3000 -150.1645
v  103.1853 4.1800 -152.1600
v  103.1853 13.2487 -152.1600
v  103.1853 14.5057 -150.1645
v  103.0854 4.2800 -152.2600
v  101.3122 4.2800 -152.2600
v  101.3122 13.1704 -152.2600
v  103.0854 13.1704 -152.2600
v  101.2122 14.5057 -150.1645
v  101.2122 13.2487 -152.1600
v  101.2122 4.1800 -152.1600
v  101.2122 2.3000 -150.1645
v  103.0854 4.0800 -152.4600
v  103.0854 4.0800 -172.6303
v  101.3122 4.0800 -172.6303
v  101.3122 4.0800 -152.4600
v  101.3122 13.3880 -152.4592
v  101.3122 13.9931 -155.4802
v  103.0854 13.9931 -155.4802
v  103.0854 13.3880 -152.4592
v  158.7878 16.1433 -159.0019
v  156.8146 16.1433 -159.0019
v  156.8146 15.7215 -154.9561
v  156.9146 2.0000 -150.2645
v  156.8146 2.1000 -150.3645
v  156.8146 2.1000 -174.7257
v  156.9146 2.0000 -174.8257
v  158.7878 2.1000 -150.3645
v  158.6878 2.0000 -150.2645
v  158.6878 2.0000 -174.8257
v  158.7878 2.1000 -174.7257
v  156.8146 14.5057 -150.1645
v  156.8146 2.3000 -150.1645
v  103.1853 14.7302 -150.3630
v  103.1853 15.7215 -154.9561
v  101.2122 14.7302 -150.3630
v  101.2122 15.7215 -154.9561
v  101.3122 16.3446 -162.5451
v  101.2122 16.2446 -162.5451
v  101.2122 16.1433 -159.0019
v  101.3122 16.2430 -159.0019
v  103.1853 16.2446 -162.5451
v  103.0854 16.3446 -162.5451
v  103.0854 16.2430 -159.0019
v  103.1853 16.1433 -159.0019
v  156.8146 4.1800 -152.1600
v  156.8146 13.2487 -152.1600
v  158.6878 14.3193 -159.3098
v  158.7878 14.4191 -159.3098
v  156.8146 14.0877 -155.4552
v  156.8146 14.4191 -159.3098
v  156.9146 14.3193 -159.3098
v  158.7878 14.4875 -162.5451
v  158.6878 14.3875 -162.5451
v  156.9146 14.3875 -162.5451
v  156.8146 14.4875 -162.5451
v  101.2122 13.4666 -152.3592
v  101.2122 14.0877 -155.4552
v  103.1853 14.0877 -155.4552
v  103.1853 13.4666 -152.3592
v  156.8146 14.7302 -150.3630
v  156.8146 13.4666 -152.3592
v  156.9146 14.8086 -150.2630
v  158.6878 14.8086 -150.2630
v  103.0854 2.0000 -150.2645
v  101.3122 2.0000 -150.2645
v  103.1853 2.1000 -150.3645
v  101.2122 2.1000 -150.3645
v  156.8146 3.9800 -152.3600
v  158.7878 3.9800 -152.3600
v  101.2122 3.9800 -152.3600
v  103.1853 3.9800 -152.3600
v  101.2122 2.1000 -174.7257
v  101.3122 2.0000 -174.8257
v  156.8146 3.9800 -172.7303
v  158.7878 3.9800 -172.7303
v  158.6878 15.8161 -170.1591
v  156.9146 15.8161 -170.1591
v  156.9146 16.2430 -166.0884
v  158.6878 16.2430 -166.0884
v  158.6878 2.2000 -175.0257
v  156.9146 2.2000 -175.0257
v  156.9146 14.5839 -175.0257
v  158.6878 14.5839 -175.0257
v  158.7878 14.7302 -174.7272
v  158.7878 15.7215 -170.1341
v  158.7878 14.0877 -169.6351
v  158.7878 13.4666 -172.7311
v  156.9146 4.2800 -172.8303
v  158.6878 4.2800 -172.8303
v  158.6878 13.1704 -172.8303
v  156.9146 13.1704 -172.8303
v  158.7878 2.3000 -174.9257
v  158.7878 14.5057 -174.9257
v  158.7878 13.2487 -172.9303
v  158.7878 4.1800 -172.9303
v  158.6878 13.3880 -172.6310
v  158.6878 13.9931 -169.6101
v  156.9146 13.9931 -169.6101
v  156.9146 13.3880 -172.6310
v  101.3122 14.8086 -174.8273
v  101.3122 15.8161 -170.1591
v  103.0854 15.8161 -170.1591
v  103.0854 14.8086 -174.8273
v  101.3122 2.2000 -175.0257
v  101.3122 14.5839 -175.0257
v  103.0854 14.5839 -175.0257
v  103.0854 2.2000 -175.0257
v  103.1853 2.3000 -174.9257
v  103.1853 14.5057 -174.9258
v  103.1853 13.2487 -172.9303
v  103.1853 4.1800 -172.9303
v  103.0854 4.2800 -172.8303
v  103.0854 13.1704 -172.8303
v  101.3122 13.1704 -172.8303
v  101.3122 4.2800 -172.8303
v  101.2122 14.5057 -174.9257
v  101.2122 2.3000 -174.9257
v  101.2122 4.1800 -172.9303
v  101.2122 13.2487 -172.9303
v  101.3122 13.3880 -172.6310
v  103.0854 13.3880 -172.6310
v  103.0854 13.9931 -169.6101
v  101.3122 13.9931 -169.6101
v  158.7878 16.1433 -166.0884
v  156.8146 15.7215 -170.1341
v  156.8146 16.1433 -166.0884
v  156.8146 2.3000 -174.9257
v  156.8146 14.5057 -174.9257
v  103.1853 15.7215 -170.1341
v  103.1853 14.7302 -174.7272
v  101.2122 14.7302 -174.7272
v  101.2122 15.7215 -170.1341
v  101.3122 16.2430 -166.0884
v  101.2122 16.1433 -166.0884
v  103.1853 16.1433 -166.0884
v  103.0854 16.2430 -166.0884
v  156.8146 4.1800 -172.9303
v  156.8146 13.2487 -172.9303
v  158.7878 14.4191 -165.7804
v  158.6878 14.3193 -165.7804
v  156.9146 14.3193 -165.7804
v  156.8146 14.4191 -165.7804
v  156.8146 14.0877 -169.6351
v  103.1853 3.9800 -172.7303
v  101.2122 3.9800 -172.7303
v  101.2122 13.4666 -172.7311
v  101.2122 14.0877 -169.6351
v  103.1853 13.4666 -172.7311
v  103.1853 14.0877 -169.6351
v  156.8146 14.7302 -174.7272
v  156.8146 13.4666 -172.7311
v  156.9146 14.8086 -174.8273
v  158.6878 14.8086 -174.8273
v  103.0854 2.0000 -174.8257
v  103.1853 2.1000 -174.7257
v  158.7878 16.2446 -162.5451
v  156.8146 16.2446 -162.5451
v  158.6878 16.3446 -162.5451
v  156.9146 16.3446 -162.5451
v  101.2122 14.4875 -162.5451
v  101.2122 14.4191 -159.3098
v  101.3122 14.3193 -159.3098
v  101.3122 14.3875 -162.5451
v  103.0854 14.3875 -162.5451
v  103.0854 14.3193 -159.3098
v  103.1853 14.4191 -159.3098
v  103.1853 14.4875 -162.5451
v  101.2122 14.4191 -165.7804
v  103.0854 14.3193 -165.7804
v  101.3122 14.3193 -165.7804
v  103.1853 14.4191 -165.7804
v  100.1857 2.2000 -148.7503
v  159.8143 2.2000 -148.7503
v  159.8143 12.2958 -148.7503
v  100.1857 12.2958 -148.7503
v  159.9142 2.2000 -148.8503
v  159.9142 2.2000 -176.2265
v  159.9142 12.2958 -176.2265
v  159.9142 12.2958 -148.8503
v  159.8143 2.2000 -176.3265
v  100.1857 2.2000 -176.3265
v  100.1857 12.2958 -176.3265
v  159.8143 12.2958 -176.3265
v  100.0857 2.2000 -176.2265
v  100.0857 2.2000 -148.8503
v  100.0857 12.2958 -148.8503
v  100.0857 12.2958 -176.2265
v  100.2159 2.0000 -149.0021
v  100.2167 2.0000 -176.0753
v  101.0812 2.0000 -175.0769
v  101.0820 2.0000 -150.0126
v  100.3167 2.0000 -176.1753
v  159.6833 2.0000 -176.1753
v  158.8188 2.0000 -175.1769
v  101.1812 2.0000 -175.1769
v  159.7833 2.0000 -176.0753
v  159.7841 2.0000 -149.0021
v  158.9180 2.0000 -150.0126
v  158.9188 2.0000 -175.0769
v  159.6841 2.0000 -148.9021
v  100.3159 2.0000 -148.9021
v  101.1820 2.0000 -149.9126
v  158.8180 2.0000 -149.9126
v  100.3159 12.4958 -148.9021
v  159.6841 12.4958 -148.9021
v  158.8180 12.4958 -149.9127
v  101.1820 12.4958 -149.9127
v  159.7841 12.4958 -149.0021
v  159.7833 12.4958 -176.0753
v  158.9187 12.4958 -175.0769
v  158.9180 12.4958 -150.0126
v  159.6833 12.4958 -176.1753
v  100.3167 12.4958 -176.1753
v  101.1812 12.4958 -175.1769
v  158.8187 12.4958 -175.1769
v  100.2167 12.4958 -176.0753
v  100.2159 12.4958 -149.0021
v  101.0820 12.4958 -150.0126
v  101.0812 12.4958 -175.0769
v  101.2121 2.2000 -150.1645
v  101.2121 2.2000 -174.9257
v  101.2122 12.2958 -174.9258
v  101.2122 12.2958 -150.1645
v  101.3121 2.2000 -175.0257
v  158.6879 2.2000 -175.0257
v  158.6878 12.2958 -175.0257
v  101.3122 12.2958 -175.0257
v  158.7878 2.2000 -174.9257
v  158.7878 2.2000 -150.1645
v  158.7878 12.2958 -150.1645
v  158.7878 12.2958 -174.9258
v  158.6879 2.2000 -150.0645
v  101.3121 2.2000 -150.0645
v  101.3122 12.2958 -150.0645
v  158.6878 12.2958 -150.0645
# 400 vertices

vn -0.1132 -0.9154 0.3862
vn -0.1132 -0.9154 -0.3862
vn 0.1132 -0.9154 -0.3862
vn 0.1132 -0.9154 0.3862
vn -0.3662 -0.4093 0.8357
vn 0.3662 -0.4093 0.8357
vn 0.3662 0.4093 0.8357
vn -0.3662 0.4093 0.8357
vn 0.8357 -0.4093 0.3662
vn 0.8357 -0.4093 -0.3662
vn 0.8357 0.4093 -0.3662
vn 0.8357 0.4093 0.3662
vn -0.8357 -0.4093 -0.3662
vn -0.8357 -0.4093 0.3662
vn -0.8357 0.4093 0.3662
vn -0.8357 0.4093 -0.3662
vn 0.1132 0.9154 0.3862
vn 0.1132 0.9154 -0.3862
vn -0.1132 0.9154 -0.3862
vn -0.1132 0.9154 0.3862
vn -0.3662 -0.4093 -0.8357
vn -0.3662 0.4093 -0.8357
vn 0.3662 0.4093 -0.8357
vn 0.3662 -0.4093 -0.8357
vn 0.3662 0.4092 0.8357
vn 0.3662 0.4092 -0.8357
vn -0.3862 -0.9154 0.1132
vn -0.3862 -0.9154 -0.1132
vn -0.3862 0.9154 0.1132
vn -0.3862 0.9154 -0.1132
vn 0.3862 -0.9154 -0.1132
vn 0.3862 -0.9154 0.1132
vn 0.3862 0.9154 -0.1132
vn 0.3862 0.9154 0.1132
vn 0.3782 0.9237 0.0612
vn -0.3782 0.9237 0.0612
vn -0.3722 0.9164 0.1474
vn 0.3722 0.9164 0.1474
vn 0.4093 -0.3662 0.8357
vn 0.3957 0.3378 0.8540
vn -0.3957 0.3378 0.8540
vn -0.4093 -0.3662 0.8357
vn 0.9119 0.3687 0.1804
vn 0.9607 -0.2346 -0.1483
vn 0.9261 -0.3732 -0.0544
vn 0.9164 0.3953 0.0621
vn -0.4797 0.2971 -0.8256
vn -0.4644 -0.2945 -0.8352
vn 0.4644 -0.2945 -0.8352
vn 0.4796 0.2971 -0.8256
vn 0.9154 -0.1132 0.3862
vn 0.9704 0.1057 -0.2171
vn 0.9652 -0.1048 -0.2395
vn 0.9122 0.1174 0.3926
vn -0.4797 0.8256 -0.2971
vn 0.4796 0.8256 -0.2971
vn 0.4796 0.8256 0.2971
vn -0.4797 0.8256 0.2971
vn 0.4462 -0.7939 -0.4131
vn -0.4462 -0.7939 -0.4131
vn -0.3809 -0.9156 -0.1291
vn 0.3809 -0.9156 -0.1291
vn -0.3955 0.7845 0.4777
vn 0.3955 0.7845 0.4777
vn 0.3721 0.9164 0.1474
vn -0.3721 0.9164 0.1474
vn -0.3956 0.3378 0.8540
vn 0.9704 0.1058 -0.2171
vn 0.9652 -0.1047 -0.2395
vn 0.4797 0.2971 -0.8256
vn -0.9122 0.1174 0.3926
vn -0.9652 -0.1048 -0.2395
vn -0.9704 0.1057 -0.2171
vn -0.9154 -0.1132 0.3862
vn 0.4797 0.8256 -0.2971
vn -0.4796 0.8256 0.2971
vn -0.4796 0.8256 -0.2971
vn 0.9201 0.3909 0.0264
vn -0.9201 0.3909 0.0264
vn -0.9164 0.3953 0.0621
vn -0.4093 -0.8357 0.3662
vn -0.9154 -0.3862 0.1132
vn -0.9154 -0.3862 -0.1132
vn -0.4093 -0.8357 -0.3662
vn 0.9154 -0.3862 0.1132
vn 0.4093 -0.8357 0.3662
vn 0.4092 -0.8357 -0.3662
vn 0.9154 -0.3862 -0.1132
vn 0.9119 0.3687 0.1805
vn -0.9119 0.3687 0.1804
vn -0.3802 0.9249 0.0000
vn -0.9214 0.3886 0.0000
vn 0.9214 0.3886 0.0000
vn 0.3802 0.9249 0.0000
vn -0.9704 0.1058 -0.2171
vn -0.9652 -0.1047 -0.2395
vn 0.3847 -0.9217 -0.0492
vn 0.9264 -0.3761 -0.0198
vn -0.9261 -0.3732 -0.0544
vn -0.9264 -0.3761 -0.0198
vn -0.3847 -0.9217 -0.0492
vn 0.9257 -0.3783 -0.0000
vn 0.3845 -0.9231 -0.0000
vn -0.3845 -0.9231 0.0000
vn -0.9257 -0.3783 -0.0000
vn -0.9607 -0.2346 -0.1483
vn -0.9119 0.3687 0.1805
vn -0.9704 0.2171 -0.1057
vn 0.9704 0.2171 -0.1057
vn -0.9704 0.2171 0.1057
vn 0.9704 0.2171 0.1057
vn 0.3721 0.9164 -0.1474
vn -0.3721 0.9164 -0.1474
vn -0.3782 0.9237 -0.0612
vn 0.3782 0.9237 -0.0612
vn 0.4093 -0.3662 -0.8357
vn -0.4092 -0.3662 -0.8357
vn -0.3957 0.3378 -0.8540
vn 0.3957 0.3378 -0.8540
vn 0.9119 0.3687 -0.1804
vn 0.9164 0.3953 -0.0621
vn 0.9261 -0.3732 0.0544
vn 0.9607 -0.2346 0.1483
vn -0.4796 0.2971 0.8256
vn 0.4796 0.2971 0.8256
vn 0.4643 -0.2946 0.8352
vn -0.4644 -0.2946 0.8352
vn 0.9154 -0.1132 -0.3862
vn 0.9122 0.1174 -0.3926
vn 0.9652 -0.1048 0.2395
vn 0.9704 0.1057 0.2171
vn 0.4462 -0.7939 0.4131
vn 0.3809 -0.9156 0.1291
vn -0.3809 -0.9156 0.1291
vn -0.4462 -0.7939 0.4131
vn -0.3955 0.7845 -0.4777
vn 0.3954 0.7845 -0.4777
vn -0.3956 0.3378 -0.8540
vn 0.9652 -0.1047 0.2395
vn 0.4644 -0.2946 0.8352
vn -0.4797 0.2971 0.8256
vn -0.9122 0.1174 -0.3926
vn -0.9154 -0.1132 -0.3862
vn -0.9704 0.1057 0.2171
vn -0.9652 -0.1047 0.2395
vn 0.9201 0.3909 -0.0264
vn -0.9164 0.3953 -0.0621
vn -0.9201 0.3909 -0.0264
vn -0.9119 0.3687 -0.1804
vn 0.9264 -0.3761 0.0198
vn 0.3847 -0.9217 0.0492
vn -0.3847 -0.9217 0.0492
vn -0.9264 -0.3761 0.0198
vn -0.9261 -0.3732 0.0544
vn -0.9607 -0.2346 0.1483
vn 0.3955 0.7845 -0.4777
vn -0.9257 -0.3783 0.0000
vn 0.9257 -0.3783 0.0000
vn -0.3734 -0.3458 0.8608
vn 0.3734 -0.3458 0.8608
vn 0.3734 0.3458 0.8608
vn -0.3734 0.3458 0.8608
vn 0.8608 -0.3365 0.3819
vn 0.8608 -0.3368 -0.3816
vn 0.8608 0.3368 -0.3816
vn 0.8608 0.3365 0.3819
vn 0.3737 -0.3455 -0.8608
vn -0.3737 -0.3455 -0.8608
vn -0.3737 0.3455 -0.8608
vn 0.3737 0.3455 -0.8608
vn -0.8608 -0.3368 -0.3816
vn -0.8608 -0.3365 0.3819
vn -0.8608 0.3365 0.3819
vn -0.8608 0.3368 -0.3816
vn -0.4806 -0.8652 0.1430
vn -0.4795 -0.8658 -0.1433
vn 0.2795 -0.9503 0.1372
vn 0.2797 -0.9502 -0.1375
vn -0.1505 -0.8783 -0.4538
vn 0.1505 -0.8783 -0.4538
vn -0.1282 -0.9530 0.2746
vn 0.1282 -0.9530 0.2746
vn 0.4795 -0.8658 -0.1433
vn 0.4806 -0.8652 0.1430
vn -0.2798 -0.9502 -0.1375
vn -0.2795 -0.9503 0.1372
vn 0.1508 -0.8786 0.4531
vn -0.1508 -0.8786 0.4531
vn 0.1279 -0.9531 -0.2745
vn -0.1279 -0.9531 -0.2745
vn -0.1508 0.8786 0.4531
vn 0.1508 0.8786 0.4531
vn -0.1279 0.9531 -0.2745
vn 0.1279 0.9531 -0.2745
vn 0.4806 0.8652 0.1430
vn 0.4795 0.8658 -0.1433
vn -0.2795 0.9503 0.1372
vn -0.2797 0.9502 -0.1375
vn 0.1505 0.8783 -0.4539
vn -0.1505 0.8783 -0.4539
vn 0.1282 0.9530 0.2746
vn -0.1282 0.9530 0.2746
vn -0.4795 0.8658 -0.1433
vn -0.4806 0.8652 0.1430
vn 0.2798 0.9502 -0.1375
vn 0.2795 0.9503 0.1372
vn 0.8736 -0.3734 -0.3122
vn 0.8730 -0.3745 0.3125
vn 0.8730 0.3744 0.3125
vn 0.8735 0.3734 -0.3122
vn 0.3218 -0.3988 0.8587
vn -0.3218 -0.3988 0.8587
vn -0.3218 0.3988 0.8587
vn 0.3218 0.3988 0.8587
vn -0.8730 -0.3745 0.3125
vn -0.8736 -0.3734 -0.3122
vn -0.8735 0.3734 -0.3122
vn -0.8730 0.3744 0.3125
vn -0.3222 -0.3995 -0.8583
vn 0.3222 -0.3995 -0.8583
vn 0.3221 0.3995 -0.8583
vn -0.3221 0.3995 -0.8583
# 222 vertex normals

vt 0.9691 0.1111 0.0000
vt 0.9691 0.1271 0.0000
vt 0.7923 0.1271 0.0000
vt 0.7923 0.1111 0.0000
vt 0.7935 0.0070 0.0000
vt 0.9712 0.0070 0.0000
vt 0.9712 0.0123 0.0000
vt 0.7935 0.0123 0.0000
vt 0.7862 0.1493 0.0000
vt 0.7858 0.1336 0.0000
vt 0.7913 0.1335 0.0000
vt 0.7916 0.1492 0.0000
vt 0.7858 0.1828 0.0000
vt 0.7862 0.1624 0.0000
vt 0.7916 0.1625 0.0000
vt 0.7913 0.1829 0.0000
vt 0.7923 0.1492 0.0000
vt 0.7923 0.1332 0.0000
vt 0.9691 0.1332 0.0000
vt 0.9691 0.1492 0.0000
vt 0.7923 0.2099 0.0000
vt 0.7923 0.1893 0.0000
vt 0.9691 0.1893 0.0000
vt 0.9691 0.2099 0.0000
vt 0.9709 0.0366 0.0000
vt 0.9709 0.0543 0.0000
vt 0.7938 0.0543 0.0000
vt 0.7938 0.0366 0.0000
vt 0.9752 0.1624 0.0000
vt 0.9756 0.1828 0.0000
vt 0.9700 0.1829 0.0000
vt 0.9698 0.1625 0.0000
vt 0.9719 0.0302 0.0000
vt 0.9717 0.0127 0.0000
vt 0.9770 0.0126 0.0000
vt 0.9774 0.0301 0.0000
vt 0.7873 0.0301 0.0000
vt 0.7877 0.0126 0.0000
vt 0.7930 0.0127 0.0000
vt 0.7928 0.0302 0.0000
vt 0.9756 0.1336 0.0000
vt 0.9752 0.1493 0.0000
vt 0.9698 0.1492 0.0000
vt 0.9701 0.1335 0.0000
vt 0.9691 0.1625 0.0000
vt 0.9691 0.1831 0.0000
vt 0.7923 0.1831 0.0000
vt 0.7923 0.1625 0.0000
vt 0.7938 0.0304 0.0000
vt 0.7938 0.0127 0.0000
vt 0.9709 0.0127 0.0000
vt 0.9709 0.0304 0.0000
vt 0.7921 0.1889 0.0000
vt 0.7921 0.1836 0.0000
vt 0.9693 0.1836 0.0000
vt 0.9693 0.1889 0.0000
vt 0.9693 0.1275 0.0000
vt 0.9693 0.1328 0.0000
vt 0.7921 0.1328 0.0000
vt 0.7921 0.1275 0.0000
vt 0.7920 0.1550 0.0000
vt 0.7920 0.1496 0.0000
vt 0.9694 0.1496 0.0000
vt 0.9694 0.1550 0.0000
vt 0.7920 0.1568 0.0000
vt 0.9694 0.1568 0.0000
vt 0.9694 0.1621 0.0000
vt 0.7920 0.1621 0.0000
vt 0.7935 0.0362 0.0000
vt 0.7935 0.0308 0.0000
vt 0.9712 0.0308 0.0000
vt 0.9712 0.0362 0.0000
vt 0.7872 0.0129 0.0000
vt 0.7868 0.0301 0.0000
vt 0.9709 0.0066 0.0000
vt 0.7938 0.0066 0.0000
vt 0.7935 0.0130 0.0000
vt 0.7933 0.0302 0.0000
vt 0.9756 0.1490 0.0000
vt 0.9761 0.1335 0.0000
vt 0.7858 0.1627 0.0000
vt 0.7853 0.1828 0.0000
vt 0.9761 0.1829 0.0000
vt 0.9756 0.1627 0.0000
vt 0.7853 0.1335 0.0000
vt 0.7858 0.1491 0.0000
vt 0.9779 0.0301 0.0000
vt 0.9775 0.0129 0.0000
vt 0.9695 0.1829 0.0000
vt 0.9694 0.1628 0.0000
vt 0.7919 0.1334 0.0000
vt 0.7920 0.1489 0.0000
vt 0.9714 0.0302 0.0000
vt 0.9712 0.0130 0.0000
vt 0.9694 0.1489 0.0000
vt 0.9695 0.1334 0.0000
vt 0.7920 0.1628 0.0000
vt 0.7919 0.1829 0.0000
vt 0.7923 0.1554 0.0000
vt 0.9691 0.1554 0.0000
vt 0.9691 0.1564 0.0000
vt 0.7923 0.1564 0.0000
vt 0.9717 0.0069 0.0000
vt 0.9716 0.0123 0.0000
vt 0.7930 0.0124 0.0000
vt 0.7930 0.0070 0.0000
vt 0.9696 0.1890 0.0000
vt 0.9696 0.1834 0.0000
vt 0.7918 0.1274 0.0000
vt 0.7918 0.1329 0.0000
vt 0.7916 0.1496 0.0000
vt 0.7916 0.1550 0.0000
vt 0.9698 0.1550 0.0000
vt 0.9698 0.1496 0.0000
vt 0.7916 0.1568 0.0000
vt 0.7916 0.1622 0.0000
vt 0.7918 0.1835 0.0000
vt 0.7918 0.1890 0.0000
vt 0.9698 0.1621 0.0000
vt 0.9698 0.1567 0.0000
vt 0.9714 0.0363 0.0000
vt 0.9714 0.0307 0.0000
vt 0.7933 0.0308 0.0000
vt 0.7933 0.0363 0.0000
vt 0.9696 0.1329 0.0000
vt 0.9696 0.1274 0.0000
vt 0.7933 0.0064 0.0000
vt 0.9714 0.0064 0.0000
vt 0.7933 0.0368 0.0000
vt 0.9695 0.1269 0.0000
vt 0.9695 0.1562 0.0000
vt 0.9714 0.0368 0.0000
vt 0.9696 0.1555 0.0000
vt 0.7918 0.1562 0.0000
vt 0.7919 0.1895 0.0000
vt 0.9695 0.1895 0.0000
vt 0.7919 0.1269 0.0000
vt 0.7919 0.1555 0.0000
vt 0.7920 0.1114 0.0000
vt 0.9694 0.2096 0.0000
vt 0.9712 0.0540 0.0000
vt 0.9694 0.1114 0.0000
vt 0.7920 0.2096 0.0000
vt 0.7935 0.0540 0.0000
vt 0.9696 0.0886 0.0000
vt 0.7921 0.0886 0.0000
vt 0.7921 0.0833 0.0000
vt 0.9696 0.0833 0.0000
vt 0.7923 0.1097 0.0000
vt 0.7923 0.0890 0.0000
vt 0.9693 0.0890 0.0000
vt 0.9693 0.1097 0.0000
vt 0.7916 0.0622 0.0000
vt 0.7913 0.0826 0.0000
vt 0.7858 0.0825 0.0000
vt 0.7862 0.0621 0.0000
vt 0.9754 0.0621 0.0000
vt 0.9758 0.0825 0.0000
vt 0.9703 0.0826 0.0000
vt 0.9700 0.0622 0.0000
vt 0.9693 0.0622 0.0000
vt 0.9693 0.0828 0.0000
vt 0.7923 0.0828 0.0000
vt 0.7923 0.0622 0.0000
vt 0.9696 0.0564 0.0000
vt 0.9696 0.0618 0.0000
vt 0.7920 0.0618 0.0000
vt 0.7920 0.0564 0.0000
vt 0.9763 0.0826 0.0000
vt 0.9758 0.0624 0.0000
vt 0.9698 0.0826 0.0000
vt 0.9696 0.0625 0.0000
vt 0.7858 0.0624 0.0000
vt 0.7853 0.0825 0.0000
vt 0.7920 0.0625 0.0000
vt 0.7919 0.0826 0.0000
vt 0.9693 0.0560 0.0000
vt 0.7923 0.0560 0.0000
vt 0.7918 0.0887 0.0000
vt 0.7918 0.0832 0.0000
vt 0.9698 0.0831 0.0000
vt 0.9698 0.0887 0.0000
vt 0.7916 0.0564 0.0000
vt 0.7916 0.0618 0.0000
vt 0.9700 0.0618 0.0000
vt 0.9700 0.0564 0.0000
vt 0.9698 0.0892 0.0000
vt 0.7919 0.0892 0.0000
vt 0.9698 0.0559 0.0000
vt 0.7918 0.0558 0.0000
vt 0.7920 0.1094 0.0000
vt 0.9696 0.1094 0.0000
vt 0.6251 0.2881 0.0000
vt 0.6250 0.2810 0.0000
vt 0.6411 0.2806 0.0000
vt 0.6413 0.2877 0.0000
vt 0.6117 0.3674 0.0000
vt 0.5620 0.3674 0.0000
vt 0.5620 0.3603 0.0000
vt 0.6117 0.3603 0.0000
vt 0.6599 0.2878 0.0000
vt 0.6533 0.2947 0.0000
vt 0.6404 0.2950 0.0000
vt 0.6413 0.2882 0.0000
vt 0.6033 0.3511 0.0000
vt 0.5676 0.3511 0.0000
vt 0.5676 0.3440 0.0000
vt 0.6033 0.3440 0.0000
vt 0.6113 0.3680 0.0000
vt 0.6037 0.3760 0.0000
vt 0.5673 0.3760 0.0000
vt 0.5623 0.3680 0.0000
vt 0.6529 0.3308 0.0000
vt 0.6529 0.3380 0.0000
vt 0.5721 0.3380 0.0000
vt 0.5720 0.3308 0.0000
vt 0.6520 0.2653 0.0000
vt 0.6524 0.2724 0.0000
vt 0.6398 0.2728 0.0000
vt 0.6396 0.2657 0.0000
vt 0.6585 0.3050 0.0000
vt 0.6586 0.2978 0.0000
vt 0.6775 0.2980 0.0000
vt 0.6775 0.3051 0.0000
vt 0.7578 0.2530 0.0000
vt 0.7578 0.2601 0.0000
vt 0.7081 0.2601 0.0000
vt 0.7081 0.2530 0.0000
vt 0.7574 0.2607 0.0000
vt 0.7499 0.2687 0.0000
vt 0.7135 0.2687 0.0000
vt 0.7084 0.2607 0.0000
vt 0.7495 0.2692 0.0000
vt 0.7495 0.2763 0.0000
vt 0.7138 0.2763 0.0000
vt 0.7138 0.2692 0.0000
vt 0.7084 0.2524 0.0000
vt 0.7135 0.2444 0.0000
vt 0.7499 0.2444 0.0000
vt 0.7574 0.2524 0.0000
vt 0.7473 0.3250 0.0000
vt 0.6664 0.3250 0.0000
vt 0.6665 0.3178 0.0000
vt 0.7473 0.3178 0.0000
vt 0.6665 0.2828 0.0000
vt 0.6788 0.2831 0.0000
vt 0.6787 0.2902 0.0000
vt 0.6661 0.2900 0.0000
vt 0.6252 0.2886 0.0000
vt 0.6250 0.2804 0.0000
vt 0.6411 0.2800 0.0000
vt 0.6617 0.3222 0.0000
vt 0.6613 0.3227 0.0000
vt 0.5636 0.3227 0.0000
vt 0.5632 0.3221 0.0000
vt 0.6613 0.3145 0.0000
vt 0.6617 0.3150 0.0000
vt 0.5632 0.3150 0.0000
vt 0.5636 0.3145 0.0000
vt 0.5623 0.3597 0.0000
vt 0.6113 0.3597 0.0000
vt 0.6589 0.2973 0.0000
vt 0.6776 0.2974 0.0000
vt 0.6588 0.3055 0.0000
vt 0.6775 0.3056 0.0000
vt 0.7076 0.3053 0.0000
vt 0.7076 0.3059 0.0000
vt 0.6936 0.3058 0.0000
vt 0.6936 0.3053 0.0000
vt 0.7075 0.2976 0.0000
vt 0.7075 0.2982 0.0000
vt 0.6936 0.2982 0.0000
vt 0.6936 0.2976 0.0000
vt 0.6037 0.3517 0.0000
vt 0.5673 0.3517 0.0000
vt 0.6033 0.3765 0.0000
vt 0.5676 0.3765 0.0000
vt 0.6403 0.2956 0.0000
vt 0.6245 0.2961 0.0000
vt 0.6245 0.2956 0.0000
vt 0.6398 0.2734 0.0000
vt 0.6242 0.2735 0.0000
vt 0.6242 0.2729 0.0000
vt 0.6112 0.2959 0.0000
vt 0.6112 0.2965 0.0000
vt 0.6111 0.2729 0.0000
vt 0.6111 0.2735 0.0000
vt 0.7138 0.2438 0.0000
vt 0.7495 0.2438 0.0000
vt 0.6656 0.3122 0.0000
vt 0.6784 0.3124 0.0000
vt 0.6785 0.3129 0.0000
vt 0.6660 0.3128 0.0000
vt 0.6787 0.2907 0.0000
vt 0.6658 0.2906 0.0000
vt 0.6597 0.2796 0.0000
vt 0.6527 0.2730 0.0000
vt 0.6628 0.3148 0.0000
vt 0.6628 0.3223 0.0000
vt 0.6600 0.2801 0.0000
vt 0.6612 0.2799 0.0000
vt 0.6614 0.2874 0.0000
vt 0.6602 0.2872 0.0000
vt 0.6535 0.2720 0.0000
vt 0.6531 0.2652 0.0000
vt 0.6540 0.3380 0.0000
vt 0.6540 0.3312 0.0000
vt 0.7561 0.3337 0.0000
vt 0.7572 0.3335 0.0000
vt 0.7572 0.3409 0.0000
vt 0.7561 0.3408 0.0000
vt 0.6573 0.3051 0.0000
vt 0.6574 0.2977 0.0000
vt 0.7484 0.3246 0.0000
vt 0.7484 0.3178 0.0000
vt 0.6653 0.2827 0.0000
vt 0.6650 0.2897 0.0000
vt 0.6622 0.3137 0.0000
vt 0.6622 0.3234 0.0000
vt 0.6610 0.2884 0.0000
vt 0.6607 0.2789 0.0000
vt 0.7557 0.3331 0.0000
vt 0.7566 0.3324 0.0000
vt 0.7566 0.3421 0.0000
vt 0.7557 0.3413 0.0000
vt 0.6579 0.2967 0.0000
vt 0.6578 0.3062 0.0000
vt 0.6538 0.2724 0.0000
vt 0.6533 0.3303 0.0000
vt 0.6543 0.3309 0.0000
vt 0.6540 0.2959 0.0000
vt 0.6530 0.2952 0.0000
vt 0.6543 0.2953 0.0000
vt 0.6542 0.3061 0.0000
vt 0.6533 0.3069 0.0000
vt 0.6529 0.3064 0.0000
vt 0.6537 0.3056 0.0000
vt 0.7481 0.3502 0.0000
vt 0.7473 0.3495 0.0000
vt 0.7477 0.3489 0.0000
vt 0.7486 0.3497 0.0000
vt 0.6647 0.3129 0.0000
vt 0.6650 0.3134 0.0000
vt 0.6647 0.2900 0.0000
vt 0.7487 0.3249 0.0000
vt 0.7477 0.3255 0.0000
vt 0.6580 0.3413 0.0000
vt 0.6576 0.3408 0.0000
vt 0.5716 0.3303 0.0000
vt 0.5716 0.3069 0.0000
vt 0.5720 0.3064 0.0000
vt 0.5810 0.2880 0.0000
vt 0.5811 0.2810 0.0000
vt 0.5972 0.2811 0.0000
vt 0.5971 0.2882 0.0000
vt 0.6628 0.3517 0.0000
vt 0.6628 0.3588 0.0000
vt 0.6131 0.3588 0.0000
vt 0.6131 0.3517 0.0000
vt 0.5624 0.2884 0.0000
vt 0.5810 0.2886 0.0000
vt 0.5820 0.2953 0.0000
vt 0.5691 0.2952 0.0000
vt 0.6545 0.3679 0.0000
vt 0.6545 0.3750 0.0000
vt 0.6188 0.3750 0.0000
vt 0.6188 0.3679 0.0000
vt 0.6624 0.3511 0.0000
vt 0.6134 0.3511 0.0000
vt 0.6185 0.3431 0.0000
vt 0.6549 0.3431 0.0000
vt 0.5700 0.2657 0.0000
vt 0.5823 0.2660 0.0000
vt 0.5823 0.2731 0.0000
vt 0.5697 0.2729 0.0000
vt 0.7566 0.3044 0.0000
vt 0.7377 0.3048 0.0000
vt 0.7376 0.2977 0.0000
vt 0.7565 0.2973 0.0000
vt 0.7067 0.2687 0.0000
vt 0.6570 0.2687 0.0000
vt 0.6570 0.2616 0.0000
vt 0.7067 0.2616 0.0000
vt 0.7063 0.2610 0.0000
vt 0.6573 0.2610 0.0000
vt 0.6623 0.2530 0.0000
vt 0.6987 0.2530 0.0000
vt 0.6983 0.2524 0.0000
vt 0.6626 0.2524 0.0000
vt 0.6626 0.2453 0.0000
vt 0.6983 0.2453 0.0000
vt 0.6573 0.2693 0.0000
vt 0.7063 0.2693 0.0000
vt 0.6987 0.2773 0.0000
vt 0.6623 0.2773 0.0000
vt 0.7484 0.2824 0.0000
vt 0.7488 0.2895 0.0000
vt 0.7362 0.2899 0.0000
vt 0.7361 0.2829 0.0000
vt 0.5971 0.2888 0.0000
vt 0.5811 0.2804 0.0000
vt 0.5971 0.2805 0.0000
vt 0.6624 0.3593 0.0000
vt 0.6134 0.3593 0.0000
vt 0.7375 0.2972 0.0000
vt 0.7562 0.2967 0.0000
vt 0.7564 0.3050 0.0000
vt 0.7377 0.3054 0.0000
vt 0.7216 0.3052 0.0000
vt 0.7216 0.3058 0.0000
vt 0.7215 0.2975 0.0000
vt 0.7215 0.2981 0.0000
vt 0.6549 0.3674 0.0000
vt 0.6185 0.3674 0.0000
vt 0.6545 0.3425 0.0000
vt 0.6188 0.3425 0.0000
vt 0.5978 0.2957 0.0000
vt 0.5978 0.2963 0.0000
vt 0.5821 0.2959 0.0000
vt 0.5979 0.2730 0.0000
vt 0.5979 0.2736 0.0000
vt 0.5822 0.2737 0.0000
vt 0.6626 0.2779 0.0000
vt 0.6983 0.2779 0.0000
vt 0.6660 0.3255 0.0000
vt 0.6664 0.3495 0.0000
vt 0.6660 0.3489 0.0000
vt 0.7497 0.3118 0.0000
vt 0.7494 0.3124 0.0000
vt 0.7368 0.3127 0.0000
vt 0.7368 0.3121 0.0000
vt 0.7492 0.2901 0.0000
vt 0.7363 0.2905 0.0000
vt 0.5625 0.2802 0.0000
vt 0.5693 0.2735 0.0000
vt 0.5621 0.3223 0.0000
vt 0.5621 0.3148 0.0000
vt 0.5622 0.2807 0.0000
vt 0.5620 0.2879 0.0000
vt 0.5609 0.2880 0.0000
vt 0.5610 0.2805 0.0000
vt 0.5685 0.2726 0.0000
vt 0.5689 0.2657 0.0000
vt 0.5710 0.3380 0.0000
vt 0.5709 0.3312 0.0000
vt 0.6576 0.3337 0.0000
vt 0.6565 0.3409 0.0000
vt 0.6565 0.3335 0.0000
vt 0.7577 0.2971 0.0000
vt 0.7578 0.3046 0.0000
vt 0.6653 0.3246 0.0000
vt 0.6653 0.3178 0.0000
vt 0.7496 0.2823 0.0000
vt 0.7500 0.2892 0.0000
vt 0.5628 0.3137 0.0000
vt 0.5628 0.3234 0.0000
vt 0.5613 0.2890 0.0000
vt 0.5615 0.2796 0.0000
vt 0.6580 0.3331 0.0000
vt 0.6572 0.3324 0.0000
vt 0.6572 0.3421 0.0000
vt 0.7572 0.2961 0.0000
vt 0.7574 0.3056 0.0000
vt 0.5683 0.2729 0.0000
vt 0.5707 0.3309 0.0000
vt 0.5684 0.2964 0.0000
vt 0.5681 0.2959 0.0000
vt 0.5694 0.2958 0.0000
vt 0.5708 0.3061 0.0000
vt 0.5713 0.3056 0.0000
vt 0.6656 0.3502 0.0000
vt 0.6652 0.3497 0.0000
vt 0.7507 0.3125 0.0000
vt 0.7504 0.3130 0.0000
vt 0.7503 0.2896 0.0000
vt 0.6651 0.3249 0.0000
vt 0.6111 0.2888 0.0000
vt 0.6110 0.2658 0.0000
vt 0.6241 0.2658 0.0000
vt 0.6111 0.2806 0.0000
vt 0.6111 0.2882 0.0000
vt 0.6111 0.2811 0.0000
vt 0.7076 0.3130 0.0000
vt 0.6943 0.3128 0.0000
vt 0.6943 0.2830 0.0000
vt 0.7075 0.2829 0.0000
vt 0.7075 0.2900 0.0000
vt 0.6944 0.2901 0.0000
vt 0.6944 0.2907 0.0000
vt 0.7075 0.2906 0.0000
vt 0.7076 0.3136 0.0000
vt 0.6942 0.3134 0.0000
vt 0.5979 0.2659 0.0000
vt 0.7209 0.3127 0.0000
vt 0.7206 0.2900 0.0000
vt 0.7206 0.2829 0.0000
vt 0.7206 0.2906 0.0000
vt 0.7210 0.3132 0.0000
vt 0.5691 0.0113 0.0000
vt 0.7427 0.0113 0.0000
vt 0.7427 0.0407 0.0000
vt 0.5691 0.0407 0.0000
vt 0.6945 0.3752 0.0000
vt 0.7696 0.3752 0.0000
vt 0.7696 0.4029 0.0000
vt 0.6945 0.4029 0.0000
vt 0.5691 0.0798 0.0000
vt 0.7427 0.0798 0.0000
vt 0.7427 0.1092 0.0000
vt 0.5691 0.1092 0.0000
vt 0.6945 0.4475 0.0000
vt 0.7697 0.4475 0.0000
vt 0.7697 0.4752 0.0000
vt 0.6945 0.4752 0.0000
vt 0.7693 0.4468 0.0000
vt 0.6949 0.4468 0.0000
vt 0.6977 0.4444 0.0000
vt 0.7665 0.4444 0.0000
vt 0.7423 0.0791 0.0000
vt 0.5695 0.0791 0.0000
vt 0.5720 0.0762 0.0000
vt 0.7398 0.0762 0.0000
vt 0.7692 0.3745 0.0000
vt 0.6949 0.3745 0.0000
vt 0.6977 0.3722 0.0000
vt 0.7665 0.3722 0.0000
vt 0.7423 0.0106 0.0000
vt 0.5695 0.0106 0.0000
vt 0.5720 0.0077 0.0000
vt 0.7398 0.0077 0.0000
vt 0.5695 0.0415 0.0000
vt 0.7423 0.0415 0.0000
vt 0.7398 0.0444 0.0000
vt 0.5720 0.0444 0.0000
vt 0.6949 0.4036 0.0000
vt 0.7692 0.4036 0.0000
vt 0.7665 0.4059 0.0000
vt 0.6977 0.4059 0.0000
vt 0.5695 0.1099 0.0000
vt 0.7423 0.1099 0.0000
vt 0.7398 0.1128 0.0000
vt 0.5720 0.1128 0.0000
vt 0.6949 0.4759 0.0000
vt 0.7693 0.4759 0.0000
vt 0.7665 0.4782 0.0000
vt 0.6977 0.4782 0.0000
vt 0.7661 0.5066 0.0000
vt 0.6981 0.5066 0.0000
vt 0.6981 0.4789 0.0000
vt 0.7661 0.4789 0.0000
vt 0.7394 0.1430 0.0000
vt 0.5724 0.1430 0.0000
vt 0.5724 0.1136 0.0000
vt 0.7394 0.1136 0.0000
vt 0.7661 0.4343 0.0000
vt 0.6981 0.4343 0.0000
vt 0.6981 0.4066 0.0000
vt 0.7661 0.4066 0.0000
vt 0.7394 0.0745 0.0000
vt 0.5724 0.0745 0.0000
vt 0.5724 0.0451 0.0000
vt 0.7394 0.0451 0.0000
vt 0.6977 0.5073 0.0000
vt 0.7665 0.5073 0.0000
vt 0.5720 0.1437 0.0000
vt 0.7398 0.1437 0.0000
vt 0.6977 0.4350 0.0000
vt 0.7665 0.4350 0.0000
vt 0.5720 0.0752 0.0000
vt 0.7398 0.0752 0.0000
vt 0.7431 0.0113 0.0000
vt 0.7431 0.0407 0.0000
vt 0.5687 0.0407 0.0000
vt 0.5687 0.0113 0.0000
vt 0.5687 0.0798 0.0000
vt 0.5687 0.1092 0.0000
vt 0.7431 0.0798 0.0000
vt 0.7431 0.1092 0.0000
vt 0.5692 0.0103 0.0000
vt 0.5717 0.0074 0.0000
vt 0.7426 0.0788 0.0000
vt 0.7401 0.0759 0.0000
vt 0.5692 0.0788 0.0000
vt 0.5717 0.0759 0.0000
vt 0.7426 0.0103 0.0000
vt 0.7401 0.0074 0.0000
vt 0.5692 0.0417 0.0000
vt 0.5717 0.0446 0.0000
vt 0.7426 0.0417 0.0000
vt 0.7401 0.0446 0.0000
vt 0.5692 0.1102 0.0000
vt 0.5717 0.1131 0.0000
vt 0.7426 0.1102 0.0000
vt 0.7401 0.1131 0.0000
vt 0.5720 0.0745 0.0000
vt 0.5720 0.0452 0.0000
vt 0.7398 0.1430 0.0000
vt 0.7398 0.1136 0.0000
vt 0.5720 0.1430 0.0000
vt 0.5720 0.1136 0.0000
vt 0.7398 0.0745 0.0000
vt 0.7398 0.0451 0.0000
vt 0.5716 0.0751 0.0000
vt 0.7401 0.1436 0.0000
vt 0.5716 0.1436 0.0000
vt 0.7401 0.0751 0.0000
# 606 texture coords

o wooden_box_big001
g wooden_box_big001
usemtl wooden_crate_barrel
s 1
f 1677/2284/1292 1678/2285/1293 1679/2286/1294 1680/2287/1295 
f 1681/2288/1296 1682/2289/1297 1683/2290/1298 1684/2291/1299 
f 1685/2292/1300 1686/2293/1301 1687/2294/1302 1688/2295/1303 
f 1689/2296/1304 1690/2297/1305 1691/2298/1306 1692/2299/1307 
f 1693/2300/1308 1694/2301/1309 1695/2302/1310 1696/2303/1311 
f 1697/2304/1292 1698/2305/1293 1699/2306/1294 1700/2307/1295 
f 1701/2308/1294 1702/2309/1295 1703/2310/1292 1704/2311/1293 
f 1705/2312/1300 1706/2313/1301 1707/2314/1302 1708/2315/1303 
f 1709/2316/1302 1710/2317/1303 1711/2318/1300 1712/2319/1301 
f 1713/2320/1304 1714/2321/1305 1715/2322/1306 1716/2323/1307 
f 1717/2324/1304 1718/2325/1305 1719/2326/1306 1720/2327/1307 
f 1721/2328/1308 1722/2329/1309 1723/2330/1310 1724/2331/1311 
f 1725/2332/1310 1726/2333/1311 1727/2334/1308 1728/2335/1309 
f 1729/2336/1312 1730/2337/1313 1731/2338/1314 1732/2339/1315 
f 1733/2340/1312 1734/2341/1313 1735/2342/1314 1736/2343/1315 
f 1737/2344/1297 1738/2345/1298 1739/2346/1299 1740/2347/1296 
f 1741/2348/1296 1742/2349/1297 1743/2350/1316 1744/2351/1299 
f 1745/2352/1312 1746/2353/1313 1747/2354/1317 1748/2355/1315 
s 2
f 1749/2356/1318 1714/2321/1305 1713/2320/1304 1750/2357/1319 
s 4
f 1702/2358/1295 1682/2289/1297 1681/2288/1296 1703/2359/1292 
s 2
f 1683/2290/1298 1727/2334/1308 1726/2333/1311 1684/2291/1299 
s 4
f 1715/2322/1306 1751/2360/1320 1752/2361/1321 1716/2323/1307 
s 2
f 1753/2362/1318 1718/2325/1305 1717/2324/1304 1754/2363/1319 
f 1755/2364/1318 1690/2297/1305 1689/2296/1304 1756/2365/1319 
f 1757/2366/1322 1706/2313/1301 1705/2312/1300 1758/2367/1323 
f 1759/2368/1322 1686/2293/1301 1685/2292/1300 1760/2369/1323 
f 1761/2370/1322 1712/2319/1301 1711/2318/1300 1762/2371/1323 
f 1707/2314/1302 1763/2372/1324 1764/2373/1325 1708/2315/1303 
f 1687/2294/1302 1765/2374/1324 1766/2375/1325 1688/2295/1303 
s 4
f 1709/2316/1302 1767/2376/1324 1768/2377/1325 1710/2317/1303 
s 2
f 1719/2326/1306 1769/2378/1320 1770/2379/1321 1720/2327/1307 
f 1691/2298/1306 1771/2380/1320 1772/2381/1321 1692/2299/1307 
s 4
f 1698/2305/1293 1729/2336/1312 1732/2339/1315 1699/2306/1294 
s 2
f 1678/2285/1293 1733/2340/1312 1736/2343/1315 1679/2286/1294 
s 4
f 1680/2382/1295 1737/2344/1297 1740/2347/1296 1677/2383/1292 
f 1722/2329/1309 1731/2338/1314 1730/2337/1313 1723/2330/1310 
s 2
f 1694/2301/1309 1735/2342/1314 1734/2341/1313 1695/2302/1310 
s 4
f 1696/2303/1311 1739/2346/1299 1738/2345/1298 1693/2300/1308 
s 2
f 1700/2384/1295 1742/2349/1297 1741/2348/1296 1697/2385/1292 
s 4
f 1704/2311/1293 1745/2352/1312 1748/2355/1315 1701/2308/1294 
s 2
f 1724/2331/1311 1744/2351/1299 1743/2350/1316 1721/2328/1308 
f 1728/2335/1309 1747/2354/1317 1746/2353/1313 1725/2332/1310 
s 8
f 1682/2289/1297 1711/2386/1300 1710/2387/1303 1683/2290/1298 
f 1684/2291/1299 1715/2388/1306 1714/2389/1305 1681/2288/1296 
f 1706/2390/1301 1732/2339/1315 1731/2338/1314 1707/2391/1302 
s 4
f 1686/2392/1301 1736/2343/1315 1735/2342/1314 1687/2393/1302 
s 8
f 1688/2394/1303 1738/2345/1298 1737/2344/1297 1685/2395/1300 
f 1718/2396/1305 1740/2347/1296 1739/2346/1299 1719/2397/1306 
s 4
f 1690/2398/1305 1741/2348/1296 1744/2351/1299 1691/2399/1306 
s 8
f 1692/2400/1307 1730/2337/1313 1729/2336/1312 1689/2401/1304 
s 4
f 1708/2402/1303 1743/2350/1316 1742/2349/1297 1705/2403/1300 
s 8
f 1712/2404/1301 1748/2355/1315 1747/2354/1317 1709/2405/1302 
f 1716/2406/1307 1746/2353/1313 1745/2352/1312 1713/2407/1304 
s 4
f 1720/2408/1307 1734/2341/1313 1733/2340/1312 1717/2409/1304 
s 2
f 1749/2410/1318 1703/2359/1292 1681/2288/1296 1714/2389/1305 
f 1711/2386/1300 1682/2289/1297 1702/2358/1295 1762/2411/1323 
s 4
f 1768/2377/1325 1727/2334/1308 1683/2290/1298 1710/2387/1303 
f 1726/2333/1311 1751/2360/1320 1715/2388/1306 1684/2291/1299 
s 2
f 1704/2311/1293 1750/2412/1319 1713/2407/1304 1745/2352/1312 
s 8
f 1678/2285/1293 1754/2413/1319 1717/2409/1304 1733/2340/1312 
f 1700/2384/1295 1758/2414/1323 1705/2403/1300 1742/2349/1297 
s 2
f 1748/2355/1315 1712/2404/1301 1761/2415/1322 1701/2308/1294 
s 8
f 1764/2373/1325 1721/2328/1308 1743/2350/1316 1708/2402/1303 
s 4
f 1728/2335/1309 1767/2376/1324 1709/2405/1302 1747/2354/1317 
f 1746/2353/1313 1716/2406/1307 1752/2361/1321 1725/2332/1310 
s 8
f 1770/2379/1321 1695/2302/1310 1734/2341/1313 1720/2408/1307 
s 2
f 1740/2347/1296 1718/2396/1305 1753/2416/1318 1677/2383/1292 
s 8
f 1755/2417/1318 1697/2385/1292 1741/2348/1296 1690/2398/1305 
s 2
f 1698/2305/1293 1756/2418/1319 1689/2401/1304 1729/2336/1312 
f 1732/2339/1315 1706/2390/1301 1757/2419/1322 1699/2306/1294 
s 8
f 1759/2420/1322 1679/2286/1294 1736/2343/1315 1686/2392/1301 
s 2
f 1685/2395/1300 1737/2344/1297 1680/2382/1295 1760/2421/1323 
f 1722/2329/1309 1763/2372/1324 1707/2391/1302 1731/2338/1314 
s 8
f 1687/2393/1302 1735/2342/1314 1694/2301/1309 1765/2374/1324 
s 2
f 1766/2375/1325 1693/2300/1308 1738/2345/1298 1688/2394/1303 
f 1696/2303/1311 1769/2378/1320 1719/2397/1306 1739/2346/1299 
s 8
f 1691/2399/1306 1744/2351/1299 1724/2331/1311 1771/2380/1320 
s 2
f 1772/2381/1321 1723/2330/1310 1730/2337/1313 1692/2400/1307 
s 1
f 1679/2286/1294 1759/2420/1322 1760/2422/1323 1680/2287/1295 
f 1693/2300/1308 1766/2375/1325 1765/2374/1324 1694/2301/1309 
f 1699/2306/1294 1757/2419/1322 1758/2423/1323 1700/2307/1295 
f 1701/2308/1294 1761/2415/1322 1762/2424/1323 1702/2309/1295 
f 1721/2328/1308 1764/2373/1325 1763/2372/1324 1722/2329/1309 
f 1727/2334/1308 1768/2377/1325 1767/2376/1324 1728/2335/1309 
f 1677/2284/1292 1753/2425/1318 1754/2413/1319 1678/2285/1293 
f 1695/2302/1310 1770/2379/1321 1769/2378/1320 1696/2303/1311 
f 1697/2304/1292 1755/2426/1318 1756/2418/1319 1698/2305/1293 
f 1703/2310/1292 1749/2427/1318 1750/2412/1319 1704/2311/1293 
f 1723/2330/1310 1772/2381/1321 1771/2380/1320 1724/2331/1311 
f 1725/2332/1310 1752/2361/1321 1751/2360/1320 1726/2333/1311 
f 1773/2428/1296 1774/2429/1297 1775/2430/1298 1776/2431/1299 
f 1777/2432/1294 1778/2433/1295 1779/2434/1292 1780/2435/1293 
f 1781/2436/1302 1782/2437/1303 1783/2438/1300 1784/2439/1301 
f 1785/2440/1304 1786/2441/1305 1787/2442/1306 1788/2443/1307 
f 1789/2444/1310 1790/2445/1311 1791/2446/1308 1792/2447/1309 
f 1793/2448/1312 1794/2449/1313 1795/2450/1317 1796/2451/1315 
s 2
f 1797/2452/1318 1786/2441/1305 1785/2440/1304 1798/2453/1319 
s 4
f 1778/2433/1295 1774/2429/1297 1773/2428/1296 1779/2434/1292 
s 2
f 1775/2430/1298 1791/2446/1308 1790/2445/1311 1776/2431/1299 
s 4
f 1787/2442/1306 1799/2454/1320 1800/2455/1321 1788/2443/1307 
s 2
f 1801/2456/1322 1784/2439/1301 1783/2438/1300 1802/2457/1323 
s 4
f 1781/2436/1302 1803/2458/1324 1804/2459/1325 1782/2437/1303 
f 1780/2460/1293 1793/2448/1312 1796/2451/1315 1777/2461/1294 
s 2
f 1792/2447/1309 1795/2450/1317 1794/2449/1313 1789/2444/1310 
s 8
f 1774/2429/1297 1783/2462/1300 1782/2463/1303 1775/2430/1298 
f 1776/2431/1299 1787/2464/1306 1786/2465/1305 1773/2428/1296 
f 1784/2466/1301 1796/2451/1315 1795/2450/1317 1781/2467/1302 
f 1788/2468/1307 1794/2449/1313 1793/2448/1312 1785/2469/1304 
s 2
f 1797/2470/1318 1779/2434/1292 1773/2428/1296 1786/2465/1305 
f 1783/2462/1300 1774/2429/1297 1778/2433/1295 1802/2471/1323 
s 4
f 1804/2459/1325 1791/2446/1308 1775/2430/1298 1782/2463/1303 
f 1790/2445/1311 1799/2454/1320 1787/2464/1306 1776/2431/1299 
s 2
f 1780/2460/1293 1798/2472/1319 1785/2469/1304 1793/2448/1312 
f 1796/2451/1315 1784/2466/1301 1801/2473/1322 1777/2461/1294 
s 4
f 1792/2447/1309 1803/2458/1324 1781/2467/1302 1795/2450/1317 
f 1794/2449/1313 1788/2468/1307 1800/2455/1321 1789/2444/1310 
s 1
f 1777/2432/1294 1801/2474/1322 1802/2471/1323 1778/2433/1295 
f 1791/2446/1308 1804/2459/1325 1803/2458/1324 1792/2447/1309 
f 1779/2434/1292 1797/2470/1318 1798/2475/1319 1780/2435/1293 
f 1789/2444/1310 1800/2455/1321 1799/2454/1320 1790/2445/1311 
f 1805/2476/1326 1806/2477/1327 1807/2478/1328 1808/2479/1329 
f 1809/2480/1330 1810/2481/1331 1811/2482/1332 1812/2483/1333 
f 1813/2484/1334 1814/2485/1335 1815/2486/1336 1816/2487/1337 
f 1817/2488/1338 1818/2489/1339 1819/2490/1340 1820/2491/1341 
f 1821/2492/1342 1822/2493/1343 1823/2494/1344 1824/2495/1345 
f 1825/2496/1346 1826/2497/1347 1827/2498/1348 1828/2499/1349 
f 1829/2500/1350 1830/2501/1351 1831/2502/1352 1832/2503/1353 
f 1833/2504/1354 1834/2505/1355 1835/2506/1356 1836/2507/1357 
f 1837/2508/1333 1838/2509/1330 1839/2510/1331 1840/2511/1358 
f 1841/2512/1342 1842/2513/1359 1843/2514/1360 1844/2515/1345 
f 1845/2516/1361 1846/2517/1338 1847/2518/1339 1848/2519/1340 
f 1849/2520/1362 1850/2521/1363 1851/2522/1364 1852/2523/1365 
f 1853/2524/1366 1854/2525/1348 1855/2526/1367 1856/2527/1368 
f 1857/2528/1351 1858/2529/1352 1859/2530/1353 1860/2531/1350 
s 2
f 1861/2532/1369 1805/2476/1326 1808/2479/1329 1816/2487/1337 
f 1806/2477/1327 1862/2533/1370 1863/2534/1371 1807/2478/1328 
f 1809/2480/1330 1821/2492/1342 1824/2495/1345 1810/2481/1331 
f 1864/2535/1372 1865/2536/1373 1866/2537/1374 1867/2538/1375 
f 1868/2539/1376 1869/2540/1377 1870/2541/1378 1871/2542/1379 
f 1811/2482/1332 1872/2543/1362 1873/2544/1365 1812/2483/1333 
f 1834/2505/1355 1874/2545/1380 1875/2546/1337 1835/2506/1356 
f 1876/2547/1381 1833/2504/1354 1836/2507/1357 1877/2548/1371 
f 1838/2509/1330 1841/2512/1342 1844/2515/1345 1839/2510/1331 
f 1840/2511/1358 1849/2520/1362 1852/2523/1365 1837/2508/1333 
f 1878/2549/1382 1879/2550/1383 1880/2551/1370 1881/2552/1327 
f 1882/2553/1384 1883/2554/1385 1884/2555/1326 1885/2556/1369 
f 1886/2557/1386 1887/2558/1387 1818/2489/1339 1817/2488/1338 
f 1820/2559/1341 1819/2560/1340 1823/2494/1344 1822/2493/1343 
f 1815/2486/1336 1832/2561/1353 1888/2562/1388 1889/2563/1389 
f 1831/2502/1352 1890/2564/1390 1891/2565/1391 1892/2566/1392 
f 1893/2567/1393 1889/2563/1389 1888/2562/1388 1894/2568/1394 
f 1895/2569/1395 1892/2566/1392 1891/2565/1391 1896/2570/1396 
f 1843/2514/1360 1842/2513/1359 1845/2516/1361 1848/2519/1340 
f 1847/2571/1339 1846/2572/1338 1851/2522/1364 1850/2521/1363 
f 1897/2573/1397 1898/2574/1390 1858/2575/1352 1857/2576/1351 
f 1860/2531/1350 1859/2530/1353 1899/2577/1336 1900/2578/1335 
s 1
f 1873/2544/1365 1872/2543/1362 1887/2558/1387 1886/2557/1386 
f 1901/2579/1398 1863/2534/1371 1890/2564/1390 1902/2580/1397 
f 1876/2547/1381 1877/2548/1371 1898/2574/1390 1897/2573/1397 
f 1900/2578/1335 1899/2577/1336 1875/2546/1337 1874/2545/1380 
s 4
f 1869/2540/1377 1809/2581/1330 1812/2582/1333 1864/2535/1372 
f 1903/2583/1354 1811/2584/1332 1810/2585/1331 1904/2586/1355 
f 1818/2587/1339 1830/2501/1351 1829/2500/1350 1819/2588/1340 
f 1820/2589/1341 1826/2497/1347 1825/2496/1346 1817/2590/1338 
f 1905/2591/1377 1838/2592/1330 1837/2593/1333 1906/2594/1372 
f 1833/2504/1354 1840/2595/1358 1839/2596/1331 1834/2505/1355 
f 1845/2597/1361 1853/2524/1366 1856/2527/1368 1846/2598/1338 
f 1847/2599/1339 1857/2528/1351 1860/2531/1350 1848/2600/1340 
s 2
f 1868/2539/1376 1821/2601/1342 1809/2581/1330 1869/2540/1377 
f 1864/2535/1372 1812/2582/1333 1873/2602/1365 1865/2536/1373 
f 1904/2586/1355 1810/2585/1331 1824/2603/1345 1813/2484/1334 
f 1901/2579/1398 1872/2604/1362 1811/2584/1332 1903/2583/1354 
s 8
f 1907/2605/1376 1841/2606/1342 1838/2592/1330 1905/2591/1377 
f 1906/2594/1372 1837/2593/1333 1852/2607/1365 1908/2608/1373 
s 2
f 1834/2505/1355 1839/2596/1331 1844/2609/1345 1874/2545/1380 
f 1876/2547/1381 1849/2610/1362 1840/2595/1358 1833/2504/1354 
f 1887/2611/1387 1902/2580/1397 1830/2501/1351 1818/2587/1339 
s 8
f 1817/2590/1338 1825/2496/1346 1909/2612/1399 1886/2613/1386 
s 2
f 1819/2614/1340 1829/2615/1350 1814/2485/1335 1823/2616/1344 
s 8
f 1822/2617/1343 1910/2618/1400 1826/2619/1347 1820/2620/1341 
f 1846/2621/1338 1856/2622/1368 1911/2623/1399 1851/2624/1364 
s 2
f 1850/2625/1363 1897/2573/1397 1857/2576/1351 1847/2626/1339 
f 1848/2600/1340 1860/2531/1350 1900/2578/1335 1843/2627/1360 
s 8
f 1842/2628/1359 1912/2629/1400 1853/2524/1366 1845/2597/1361 
s 1
f 1865/2536/1373 1873/2602/1365 1886/2613/1386 1909/2612/1399 
f 1821/2601/1342 1868/2539/1376 1910/2618/1400 1822/2617/1343 
f 1841/2606/1342 1907/2605/1376 1912/2629/1400 1842/2628/1359 
f 1851/2624/1364 1911/2623/1399 1908/2608/1373 1852/2607/1365 
f 1813/2484/1334 1824/2603/1345 1823/2616/1344 1814/2485/1335 
f 1872/2604/1362 1901/2579/1398 1902/2580/1397 1887/2611/1387 
f 1849/2610/1362 1876/2547/1381 1897/2573/1397 1850/2625/1363 
f 1843/2627/1360 1900/2578/1335 1874/2545/1380 1844/2609/1345 
s 2
f 1906/2594/1372 1908/2608/1373 1913/2630/1374 1914/2631/1375 
f 1909/2612/1399 1825/2496/1346 1828/2499/1349 1915/2632/1401 
f 1826/2619/1347 1910/2618/1400 1916/2633/1402 1827/2634/1348 
s 1
f 1910/2618/1400 1868/2539/1376 1871/2542/1379 1916/2633/1402 
f 1917/2635/1403 1918/2636/1404 1919/2637/1405 1920/2638/1406 
f 1921/2639/1407 1922/2640/1408 1923/2641/1409 1924/2642/1410 
f 1925/2643/1411 1926/2644/1412 1927/2645/1413 1928/2646/1414 
f 1929/2647/1415 1930/2648/1416 1931/2649/1417 1932/2650/1418 
f 1933/2651/1419 1934/2652/1420 1935/2653/1421 1936/2654/1422 
f 1937/2655/1423 1938/2656/1424 1939/2657/1425 1940/2658/1426 
f 1941/2659/1427 1942/2660/1404 1943/2661/1403 1944/2662/1428 
f 1945/2663/1408 1946/2664/1429 1947/2665/1410 1948/2666/1407 
f 1949/2667/1419 1950/2668/1420 1951/2669/1430 1952/2670/1422 
f 1953/2671/1416 1954/2672/1431 1955/2673/1418 1956/2674/1432 
f 1957/2675/1433 1958/2676/1434 1959/2677/1435 1960/2678/1436 
f 1961/2679/1426 1962/2680/1423 1963/2681/1424 1964/2682/1425 
s 2
f 1926/2644/1412 1917/2635/1403 1920/2638/1406 1965/2683/1437 
f 1918/2636/1404 1966/2684/1438 1967/2685/1439 1919/2637/1405 
f 1921/2639/1407 1924/2642/1410 1934/2652/1420 1933/2651/1419 
f 1923/2641/1409 1922/2640/1408 1968/2686/1434 1969/2687/1433 
f 1944/2662/1428 1943/2661/1403 1970/2688/1412 1971/2689/1411 
f 1972/2690/1440 1973/2691/1438 1942/2660/1404 1941/2659/1427 
f 1948/2666/1407 1947/2665/1410 1950/2668/1420 1949/2667/1419 
f 1946/2664/1429 1945/2663/1408 1958/2676/1434 1957/2675/1433 
f 1878/2549/1382 1974/2692/1405 1975/2693/1439 1879/2550/1383 
f 1882/2553/1384 1976/2694/1437 1977/2695/1406 1883/2554/1385 
f 1978/2696/1435 1929/2647/1415 1932/2650/1418 1979/2697/1436 
f 1930/2698/1416 1936/2654/1422 1935/2653/1421 1931/2699/1417 
f 1980/2700/1441 1981/2701/1442 1938/2702/1424 1927/2645/1413 
f 1982/2703/1443 1983/2704/1444 1984/2705/1445 1939/2657/1425 
f 1893/2567/1393 1894/2568/1394 1981/2701/1442 1980/2700/1441 
f 1895/2569/1395 1896/2570/1396 1983/2704/1444 1982/2703/1443 
f 1951/2669/1430 1954/2672/1431 1953/2671/1416 1952/2670/1422 
f 1955/2706/1418 1960/2678/1436 1959/2677/1435 1956/2707/1432 
f 1985/2708/1402 1854/2525/1348 1853/2524/1366 1912/2629/1400 
s 8
f 1855/2709/1367 1986/2710/1401 1911/2623/1399 1856/2622/1368 
s 2
f 1987/2711/1446 1961/2712/1426 1964/2713/1425 1988/2714/1445 
f 1962/2680/1423 1989/2715/1414 1990/2716/1413 1963/2681/1424 
s 1
f 1968/2686/1434 1978/2696/1435 1979/2697/1436 1969/2687/1433 
f 1991/2717/1440 1992/2718/1446 1984/2705/1445 1966/2684/1438 
f 1972/2690/1440 1987/2711/1446 1988/2714/1445 1973/2691/1438 
f 1989/2715/1414 1971/2689/1411 1970/2688/1412 1990/2716/1413 
s 4
f 1870/2541/1378 1867/2538/1375 1922/2719/1408 1921/2720/1407 
f 1993/2721/1427 1994/2722/1447 1924/2723/1410 1923/2724/1409 
f 1932/2725/1418 1931/2726/1417 1937/2655/1423 1940/2658/1426 
f 1930/2727/1416 1929/2728/1415 1828/2499/1349 1827/2498/1348 
f 1995/2729/1378 1914/2631/1375 1945/2730/1408 1948/2731/1407 
f 1941/2659/1427 1944/2662/1428 1947/2732/1410 1946/2733/1429 
f 1953/2734/1416 1956/2735/1432 1855/2526/1367 1854/2525/1348 
f 1955/2736/1418 1954/2737/1431 1962/2680/1423 1961/2679/1426 
s 2
f 1871/2542/1379 1870/2541/1378 1921/2720/1407 1933/2738/1419 
s 8
f 1867/2538/1375 1866/2537/1374 1968/2739/1434 1922/2719/1408 
s 2
f 1994/2722/1447 1925/2643/1411 1934/2740/1420 1924/2723/1410 
f 1991/2717/1440 1993/2721/1427 1923/2724/1409 1969/2741/1433 
s 8
f 1996/2742/1379 1995/2729/1378 1948/2731/1407 1949/2743/1419 
f 1914/2631/1375 1913/2630/1374 1958/2744/1434 1945/2730/1408 
s 2
f 1944/2662/1428 1971/2689/1411 1950/2745/1420 1947/2732/1410 
f 1972/2690/1440 1941/2659/1427 1946/2733/1429 1957/2746/1433 
f 1979/2747/1436 1932/2725/1418 1940/2658/1426 1992/2718/1446 
s 8
f 1929/2728/1415 1978/2748/1435 1915/2632/1401 1828/2499/1349 
s 2
f 1931/2749/1417 1935/2750/1421 1928/2646/1414 1937/2751/1423 
s 8
f 1936/2752/1422 1930/2753/1416 1827/2634/1348 1916/2633/1402 
f 1956/2754/1432 1959/2755/1435 1986/2710/1401 1855/2709/1367 
s 2
f 1960/2756/1436 1955/2757/1418 1961/2712/1426 1987/2711/1446 
f 1954/2737/1431 1951/2758/1430 1989/2715/1414 1962/2680/1423 
s 8
f 1952/2759/1422 1953/2734/1416 1854/2525/1348 1985/2708/1402 
s 1
f 1866/2537/1374 1915/2632/1401 1978/2748/1435 1968/2739/1434 
f 1933/2738/1419 1936/2752/1422 1916/2633/1402 1871/2542/1379 
f 1949/2743/1419 1952/2759/1422 1985/2708/1402 1996/2742/1379 
f 1959/2755/1435 1958/2744/1434 1913/2630/1374 1986/2710/1401 
f 1925/2643/1411 1928/2646/1414 1935/2750/1421 1934/2740/1420 
f 1969/2741/1433 1979/2747/1436 1992/2718/1446 1991/2717/1440 
f 1957/2746/1433 1960/2756/1436 1987/2711/1446 1972/2690/1440 
f 1951/2758/1430 1950/2745/1420 1971/2689/1411 1989/2715/1414 
f 1869/2540/1377 1864/2535/1372 1867/2538/1375 1870/2541/1378 
f 1905/2591/1377 1906/2594/1372 1914/2631/1375 1995/2729/1378 
f 1912/2629/1400 1907/2605/1376 1996/2742/1379 1985/2708/1402 
f 1908/2608/1373 1911/2623/1399 1986/2710/1401 1913/2630/1374 
s 2
f 1907/2605/1376 1905/2591/1377 1995/2729/1378 1996/2742/1379 
s 1
f 1865/2536/1373 1909/2612/1399 1915/2632/1401 1866/2537/1374 
f 1889/2563/1389 1893/2567/1393 1997/2760/1384 1861/2532/1369 
f 1892/2566/1392 1895/2569/1395 1894/2761/1394 1888/2762/1388 
f 1862/2533/1370 1998/2763/1383 1896/2570/1396 1891/2565/1391 
f 1805/2476/1326 1999/2764/1385 2000/2765/1382 1806/2477/1327 
f 1880/2551/1370 1879/2550/1383 2001/2766/1448 2002/2767/1391 
f 2003/2768/1392 2004/2769/1395 2005/2770/1394 2006/2771/1388 
f 2007/2772/1389 2008/2773/1449 1882/2553/1384 1885/2556/1369 
f 1884/2555/1326 1883/2554/1385 1878/2549/1382 1881/2552/1327 
s 2
f 1861/2532/1369 1997/2760/1384 1999/2764/1385 1805/2476/1326 
f 1806/2477/1327 2000/2765/1382 1998/2763/1383 1862/2533/1370 
f 2002/2767/1391 2001/2766/1448 2004/2774/1395 2003/2775/1392 
f 2006/2771/1388 2005/2770/1394 2008/2773/1449 2007/2772/1389 
s 1
f 1965/2683/1437 1997/2760/1384 1893/2567/1393 1980/2700/1441 
f 1981/2776/1442 1894/2761/1394 1895/2569/1395 1982/2703/1443 
f 1983/2704/1444 1896/2570/1396 1998/2763/1383 1967/2685/1439 
f 1919/2637/1405 2000/2765/1382 1999/2764/1385 1920/2638/1406 
f 2009/2777/1444 2001/2766/1448 1879/2550/1383 1975/2693/1439 
f 2010/2778/1442 2005/2770/1394 2004/2769/1395 2011/2779/1443 
f 1976/2694/1437 1882/2553/1384 2008/2773/1449 2012/2780/1441 
f 1974/2692/1405 1878/2549/1382 1883/2554/1385 1977/2695/1406 
s 2
f 1920/2638/1406 1999/2764/1385 1997/2760/1384 1965/2683/1437 
f 1967/2685/1439 1998/2763/1383 2000/2765/1382 1919/2637/1405 
f 2011/2781/1443 2004/2774/1395 2001/2766/1448 2009/2777/1444 
f 2012/2780/1441 2008/2773/1449 2005/2770/1394 2010/2778/1442 
s 1
f 1807/2478/1328 1903/2583/1354 1904/2586/1355 1808/2479/1329 
s 2
f 1808/2479/1329 1904/2586/1355 1813/2484/1334 1816/2487/1337 
f 1863/2534/1371 1901/2579/1398 1903/2583/1354 1807/2478/1328 
f 1815/2486/1336 1814/2485/1335 1829/2615/1350 1832/2561/1353 
f 1831/2502/1352 1830/2501/1351 1902/2580/1397 1890/2564/1390 
s 1
f 1917/2635/1403 1994/2722/1447 1993/2721/1427 1918/2636/1404 
s 2
f 1926/2644/1412 1925/2643/1411 1994/2722/1447 1917/2635/1403 
f 1918/2636/1404 1993/2721/1427 1991/2717/1440 1966/2684/1438 
f 1938/2702/1424 1937/2751/1423 1928/2646/1414 1927/2645/1413 
f 1984/2705/1445 1992/2718/1446 1940/2658/1426 1939/2657/1425 
s 1
f 1815/2486/1336 1889/2563/1389 1861/2532/1369 1816/2487/1337 
f 1831/2502/1352 1892/2566/1392 1888/2762/1388 1832/2503/1353 
f 1835/2506/1356 1884/2555/1326 1881/2552/1327 1836/2507/1357 
f 1858/2529/1352 2003/2768/1392 2006/2771/1388 1859/2530/1353 
s 2
f 1875/2546/1337 1885/2556/1369 1884/2555/1326 1835/2506/1356 
f 1836/2507/1357 1881/2552/1327 1880/2551/1370 1877/2548/1371 
f 1898/2574/1390 2002/2767/1391 2003/2775/1392 1858/2575/1352 
f 1859/2530/1353 2006/2771/1388 2007/2772/1389 1899/2577/1336 
s 1
f 1863/2534/1371 1862/2533/1370 1891/2565/1391 1890/2564/1390 
f 1877/2548/1371 1880/2551/1370 2002/2767/1391 1898/2574/1390 
f 1899/2577/1336 2007/2772/1389 1885/2556/1369 1875/2546/1337 
f 1926/2644/1412 1965/2683/1437 1980/2700/1441 1927/2645/1413 
f 1938/2656/1424 1981/2776/1442 1982/2703/1443 1939/2657/1425 
f 1942/2660/1404 1974/2692/1405 1977/2695/1406 1943/2661/1403 
f 1963/2681/1424 2010/2778/1442 2011/2779/1443 1964/2682/1425 
s 2
f 1943/2661/1403 1977/2695/1406 1976/2694/1437 1970/2688/1412 
f 1973/2691/1438 1975/2693/1439 1974/2692/1405 1942/2660/1404 
f 1964/2713/1425 2011/2781/1443 2009/2777/1444 1988/2714/1445 
f 1990/2716/1413 2012/2780/1441 2010/2778/1442 1963/2681/1424 
s 1
f 1984/2705/1445 1983/2704/1444 1967/2685/1439 1966/2684/1438 
f 1988/2714/1445 2009/2777/1444 1975/2693/1439 1973/2691/1438 
f 1970/2688/1412 1976/2694/1437 2012/2780/1441 1990/2716/1413 
f 2013/2782/1450 2014/2783/1451 2015/2784/1452 2016/2785/1453 
f 2017/2786/1454 2018/2787/1455 2019/2788/1456 2020/2789/1457 
f 2021/2790/1458 2022/2791/1459 2023/2792/1460 2024/2793/1461 
f 2025/2794/1462 2026/2795/1463 2027/2796/1464 2028/2797/1465 
f 2029/2798/1466 2030/2799/1467 2031/2800/1468 2032/2801/1469 
f 2033/2802/1470 2034/2803/1471 2035/2804/1472 2036/2805/1473 
f 2037/2806/1474 2038/2807/1475 2039/2808/1476 2040/2809/1477 
f 2041/2810/1478 2042/2811/1479 2043/2812/1480 2044/2813/1481 
f 2045/2814/1482 2046/2815/1483 2047/2816/1484 2048/2817/1485 
f 2049/2818/1486 2050/2819/1487 2051/2820/1488 2052/2821/1489 
f 2053/2822/1490 2054/2823/1491 2055/2824/1492 2056/2825/1493 
f 2057/2826/1494 2058/2827/1495 2059/2828/1496 2060/2829/1497 
f 2061/2830/1498 2062/2831/1499 2063/2832/1500 2064/2833/1501 
f 2065/2834/1502 2066/2835/1503 2067/2836/1504 2068/2837/1505 
f 2069/2838/1506 2070/2839/1507 2071/2840/1508 2072/2841/1509 
f 2073/2842/1510 2074/2843/1511 2075/2844/1512 2076/2845/1513 
s 2
f 2029/2798/1466 2026/2795/1463 2025/2794/1462 2030/2799/1467 
f 2033/2802/1470 2022/2791/1459 2021/2790/1458 2034/2803/1471 
f 2037/2806/1474 2018/2787/1455 2017/2786/1454 2038/2807/1475 
f 2041/2810/1478 2014/2783/1451 2013/2782/1450 2042/2811/1479 
f 2045/2814/1482 2016/2785/1453 2015/2784/1452 2046/2815/1483 
f 2049/2818/1486 2020/2789/1457 2019/2788/1456 2050/2819/1487 
f 2053/2822/1490 2024/2793/1461 2023/2792/1460 2054/2823/1491 
f 2057/2826/1494 2028/2797/1465 2027/2796/1464 2058/2827/1495 
f 2031/2846/1468 2062/2831/1499 2061/2830/1498 2032/2847/1469 
f 2035/2848/1472 2066/2835/1503 2065/2834/1502 2036/2849/1473 
f 2039/2850/1476 2070/2839/1507 2069/2838/1506 2040/2851/1477 
f 2043/2852/1480 2074/2843/1511 2073/2842/1510 2044/2853/1481 
f 2047/2816/1484 2076/2845/1513 2075/2844/1512 2048/2817/1485 
f 2051/2820/1488 2072/2841/1509 2071/2840/1508 2052/2821/1489 
f 2055/2824/1492 2068/2837/1505 2067/2836/1504 2056/2825/1493 
f 2059/2828/1496 2064/2833/1501 2063/2832/1500 2060/2829/1497 
s 4
f 2014/2783/1451 2017/2854/1454 2020/2855/1457 2015/2784/1452 
f 2016/2785/1453 2027/2856/1464 2026/2857/1463 2013/2782/1450 
f 2018/2858/1455 2021/2790/1458 2024/2793/1461 2019/2859/1456 
f 2022/2791/1459 2025/2860/1462 2028/2861/1465 2023/2792/1460 
s 1
f 2042/2811/1479 2029/2862/1466 2032/2863/1469 2043/2812/1480 
f 2030/2864/1467 2033/2802/1470 2036/2805/1473 2031/2865/1468 
f 2034/2803/1471 2037/2866/1474 2040/2867/1477 2035/2804/1472 
f 2038/2868/1475 2041/2810/1478 2044/2813/1481 2039/2869/1476 
f 2058/2870/1495 2045/2814/1482 2048/2817/1485 2059/2871/1496 
f 2046/2815/1483 2049/2872/1486 2052/2873/1489 2047/2816/1484 
f 2050/2874/1487 2053/2822/1490 2056/2825/1493 2051/2875/1488 
f 2054/2823/1491 2057/2876/1494 2060/2877/1497 2055/2824/1492 
s 4
f 2074/2843/1511 2061/2878/1498 2064/2879/1501 2075/2844/1512 
f 2062/2880/1499 2065/2834/1502 2068/2837/1505 2063/2881/1500 
f 2066/2835/1503 2069/2882/1506 2072/2883/1509 2067/2836/1504 
f 2070/2884/1507 2073/2842/1510 2076/2845/1513 2071/2885/1508 
s 8
f 2029/2862/1466 2042/2811/1479 2013/2782/1450 2026/2857/1463 
f 2017/2854/1454 2014/2783/1451 2041/2810/1478 2038/2868/1475 
f 2033/2802/1470 2030/2864/1467 2025/2860/1462 2022/2791/1459 
f 2021/2790/1458 2018/2858/1455 2037/2866/1474 2034/2803/1471 
f 2045/2814/1482 2058/2870/1495 2027/2856/1464 2016/2785/1453 
f 2049/2872/1486 2046/2815/1483 2015/2784/1452 2020/2855/1457 
f 2057/2876/1494 2054/2823/1491 2023/2792/1460 2028/2861/1465 
f 2053/2822/1490 2050/2874/1487 2019/2859/1456 2024/2793/1461 
f 2061/2878/1498 2074/2843/1511 2043/2852/1480 2032/2886/1469 
f 2065/2834/1502 2062/2880/1499 2031/2887/1468 2036/2849/1473 
f 2069/2882/1506 2066/2835/1503 2035/2848/1472 2040/2888/1477 
f 2073/2842/1510 2070/2884/1507 2039/2889/1476 2044/2853/1481 
f 2075/2844/1512 2064/2879/1501 2059/2871/1496 2048/2817/1485 
f 2071/2885/1508 2076/2845/1513 2047/2816/1484 2052/2873/1489 
f 2067/2836/1504 2072/2883/1509 2051/2875/1488 2056/2825/1493 
f 2063/2881/1500 2068/2837/1505 2055/2824/1492 2060/2877/1497 
# 392 polygons

